{
      "invocation_time": 0.7824480533599854,
      "time_download": 0.09483027458190918,
      "time_inference": 0.28420042991638184,
      "predictions": [
            {
                  "prob": 0.696439802646637,
                  "label": "off"
            },
            {
                  "prob": 0.8140199780464172,
                  "label": "off"
            }
      ]
}