{
      "invocation_time": 0.6869456768035889,
      "time_download": 0.05892586708068848,
      "time_inference": 0.22456073760986328,
      "predictions": [
            {
                  "prob": 0.5929556488990784,
                  "label": "off"
            }
      ]
}