{
      "invocation_time": 0.6853923797607422,
      "time_download": 0.06079435348510742,
      "time_inference": 0.212785005569458,
      "predictions": [
            {
                  "prob": 0.5929556488990784,
                  "label": "off"
            }
      ]
}