{
      "invocation_time": 0.6775224208831787,
      "time_download": 0.06346821784973145,
      "time_inference": 0.2138671875,
      "predictions": [
            {
                  "prob": 0.5929556488990784,
                  "label": "off"
            }
      ]
}