{
      "invocation_time": 0.7016258239746094,
      "time_download": 0.07555127143859863,
      "time_inference": 0.22339868545532227,
      "predictions": [
            {
                  "prob": 0.5929556488990784,
                  "label": "off"
            }
      ]
}