{
      "start": [
            1691066241.1272092,
            1691066241.1326127,
            1691066241.1341767,
            1691066241.130845,
            1691066241.1289837,
            1691066241.1349468,
            1691066241.1367393,
            1691066241.1452143,
            1691066241.124485,
            1691066241.1407526
      ],
      "end": [
            1691066260.9356568,
            1691066260.981624,
            1691066261.007487,
            1691066261.0261526,
            1691066261.0343118,
            1691066261.1167011,
            1691066261.155428,
            1691066261.1643505,
            1691066261.2530906,
            1691066261.6137333
      ]
}