{
      "start": [
            1689684237.0839696,
            1689684236.7794523,
            1689684236.7704942,
            1689684236.9237309,
            1689684236.8058946,
            1689684236.804724,
            1689684236.8425345,
            1689684236.7949786,
            1689684236.8753545,
            1689684236.9544187,
            1689684236.9400132,
            1689684236.9248831,
            1689684236.9983833,
            1689684236.8272069,
            1689684236.850816,
            1689684236.773821,
            1689684236.823615,
            1689684236.9593313,
            1689684237.0862083,
            1689684236.8623118,
            1689684236.9070513,
            1689684236.7804947,
            1689684236.8900692,
            1689684236.856925,
            1689684236.9383962,
            1689684236.77558,
            1689684237.0209646,
            1689684237.060932,
            1689684236.858473,
            1689684236.9287665,
            1689684237.0446696,
            1689684236.8764534,
            1689684236.958117,
            1689684236.9965487,
            1689684237.0440264,
            1689684237.0652897,
            1689684237.0343823,
            1689684237.0029895,
            1689684236.978062,
            1689684236.9613793,
            1689684236.7747867,
            1689684237.0127048,
            1689684236.8604846,
            1689684237.0120103,
            1689684237.088365,
            1689684236.8971384,
            1689684237.014166,
            1689684237.0405407,
            1689684237.0579758,
            1689684236.8249977
      ],
      "end": [
            1689684247.3721607,
            1689684247.417251,
            1689684247.442725,
            1689684247.4434247,
            1689684247.4655476,
            1689684247.4767094,
            1689684247.5153275,
            1689684247.5298975,
            1689684247.5300305,
            1689684247.5502288,
            1689684247.5533752,
            1689684247.5687675,
            1689684247.5837321,
            1689684247.5838873,
            1689684247.599419,
            1689684247.6210792,
            1689684247.62314,
            1689684247.628782,
            1689684247.6321235,
            1689684247.6322412,
            1689684247.6354697,
            1689684247.6368911,
            1689684247.638509,
            1689684247.6512475,
            1689684247.6600773,
            1689684247.6628003,
            1689684247.675661,
            1689684247.7058942,
            1689684247.7164478,
            1689684247.717311,
            1689684247.7550156,
            1689684247.7584112,
            1689684247.7679768,
            1689684247.76931,
            1689684247.7871606,
            1689684247.8058684,
            1689684247.8150704,
            1689684247.8170333,
            1689684247.8227777,
            1689684247.8234992,
            1689684247.8260407,
            1689684247.8342316,
            1689684247.8565407,
            1689684247.8673732,
            1689684247.870469,
            1689684247.8889275,
            1689684248.0296013,
            1689684248.0338688,
            1689684248.1672468,
            1689684248.219196
      ]
}