{
      "start": [
            1689683901.5916028,
            1689683901.3889225,
            1689683901.3831682,
            1689683901.3814776,
            1689683901.3919973,
            1689683901.3823736,
            1689683901.4803646,
            1689683901.433086,
            1689683901.3880744,
            1689683901.4465156,
            1689683901.543866,
            1689683901.3783805,
            1689683901.4340804,
            1689683901.6663256,
            1689683901.571772,
            1689683901.5889912,
            1689683901.5577834,
            1689683901.4831986,
            1689683901.5260096,
            1689683901.53339,
            1689683901.504443,
            1689683901.478263,
            1689683901.5791655,
            1689683901.4847229,
            1689683901.6495926,
            1689683901.647324,
            1689683901.4214544,
            1689683901.6928196,
            1689683901.4823616,
            1689683901.6448567,
            1689683901.472171,
            1689683901.46026,
            1689683901.4930477,
            1689683901.594597,
            1689683901.6234071,
            1689683901.4375005,
            1689683901.6955771,
            1689683901.604256,
            1689683901.6246622,
            1689683901.5566106,
            1689683901.6745207,
            1689683901.6257868,
            1689683901.6406612,
            1689683901.615172,
            1689683901.5314586,
            1689683901.6582162,
            1689683901.5225306,
            1689683901.3870246,
            1689683901.4125164,
            1689683901.5658205
      ],
      "end": [
            1689683911.8457594,
            1689683912.0203898,
            1689683912.070546,
            1689683912.085454,
            1689683912.1040618,
            1689683912.1343937,
            1689683912.158984,
            1689683912.176154,
            1689683912.210906,
            1689683912.2180884,
            1689683912.228768,
            1689683912.2343602,
            1689683912.2376742,
            1689683912.2395585,
            1689683912.2457373,
            1689683912.2654493,
            1689683912.277882,
            1689683912.2864156,
            1689683912.2871778,
            1689683912.2963371,
            1689683912.2965028,
            1689683912.2998502,
            1689683912.3288355,
            1689683912.3365886,
            1689683912.3397048,
            1689683912.3422837,
            1689683912.3435705,
            1689683912.3512852,
            1689683912.359901,
            1689683912.3613317,
            1689683912.3621268,
            1689683912.3670173,
            1689683912.367752,
            1689683912.385203,
            1689683912.3897398,
            1689683912.3952277,
            1689683912.4198198,
            1689683912.4692712,
            1689683912.475108,
            1689683912.4901626,
            1689683912.4919991,
            1689683912.5243134,
            1689683912.549592,
            1689683912.6040246,
            1689683912.63009,
            1689683912.6336591,
            1689683912.6644099,
            1689683912.8071542,
            1689683912.9335346,
            1689683913.5275352
      ]
}