{
      "start": [
            1689684623.3710983,
            1689684623.367972,
            1689684623.4172833,
            1689684623.3661227,
            1689684623.460067,
            1689684623.5281034,
            1689684623.4520633,
            1689684623.5100944,
            1689684623.3866227,
            1689684623.3952281,
            1689684623.421243,
            1689684623.5461497,
            1689684623.6139631,
            1689684623.6009843,
            1689684623.3732028,
            1689684623.474306,
            1689684623.5492828,
            1689684623.542042,
            1689684623.637715,
            1689684623.5987954,
            1689684623.4086113,
            1689684623.4412825,
            1689684623.552889,
            1689684623.6542308,
            1689684623.6302314,
            1689684623.5702424,
            1689684623.420139,
            1689684623.470368,
            1689684623.6901352,
            1689684623.5918412,
            1689684623.4886987,
            1689684623.4749467,
            1689684623.504856,
            1689684623.558333,
            1689684623.6589332,
            1689684623.6218002,
            1689684623.5605445,
            1689684623.6454406,
            1689684623.3828404,
            1689684623.672173,
            1689684623.4379084,
            1689684623.468859,
            1689684623.5157485,
            1689684623.47662,
            1689684623.585909,
            1689684623.662963,
            1689684623.5185814,
            1689684623.610229,
            1689684623.6508734,
            1689684623.6635451
      ],
      "end": [
            1689684633.9657185,
            1689684634.0192142,
            1689684634.0262997,
            1689684634.0506601,
            1689684634.101318,
            1689684634.1055825,
            1689684634.1225688,
            1689684634.123315,
            1689684634.1320066,
            1689684634.152745,
            1689684634.161989,
            1689684634.168176,
            1689684634.1813147,
            1689684634.1946821,
            1689684634.1983213,
            1689684634.2200484,
            1689684634.2273438,
            1689684634.231621,
            1689684634.2350845,
            1689684634.23784,
            1689684634.243752,
            1689684634.2518404,
            1689684634.2567163,
            1689684634.27087,
            1689684634.2747962,
            1689684634.2779303,
            1689684634.2829816,
            1689684634.3056414,
            1689684634.3238053,
            1689684634.3267512,
            1689684634.3410895,
            1689684634.3463106,
            1689684634.350642,
            1689684634.3663747,
            1689684634.3833323,
            1689684634.39471,
            1689684634.4116182,
            1689684634.423383,
            1689684634.4276893,
            1689684634.4305208,
            1689684634.436273,
            1689684634.4390867,
            1689684634.4538915,
            1689684634.4540482,
            1689684634.4688041,
            1689684634.4740987,
            1689684634.4776492,
            1689684634.5294914,
            1689684634.558817,
            1689684634.7142181
      ]
}