{
      "start": [
            1689685073.8207154,
            1689685073.8347268,
            1689685073.9636586,
            1689685073.8225226,
            1689685073.8496037,
            1689685073.8279293,
            1689685073.914117,
            1689685073.8693802,
            1689685073.93261,
            1689685073.838805,
            1689685074.064208,
            1689685073.894624,
            1689685073.857297,
            1689685073.9513695,
            1689685073.9317355,
            1689685073.8173218,
            1689685073.9880476,
            1689685073.9593952,
            1689685074.0284276,
            1689685073.9263203,
            1689685074.0873244,
            1689685073.9932039,
            1689685074.0896091,
            1689685073.8314607,
            1689685073.9961374,
            1689685073.833232,
            1689685074.10771,
            1689685074.014538,
            1689685073.8362446,
            1689685074.0531266,
            1689685074.14141,
            1689685074.0060234,
            1689685074.0355568,
            1689685073.8216848,
            1689685073.9279618,
            1689685074.0157228,
            1689685074.083706,
            1689685074.1364503,
            1689685073.9772627,
            1689685073.995189,
            1689685074.104527,
            1689685074.0366774,
            1689685073.9544861,
            1689685074.1462631,
            1689685074.122294,
            1689685074.1135654,
            1689685074.0721748,
            1689685073.881976,
            1689685074.1303098,
            1689685074.077084
      ],
      "end": [
            1689685084.1254075,
            1689685084.4405959,
            1689685084.5042682,
            1689685084.5108461,
            1689685084.5345535,
            1689685084.5437045,
            1689685084.57259,
            1689685084.5855117,
            1689685084.588546,
            1689685084.5921178,
            1689685084.5984957,
            1689685084.6082757,
            1689685084.6210933,
            1689685084.6262531,
            1689685084.6277115,
            1689685084.6283987,
            1689685084.6479332,
            1689685084.6490726,
            1689685084.6497521,
            1689685084.6517217,
            1689685084.6518807,
            1689685084.67015,
            1689685084.737356,
            1689685084.7386672,
            1689685084.739299,
            1689685084.7471263,
            1689685084.7492616,
            1689685084.7518404,
            1689685084.7631202,
            1689685084.766682,
            1689685084.773949,
            1689685084.783106,
            1689685084.799428,
            1689685084.804865,
            1689685084.8205945,
            1689685084.8245807,
            1689685084.8504095,
            1689685084.852656,
            1689685084.8589165,
            1689685084.866452,
            1689685084.867525,
            1689685084.8990319,
            1689685084.9197674,
            1689685084.9616747,
            1689685084.9722023,
            1689685084.9910386,
            1689685085.000914,
            1689685085.031782,
            1689685085.223864,
            1689685085.2558997
      ]
}