{
      "start": [
            1689685147.9918215,
            1689685148.065547,
            1689685147.841794,
            1689685147.858117,
            1689685147.8320694,
            1689685147.780795,
            1689685147.8441439,
            1689685147.9722612,
            1689685147.9593897,
            1689685147.7920063,
            1689685147.8017864,
            1689685147.7883818,
            1689685147.8844254,
            1689685148.0336819,
            1689685147.901642,
            1689685147.8380759,
            1689685147.836203,
            1689685147.9041781,
            1689685147.8425229,
            1689685147.9135036,
            1689685147.973624,
            1689685147.786407,
            1689685147.9172158,
            1689685147.7854617,
            1689685147.956042,
            1689685148.0887027,
            1689685147.8768406,
            1689685148.0216484,
            1689685147.9357297,
            1689685147.943951,
            1689685147.9296436,
            1689685147.9985943,
            1689685147.9837282,
            1689685148.0803294,
            1689685147.7844079,
            1689685148.093426,
            1689685147.9378366,
            1689685148.0250683,
            1689685147.88993,
            1689685147.997203,
            1689685148.0958636,
            1689685148.1239815,
            1689685148.0137904,
            1689685148.0424058,
            1689685148.0196142,
            1689685148.1043935,
            1689685148.0266273,
            1689685148.127607,
            1689685147.8090837,
            1689685148.0617447
      ],
      "end": [
            1689685158.2653008,
            1689685158.2930176,
            1689685158.6326325,
            1689685158.6385665,
            1689685158.6562264,
            1689685158.666613,
            1689685158.68518,
            1689685158.6859603,
            1689685158.6923869,
            1689685158.694099,
            1689685158.7024724,
            1689685158.7040021,
            1689685158.7061377,
            1689685158.7068002,
            1689685158.7083406,
            1689685158.7124336,
            1689685158.7166142,
            1689685158.7184987,
            1689685158.7229524,
            1689685158.7283823,
            1689685158.728509,
            1689685158.7414465,
            1689685158.7440329,
            1689685158.7509153,
            1689685158.7624521,
            1689685158.777405,
            1689685158.7855992,
            1689685158.789558,
            1689685158.810768,
            1689685158.8173625,
            1689685158.8285809,
            1689685158.8363383,
            1689685158.8461368,
            1689685158.8514102,
            1689685158.8552,
            1689685158.8587568,
            1689685158.8646846,
            1689685158.8666015,
            1689685158.871414,
            1689685158.8768766,
            1689685158.8922775,
            1689685158.9156432,
            1689685158.9195561,
            1689685158.9426095,
            1689685158.9434032,
            1689685158.9721704,
            1689685158.993013,
            1689685159.0372036,
            1689685159.064926,
            1689685159.084131
      ]
}