{
      "start": [
            1689685412.779051,
            1689685412.8152494,
            1689685412.771487,
            1689685412.7734601,
            1689685412.9836347,
            1689685412.803633,
            1689685412.8396668,
            1689685412.9175675,
            1689685412.8798583,
            1689685412.9137025,
            1689685412.9052722,
            1689685412.9994128,
            1689685412.7745461,
            1689685412.9371893,
            1689685412.9550638,
            1689685412.8447957,
            1689685412.8254752,
            1689685413.0596116,
            1689685412.841399,
            1689685412.87197,
            1689685412.8836925,
            1689685413.068197,
            1689685412.8470206,
            1689685412.7865965,
            1689685413.0016634,
            1689685412.9187725,
            1689685412.9208126,
            1689685412.896621,
            1689685413.038518,
            1689685412.972741,
            1689685413.1072447,
            1689685413.0610766,
            1689685412.831221,
            1689685413.0161228,
            1689685412.9237185,
            1689685413.1036704,
            1689685413.0173848,
            1689685412.994699,
            1689685413.0766685,
            1689685413.0466256,
            1689685412.9692237,
            1689685413.0198734,
            1689685412.8060355,
            1689685413.0671024,
            1689685413.035187,
            1689685412.8541515,
            1689685413.0691133,
            1689685413.121083,
            1689685413.1122136,
            1689685412.8956146
      ],
      "end": [
            1689685423.4926772,
            1689685423.526912,
            1689685423.5991125,
            1689685423.652122,
            1689685423.6895063,
            1689685423.6918964,
            1689685423.7112772,
            1689685423.7127616,
            1689685423.727689,
            1689685423.7294283,
            1689685423.7313387,
            1689685423.7348018,
            1689685423.7445154,
            1689685423.750396,
            1689685423.7511787,
            1689685423.7518985,
            1689685423.7526338,
            1689685423.772498,
            1689685423.7877388,
            1689685423.7975764,
            1689685423.7999675,
            1689685423.801365,
            1689685423.803587,
            1689685423.8043015,
            1689685423.814861,
            1689685423.815617,
            1689685423.8242471,
            1689685423.833377,
            1689685423.8453095,
            1689685423.8586025,
            1689685423.8593762,
            1689685423.8834548,
            1689685423.912252,
            1689685423.9154882,
            1689685423.916353,
            1689685423.9222264,
            1689685423.9354804,
            1689685423.9371696,
            1689685423.943998,
            1689685423.944878,
            1689685423.9581978,
            1689685423.9647303,
            1689685423.9896977,
            1689685424.0460756,
            1689685424.0689933,
            1689685424.1673641,
            1689685424.168205,
            1689685424.1891487,
            1689685424.4173117,
            1689685424.5657191
      ]
}