{
      "start": [
            1689685603.5066392,
            1689685603.6800945,
            1689685603.7429154,
            1689685603.4307406,
            1689685603.4273648,
            1689685603.5306063,
            1689685603.4383132,
            1689685603.487531,
            1689685603.4368532,
            1689685603.4658282,
            1689685603.4595644,
            1689685603.4695923,
            1689685603.5005765,
            1689685603.4351628,
            1689685603.54599,
            1689685603.6381314,
            1689685603.6660116,
            1689685603.589107,
            1689685603.5655305,
            1689685603.431999,
            1689685603.6030502,
            1689685603.4963772,
            1689685603.514835,
            1689685603.686586,
            1689685603.6684492,
            1689685603.5772088,
            1689685603.5744975,
            1689685603.5909038,
            1689685603.6562643,
            1689685603.5404031,
            1689685603.7055454,
            1689685603.6946244,
            1689685603.5340111,
            1689685603.6123827,
            1689685603.745793,
            1689685603.6537697,
            1689685603.7662613,
            1689685603.622715,
            1689685603.537041,
            1689685603.7152364,
            1689685603.7303324,
            1689685603.601621,
            1689685603.7137148,
            1689685603.5688794,
            1689685603.7190597,
            1689685603.634209,
            1689685603.771013,
            1689685603.669125,
            1689685603.7277727,
            1689685603.4549286
      ],
      "end": [
            1689685613.870284,
            1689685613.9754074,
            1689685614.0540354,
            1689685614.1146457,
            1689685614.1398509,
            1689685614.1911526,
            1689685614.192043,
            1689685614.2383833,
            1689685614.2458997,
            1689685614.276145,
            1689685614.2873762,
            1689685614.2883146,
            1689685614.3013694,
            1689685614.3185122,
            1689685614.3221798,
            1689685614.3234434,
            1689685614.3394682,
            1689685614.3403678,
            1689685614.342335,
            1689685614.3654866,
            1689685614.3681698,
            1689685614.3710794,
            1689685614.3765454,
            1689685614.3885279,
            1689685614.3909352,
            1689685614.391733,
            1689685614.3971958,
            1689685614.4038613,
            1689685614.4217548,
            1689685614.4294364,
            1689685614.4319773,
            1689685614.4472437,
            1689685614.448287,
            1689685614.4506416,
            1689685614.4508202,
            1689685614.4515848,
            1689685614.4654002,
            1689685614.4669309,
            1689685614.479034,
            1689685614.488532,
            1689685614.4950564,
            1689685614.5002527,
            1689685614.5112238,
            1689685614.568693,
            1689685614.5695727,
            1689685614.5960968,
            1689685614.649999,
            1689685614.666921,
            1689685614.6998296,
            1689685614.7384942
      ]
}