{
      "start": [
            1689685640.4231017,
            1689685640.3656428,
            1689685640.6538208,
            1689685640.4391603,
            1689685640.52928,
            1689685640.6238163,
            1689685640.4899938,
            1689685640.3937402,
            1689685640.4907682,
            1689685640.4607775,
            1689685640.4985483,
            1689685640.5390415,
            1689685640.3622966,
            1689685640.375047,
            1689685640.4270697,
            1689685640.6015646,
            1689685640.4640112,
            1689685640.368069,
            1689685640.5782151,
            1689685640.37293,
            1689685640.686228,
            1689685640.621071,
            1689685640.5464292,
            1689685640.399931,
            1689685640.4855804,
            1689685640.6409092,
            1689685640.4551554,
            1689685640.5183425,
            1689685640.725097,
            1689685640.6581824,
            1689685640.7264104,
            1689685640.6261036,
            1689685640.5640066,
            1689685640.6501212,
            1689685640.7017252,
            1689685640.7161655,
            1689685640.5471678,
            1689685640.6904159,
            1689685640.4759161,
            1689685640.6655624,
            1689685640.4917634,
            1689685640.6084588,
            1689685640.7240138,
            1689685640.4319627,
            1689685640.5735652,
            1689685640.3707097,
            1689685640.6129556,
            1689685640.6564052,
            1689685640.5677478,
            1689685640.69847
      ],
      "end": [
            1689685651.0748596,
            1689685651.110774,
            1689685651.1138287,
            1689685651.1531851,
            1689685651.154516,
            1689685651.1552002,
            1689685651.1608648,
            1689685651.1660213,
            1689685651.168287,
            1689685651.178407,
            1689685651.1980634,
            1689685651.2024822,
            1689685651.2042053,
            1689685651.2167022,
            1689685651.2264678,
            1689685651.227342,
            1689685651.2661831,
            1689685651.2801259,
            1689685651.292825,
            1689685651.2949045,
            1689685651.297583,
            1689685651.3073754,
            1689685651.3106046,
            1689685651.3132203,
            1689685651.3267176,
            1689685651.3354115,
            1689685651.336941,
            1689685651.3555815,
            1689685651.4086025,
            1689685651.4317386,
            1689685651.4451358,
            1689685651.4583514,
            1689685651.4680388,
            1689685651.4861982,
            1689685651.4899538,
            1689685651.5213594,
            1689685651.5233402,
            1689685651.534859,
            1689685651.5377643,
            1689685651.5871327,
            1689685651.6669593,
            1689685651.6934469,
            1689685651.7027066,
            1689685651.723082,
            1689685651.8187118,
            1689685651.8855934,
            1689685651.9070406,
            1689685651.9242299,
            1689685651.9328275,
            1689685652.0028307
      ]
}