{
      "start": [
            1689685677.920251,
            1689685677.89907,
            1689685677.6794622,
            1689685677.7518756,
            1689685677.6750083,
            1689685677.638354,
            1689685677.729861,
            1689685677.6519413,
            1689685677.714388,
            1689685677.6115327,
            1689685677.6094468,
            1689685677.6693702,
            1689685677.6546884,
            1689685677.700426,
            1689685677.8481526,
            1689685677.6301885,
            1689685677.659531,
            1689685677.7244675,
            1689685677.7789278,
            1689685677.7720268,
            1689685677.812018,
            1689685677.9281797,
            1689685677.7547243,
            1689685677.9181564,
            1689685677.8746285,
            1689685677.8103943,
            1689685677.6155665,
            1689685677.6105404,
            1689685677.7424688,
            1689685677.8085725,
            1689685677.9362853,
            1689685677.7868721,
            1689685677.7499912,
            1689685677.606162,
            1689685677.914722,
            1689685677.7167814,
            1689685677.806018,
            1689685677.7897177,
            1689685677.8660538,
            1689685677.8326573,
            1689685677.835375,
            1689685677.9104524,
            1689685677.6811554,
            1689685677.8438313,
            1689685677.8589044,
            1689685677.8410099,
            1689685677.8865929,
            1689685677.9477363,
            1689685677.8826337,
            1689685677.7688944
      ],
      "end": [
            1689685688.252257,
            1689685688.2961826,
            1689685688.3735547,
            1689685688.442323,
            1689685688.4693925,
            1689685688.474419,
            1689685688.4785304,
            1689685688.4888191,
            1689685688.5015895,
            1689685688.5052383,
            1689685688.5103092,
            1689685688.517003,
            1689685688.5213618,
            1689685688.5298474,
            1689685688.5377629,
            1689685688.5437655,
            1689685688.5539463,
            1689685688.5589843,
            1689685688.5672953,
            1689685688.5886548,
            1689685688.589876,
            1689685688.593698,
            1689685688.5970995,
            1689685688.59835,
            1689685688.6015124,
            1689685688.6040184,
            1689685688.6146448,
            1689685688.6315,
            1689685688.6329625,
            1689685688.65971,
            1689685688.6713414,
            1689685688.6827514,
            1689685688.6986375,
            1689685688.7029245,
            1689685688.7066865,
            1689685688.7087326,
            1689685688.7094553,
            1689685688.7104037,
            1689685688.716448,
            1689685688.7250175,
            1689685688.7383392,
            1689685688.7390268,
            1689685688.739674,
            1689685688.7530208,
            1689685688.7940936,
            1689685688.8226995,
            1689685688.8853586,
            1689685688.9087384,
            1689685688.9230576,
            1689685689.3164983
      ]
}