{
      "start": [
            1689684162.4647527,
            1689684162.4404025,
            1689684162.613295,
            1689684162.598696,
            1689684162.4424934,
            1689684162.5099144,
            1689684162.5246496,
            1689684162.4344144,
            1689684162.7219374,
            1689684162.558984,
            1689684162.488519,
            1689684162.5540955,
            1689684162.5272386,
            1689684162.6464956,
            1689684162.4792893,
            1689684162.6020715,
            1689684162.46171,
            1689684162.4573114,
            1689684162.664646,
            1689684162.5416262,
            1689684162.4381895,
            1689684162.629137,
            1689684162.593093,
            1689684162.607486,
            1689684162.6624005,
            1689684162.5774019,
            1689684162.6743708,
            1689684162.6606667,
            1689684162.6889598,
            1689684162.7581046,
            1689684162.7562392,
            1689684162.7539062,
            1689684162.4588857,
            1689684162.639198,
            1689684162.6960769,
            1689684162.5762377,
            1689684162.5738864,
            1689684162.627982,
            1689684162.486787,
            1689684162.654279,
            1689684162.61155,
            1689684162.7195828,
            1689684162.7156708,
            1689684162.5455387,
            1689684162.7432113,
            1689684162.5198276,
            1689684162.7340736,
            1689684162.7043452,
            1689684162.68691,
            1689684162.658429
      ],
      "end": [
            1689684172.9576652,
            1689684173.2049694,
            1689684173.2073286,
            1689684173.2217567,
            1689684173.2231631,
            1689684173.2241867,
            1689684173.2317643,
            1689684173.2580652,
            1689684173.2612333,
            1689684173.2633023,
            1689684173.2639604,
            1689684173.2669954,
            1689684173.3136845,
            1689684173.320368,
            1689684173.3387494,
            1689684173.3394518,
            1689684173.360346,
            1689684173.381243,
            1689684173.382372,
            1689684173.393702,
            1689684173.3944397,
            1689684173.43787,
            1689684173.4451861,
            1689684173.4493458,
            1689684173.4506462,
            1689684173.4507976,
            1689684173.4549575,
            1689684173.4636421,
            1689684173.4663897,
            1689684173.4665353,
            1689684173.4835122,
            1689684173.4843738,
            1689684173.515431,
            1689684173.5230827,
            1689684173.544427,
            1689684173.5567348,
            1689684173.5615687,
            1689684173.566133,
            1689684173.5973773,
            1689684173.6060383,
            1689684173.6088865,
            1689684173.6108296,
            1689684173.7386112,
            1689684173.7393267,
            1689684173.7444987,
            1689684173.8331273,
            1689684173.8352957,
            1689684173.842616,
            1689684174.064874,
            1689684174.2542021
      ]
}