{
      "start": [
            1691058615.9452107
      ],
      "end": [
            1691058636.7511854
      ]
}