{
      "invocation_time": 15.090517044067383,
      "time_download": 0.10406970977783203,
      "time_inference": 0.4571530818939209,
      "predictions": [
            {
                  "prob": 0.696439802646637,
                  "label": "off"
            },
            {
                  "prob": 0.8140199780464172,
                  "label": "off"
            }
      ]
}