{
      "invocation_time": 14.931093215942383,
      "time_download": 0.1333775520324707,
      "time_inference": 0.4039649963378906,
      "predictions": [
            {
                  "prob": 0.696439802646637,
                  "label": "off"
            },
            {
                  "prob": 0.8140199780464172,
                  "label": "off"
            }
      ]
}