{
      "invocation_time": 15.451203107833862,
      "time_download": 0.08746504783630371,
      "time_inference": 0.4433629512786865,
      "predictions": [
            {
                  "prob": 0.696439802646637,
                  "label": "off"
            },
            {
                  "prob": 0.8140199780464172,
                  "label": "off"
            }
      ]
}