{
      "invocation_times": {
            "start": [
                  1691059304.767381
            ],
            "end": [
                  1691059319.323901
            ]
      },
      "invocation_time": 14.556519985198975,
      "time_model_init": 8.836225271224976,
      "time_download": 0.05707120895385742,
      "time_inference": 0.2639331817626953,
      "predictions": [
            {
                  "prob": 0.6756355166435242,
                  "label": "off"
            }
      ]
}