{
      "invocation_times": {
            "start": [
                  1691059838.7356505
            ],
            "end": [
                  1691059854.064312
            ]
      },
      "invocation_time": 15.328661441802979,
      "time_model_init": 8.90568995475769,
      "time_download": 0.0524754524230957,
      "time_inference": 0.3025648593902588,
      "predictions": [
            {
                  "prob": 0.6756355166435242,
                  "label": "off"
            }
      ]
}