{
      "invocation_times": {
            "start": [
                  1691060003.342778
            ],
            "end": [
                  1691060018.8626328
            ]
      },
      "invocation_time": 15.51985478401184,
      "time_model_init": 8.978319644927979,
      "time_download": 0.07878708839416504,
      "time_inference": 0.3209691047668457,
      "predictions": [
            {
                  "prob": 0.6756355166435242,
                  "label": "off"
            }
      ]
}