{
      "invocation_times": {
            "start": [
                  1691060249.2111356
            ],
            "end": [
                  1691060264.2179925
            ]
      },
      "invocation_time": 15.006856918334961,
      "time_model_init": 8.918534755706787,
      "time_download": 0.05123615264892578,
      "time_inference": 0.2729973793029785,
      "predictions": [
            {
                  "prob": 0.6756355166435242,
                  "label": "off"
            }
      ]
}