{
      "invocation_times": {
            "start": [
                  1691060289.8787773
            ],
            "end": [
                  1691060305.3211923
            ]
      },
      "invocation_time": 15.442414999008179,
      "time_model_init": 8.971017360687256,
      "time_download": 0.05491971969604492,
      "time_inference": 0.29517197608947754,
      "predictions": [
            {
                  "prob": 0.6756355166435242,
                  "label": "off"
            }
      ]
}