{
      "invocation_times": {
            "start": [
                  1691060330.928309
            ],
            "end": [
                  1691060346.418438
            ]
      },
      "invocation_time": 15.490128993988037,
      "time_model_init": 8.920165061950684,
      "time_download": 0.08559179306030273,
      "time_inference": 0.3338778018951416,
      "predictions": [
            {
                  "prob": 0.6756355166435242,
                  "label": "off"
            }
      ]
}