{
      "invocation_times": {
            "start": [
                  1691060453.1678743
            ],
            "end": [
                  1691060468.513266
            ]
      },
      "invocation_time": 15.345391750335693,
      "time_model_init": 8.906553983688354,
      "time_download": 0.06182408332824707,
      "time_inference": 0.3015427589416504,
      "predictions": [
            {
                  "prob": 0.6756355166435242,
                  "label": "off"
            }
      ]
}