dataset,batch_size,durations,time_model_init_mean,time_model_init_std,time_download_mean,time_download_std,time_inference_mean,time_inference_std,total_time,total_std
1x1,1,"[0.36902618408203125, 0.3645331859588623, 0.3560326099395752, 0.35944581031799316, 0.3629188537597656, 0.41233229637145996, 0.3507649898529053, 0.3573129177093506, 0.37075281143188477, 0.35935282707214355, 0.35436344146728516, 0.3715524673461914, 0.3566467761993408, 0.3740391731262207, 0.40567898750305176, 0.36469578742980957, 0.3746311664581299, 0.37023377418518066, 0.35627055168151855, 0.3520350456237793, 0.35904932022094727, 0.3678617477416992, 0.39046382904052734, 0.38503527641296387, 0.38784074783325195, 0.35578083992004395, 0.35936427116394043, 0.35691356658935547, 0.36510205268859863, 0.3485689163208008, 0.35689258575439453, 0.3832881450653076, 0.36981725692749023, 0.3864612579345703, 0.3564896583557129, 0.35048508644104004, 0.37064576148986816, 0.34643030166625977, 0.3729860782623291, 0.35804033279418945, 0.42342519760131836, 0.35097432136535645, 0.3690829277038574, 0.42208218574523926, 0.38301825523376465, 0.3638033866882324, 0.35265207290649414, 0.36283063888549805, 0.3745551109313965, 0.3567638397216797]",8.941150493621826,0.03608253513891089,0.06163486957550049,0.008796186169075524,0.30695162296295164,0.015249149293018455,0.36858649253845216,0.017682613476864926
