{
      "start": [
            1691055869.6591692
      ],
      "end": [
            1691055874.7164152
      ]
}