{
      "start": [
            1693904714.1495285,
            1693904714.13238,
            1693904714.113454,
            1693904714.126276,
            1693904714.1251159
      ],
      "end": [
            1693904714.5622082,
            1693904714.563099,
            1693904714.5718143,
            1693904714.5945566,
            1693904714.5975814
      ],
      "time_model_init": [
            0.37627673149108887,
            0.37603163719177246,
            0.377150297164917,
            0.3216588497161865,
            0.31792473793029785
      ]
}