{
      "start": [
            1693904697.814968,
            1693904697.8224885,
            1693904697.8181517,
            1693904697.8244932,
            1693904697.8192358
      ],
      "end": [
            1693904712.6837263,
            1693904712.8947287,
            1693904713.2681553,
            1693904713.505693,
            1693904713.6907768
      ],
      "time_model_init": [
            8.827137231826782,
            8.927043676376343,
            8.976114749908447,
            8.890657663345337,
            8.939657926559448
      ]
}