{
      "invocation_time": 0.7761721611022949,
      "time_download": 0.10522007942199707,
      "time_inference": 0.2720606327056885,
      "predictions": [
            {
                  "prob": 0.0010608657030388713,
                  "label": "on"
            }
      ]
}