dataset,batch_size,durations,time_model_init_mean,time_model_init_std,time_download_mean,time_download_std,time_inference_mean,time_inference_std,total_time,total_std
1x1,1,"[0.25913357734680176, 0.26468634605407715, 0.2547183036804199, 0.2659885883331299, 0.2655494213104248, 0.2590956687927246, 0.25412988662719727, 0.2640094757080078, 0.2913055419921875, 0.26274847984313965, 0.2612481117248535, 0.2639899253845215, 0.26471853256225586, 0.26977968215942383, 0.2607614994049072, 0.26438283920288086, 0.25972962379455566, 0.3299877643585205, 0.26735901832580566, 0.2609596252441406, 0.2379755973815918, 0.2816624641418457, 0.26178956031799316, 0.3210911750793457, 0.2588064670562744, 0.269390344619751, 0.2662222385406494, 0.2615020275115967, 0.26582860946655273, 0.2892730236053467, 0.2662057876586914, 0.2579994201660156, 0.2763943672180176, 0.26374173164367676, 0.2555992603302002, 0.2711820602416992, 0.2590477466583252, 0.2637779712677002, 0.26043057441711426, 0.25505709648132324, 0.27890849113464355, 0.3338320255279541, 0.27239012718200684, 0.275862455368042, 0.26305127143859863, 0.2588200569152832, 0.2625696659088135, 0.2577245235443115, 0.26029229164123535, 0.2555391788482666]",0.3414178514480591,0.0076378951005142345,0.062187175750732425,0.016648765994561495,0.20593781471252443,0.0046110676991269785,0.26812499046325683,0.017573257027538015
