dataset,batch_size,durations,time_model_init_mean,time_model_init_std,time_download_mean,time_download_std,time_inference_mean,time_inference_std,total_time,total_std
1x1,1,"[0.36456727981567383, 0.36336684226989746, 0.35094189643859863, 0.348341703414917, 0.35009169578552246, 0.3550403118133545, 0.3236267566680908, 0.3407316207885742, 0.4255945682525635, 0.3575856685638428, 0.36880970001220703, 0.31529831886291504, 0.32215142250061035, 0.3751695156097412, 0.41946959495544434, 0.3242335319519043, 0.3738389015197754, 0.3585383892059326, 0.3960750102996826, 0.3672599792480469, 0.3443331718444824, 0.3251168727874756, 0.36223816871643066, 0.3648989200592041, 0.3275485038757324, 0.3434562683105469, 0.3562777042388916, 0.38570213317871094, 0.354630708694458, 0.3639717102050781, 0.34760260581970215, 0.3537585735321045, 0.34686899185180664, 0.3551056385040283, 0.3563973903656006, 0.35825228691101074, 0.3300487995147705, 0.40338826179504395, 0.39975619316101074, 0.3654060363769531, 0.36675071716308594, 0.3505392074584961, 0.45225095748901367, 0.35317039489746094, 0.362032413482666, 0.36271190643310547, 0.32756710052490234, 0.3488790988922119, 0.32100439071655273, 0.340287446975708]",8.925894856452942,0.039908397049653585,0.06104214668273926,0.013537343682154517,0.29757155895233156,0.01885189143207428,0.3586137056350708,0.027019096898647427
