{
      "start": [
            1691066521.1678715,
            1691066521.1857667,
            1691066521.1738105,
            1691066521.1880639,
            1691066521.1657994,
            1691066521.1976876,
            1691066521.189209,
            1691066521.2071543,
            1691066521.1917396,
            1691066521.2079422,
            1691066521.2063859,
            1691066521.2045145,
            1691066521.217353,
            1691066521.2097476,
            1691066521.224617,
            1691066521.21136,
            1691066521.2361882,
            1691066521.2387202,
            1691066521.230139,
            1691066521.2324684,
            1691066521.2496936,
            1691066521.243896,
            1691066521.2412777,
            1691066521.2622597,
            1691066521.2651033,
            1691066521.259305,
            1691066521.2587247,
            1691066521.255219,
            1691066521.2670364,
            1691066521.2659185,
            1691066521.280331,
            1691066521.2775576,
            1691066521.2853005,
            1691066521.276708,
            1691066521.2707577,
            1691066521.308669,
            1691066521.2969792,
            1691066521.2820563,
            1691066521.3041415,
            1691066521.2874074,
            1691066521.288279,
            1691066521.310332,
            1691066521.3050776,
            1691066521.2960427,
            1691066521.3247266,
            1691066521.2904747,
            1691066521.3184433,
            1691066521.32752,
            1691066521.3314683,
            1691066521.3306217
      ],
      "end": [
            1691066526.6153474,
            1691066526.617484,
            1691066526.6196272,
            1691066526.6212823,
            1691066526.6240158,
            1691066526.628069,
            1691066526.631416,
            1691066526.6350157,
            1691066526.6390772,
            1691066526.6476583,
            1691066526.651539,
            1691066526.653955,
            1691066526.6546094,
            1691066526.6552472,
            1691066526.655875,
            1691066526.657417,
            1691066526.6580708,
            1691066526.6591,
            1691066526.664038,
            1691066526.673111,
            1691066526.6737452,
            1691066526.677345,
            1691066526.6788824,
            1691066526.684554,
            1691066526.6897702,
            1691066526.6934595,
            1691066526.695397,
            1691066526.6979568,
            1691066526.7038722,
            1691066526.7039905,
            1691066526.7048848,
            1691066526.7107008,
            1691066526.7168067,
            1691066526.7176454,
            1691066526.7301292,
            1691066526.7310922,
            1691066526.733621,
            1691066526.7371018,
            1691066526.7391431,
            1691066526.739676,
            1691066526.7403011,
            1691066526.7408888,
            1691066526.7430813,
            1691066526.7441413,
            1691066526.7483974,
            1691066526.749557,
            1691066526.7504015,
            1691066526.751327,
            1691066526.7764068,
            1691066526.8242116
      ]
}