{
      "start": [
            1691071510.3736308,
            1691071510.3841858,
            1691071510.4010746,
            1691071510.4507346,
            1691071510.5026467,
            1691071510.4113436,
            1691071510.3767915,
            1691071510.499591,
            1691071510.407232,
            1691071510.5324771,
            1691071510.4218028,
            1691071510.4709396,
            1691071510.4055278,
            1691071510.375831,
            1691071510.5114846,
            1691071510.5359051,
            1691071510.4476037,
            1691071510.4251773,
            1691071510.4734557,
            1691071510.5096366,
            1691071510.4718885,
            1691071510.5158126,
            1691071510.4135883,
            1691071510.3935795,
            1691071510.5378544,
            1691071510.5591767,
            1691071510.4416783,
            1691071510.4645147,
            1691071510.4699547,
            1691071510.3852162,
            1691071510.4672534,
            1691071510.557105,
            1691071510.5622668,
            1691071510.409275,
            1691071510.538997,
            1691071510.5484478,
            1691071510.4496012,
            1691071510.568182,
            1691071510.5294569,
            1691071510.3925343,
            1691071510.475451,
            1691071510.4322035,
            1691071510.4548423,
            1691071510.561132,
            1691071510.4627686,
            1691071510.4240375,
            1691071510.420302,
            1691071510.534663,
            1691071510.51372,
            1691071510.5699773
      ],
      "end": [
            1691071515.9190536,
            1691071515.931433,
            1691071516.0311077,
            1691071516.0351052,
            1691071516.0422323,
            1691071516.0537922,
            1691071516.0624835,
            1691071516.0783265,
            1691071516.1136098,
            1691071516.1229272,
            1691071516.129597,
            1691071516.1401906,
            1691071516.1461027,
            1691071516.1468549,
            1691071516.1495185,
            1691071516.1503708,
            1691071516.152794,
            1691071516.1591017,
            1691071516.1604302,
            1691071516.1624901,
            1691071516.1637223,
            1691071516.16666,
            1691071516.1707706,
            1691071516.1718047,
            1691071516.172536,
            1691071516.173177,
            1691071516.1739893,
            1691071516.17464,
            1691071516.1752703,
            1691071516.1759868,
            1691071516.1773398,
            1691071516.1774664,
            1691071516.178131,
            1691071516.1787965,
            1691071516.1794376,
            1691071516.1800663,
            1691071516.1811793,
            1691071516.181865,
            1691071516.1831577,
            1691071516.1833012,
            1691071516.184555,
            1691071516.1851766,
            1691071516.185326,
            1691071516.1859632,
            1691071516.1871817,
            1691071516.187796,
            1691071516.1879497,
            1691071516.188846,
            1691071516.1918237,
            1691071516.216081
      ]
}