{
      "start": [
            1691071517.4527388,
            1691071517.4893947,
            1691071517.490433,
            1691071517.455263,
            1691071517.4996295,
            1691071517.5138118,
            1691071517.4635727,
            1691071517.4955375,
            1691071517.4623063,
            1691071517.4816191,
            1691071517.5365064,
            1691071517.488298,
            1691071517.47117,
            1691071517.5512722,
            1691071517.5283177,
            1691071517.5314505,
            1691071517.5832355,
            1691071517.4935904,
            1691071517.539039,
            1691071517.6472127,
            1691071517.643656,
            1691071517.534525,
            1691071517.6484792,
            1691071517.48043,
            1691071517.49258,
            1691071517.62491,
            1691071517.6337364,
            1691071517.5999784,
            1691071517.5989318,
            1691071517.6825879,
            1691071517.6124973,
            1691071517.6234114,
            1691071517.6327765,
            1691071517.5884063,
            1691071517.6424582,
            1691071517.6194792,
            1691071517.678282,
            1691071517.699215,
            1691071517.5855324,
            1691071517.6309006,
            1691071517.5485177,
            1691071517.4725442,
            1691071517.6363606,
            1691071517.6078749,
            1691071517.6400878,
            1691071517.6380734,
            1691071517.5779772,
            1691071517.5469081,
            1691071517.6509023,
            1691071517.6270921
      ],
      "end": [
            1691071522.9308002,
            1691071522.9596243,
            1691071522.9843185,
            1691071522.9884348,
            1691071523.0522604,
            1691071523.0629454,
            1691071523.072152,
            1691071523.07296,
            1691071523.1215436,
            1691071523.1243124,
            1691071523.125225,
            1691071523.1261537,
            1691071523.1567025,
            1691071523.1633463,
            1691071523.1745343,
            1691071523.2050977,
            1691071523.2114217,
            1691071523.215371,
            1691071523.2166162,
            1691071523.2199965,
            1691071523.2262576,
            1691071523.2324502,
            1691071523.2337494,
            1691071523.2410967,
            1691071523.278017,
            1691071523.2915914,
            1691071523.2983406,
            1691071523.3011818,
            1691071523.301967,
            1691071523.317182,
            1691071523.3239036,
            1691071523.3274207,
            1691071523.3295782,
            1691071523.3314571,
            1691071523.336987,
            1691071523.338949,
            1691071523.3397102,
            1691071523.3404489,
            1691071523.3411467,
            1691071523.3420131,
            1691071523.344396,
            1691071523.3456423,
            1691071523.345787,
            1691071523.3480022,
            1691071523.348133,
            1691071523.348764,
            1691071523.3502686,
            1691071523.3509207,
            1691071523.351766,
            1691071523.359592
      ]
}