{
      "start": [
            1691071523.9003036,
            1691071523.9096618,
            1691071523.9269574,
            1691071523.9369748,
            1691071523.961895,
            1691071523.941292,
            1691071523.910775,
            1691071523.9555674,
            1691071523.919817,
            1691071523.9027288,
            1691071524.0486333,
            1691071523.9431694,
            1691071524.0612798,
            1691071523.948855,
            1691071524.0399446,
            1691071523.933784,
            1691071523.969225,
            1691071523.9468837,
            1691071523.9641511,
            1691071524.0865333,
            1691071523.9933097,
            1691071524.0126164,
            1691071524.0050666,
            1691071523.974151,
            1691071524.0714295,
            1691071523.9450932,
            1691071524.0739696,
            1691071524.0561948,
            1691071524.0852542,
            1691071524.068026,
            1691071523.9664743,
            1691071523.9702604,
            1691071524.1327348,
            1691071524.0570638,
            1691071523.975961,
            1691071524.1152227,
            1691071524.139751,
            1691071524.076682,
            1691071524.123824,
            1691071524.1057224,
            1691071524.1180034,
            1691071524.093346,
            1691071524.0452945,
            1691071524.0813136,
            1691071524.0421004,
            1691071524.0000844,
            1691071523.9568548,
            1691071524.11878,
            1691071524.1077611,
            1691071524.0961723
      ],
      "end": [
            1691071529.4063418,
            1691071529.407202,
            1691071529.455748,
            1691071529.4622498,
            1691071529.472776,
            1691071529.4740522,
            1691071529.4831564,
            1691071529.4989557,
            1691071529.5029197,
            1691071529.5611935,
            1691071529.5906959,
            1691071529.5916746,
            1691071529.5926628,
            1691071529.5945914,
            1691071529.6024528,
            1691071529.6053202,
            1691071529.6094782,
            1691071529.6109407,
            1691071529.649331,
            1691071529.6576312,
            1691071529.6663122,
            1691071529.6687725,
            1691071529.6697817,
            1691071529.6706264,
            1691071529.6713753,
            1691071529.67347,
            1691071529.679169,
            1691071529.6799672,
            1691071529.6809332,
            1691071529.6849222,
            1691071529.6879427,
            1691071529.68868,
            1691071529.6903553,
            1691071529.6968637,
            1691071529.6989372,
            1691071529.703854,
            1691071529.7086885,
            1691071529.7134817,
            1691071529.7162318,
            1691071529.7170682,
            1691071529.7183518,
            1691071529.718473,
            1691071529.7191195,
            1691071529.7197316,
            1691071529.721705,
            1691071529.7224445,
            1691071529.7237275,
            1691071529.727989,
            1691071529.7336488,
            1691071529.7466817
      ]
}