{
      "start": [
            1691071530.3365135,
            1691071530.3400648,
            1691071530.3463218,
            1691071530.353443,
            1691071530.3605413,
            1691071530.3388708,
            1691071530.3693092,
            1691071530.3928494,
            1691071530.3727143,
            1691071530.416615,
            1691071530.3797333,
            1691071530.4258506,
            1691071530.4185915,
            1691071530.3652246,
            1691071530.415473,
            1691071530.4024978,
            1691071530.437271,
            1691071530.411895,
            1691071530.483139,
            1691071530.3943064,
            1691071530.4491594,
            1691071530.4458318,
            1691071530.4797037,
            1691071530.5867515,
            1691071530.5314672,
            1691071530.5452394,
            1691071530.5681694,
            1691071530.4096177,
            1691071530.5927265,
            1691071530.5810072,
            1691071530.4920473,
            1691071530.6175923,
            1691071530.4610615,
            1691071530.5346437,
            1691071530.4508102,
            1691071530.5516582,
            1691071530.6155367,
            1691071530.5596197,
            1691071530.5741532,
            1691071530.484239,
            1691071530.541174,
            1691071530.539713,
            1691071530.5938003,
            1691071530.614033,
            1691071530.478217,
            1691071530.6111243,
            1691071530.5711129,
            1691071530.589158,
            1691071530.578138,
            1691071530.6032455
      ],
      "end": [
            1691071535.8220718,
            1691071535.822981,
            1691071535.8231525,
            1691071535.8254437,
            1691071535.8429224,
            1691071535.844838,
            1691071535.8474774,
            1691071535.8484855,
            1691071535.926912,
            1691071535.945586,
            1691071535.9464037,
            1691071535.9489212,
            1691071535.9658225,
            1691071535.9713044,
            1691071535.9789479,
            1691071535.9869738,
            1691071536.0177786,
            1691071536.0226865,
            1691071536.0326946,
            1691071536.0730865,
            1691071536.0741005,
            1691071536.0763638,
            1691071536.0803733,
            1691071536.0811033,
            1691071536.090139,
            1691071536.1218302,
            1691071536.1229465,
            1691071536.1381319,
            1691071536.1390252,
            1691071536.1397161,
            1691071536.1404297,
            1691071536.1411004,
            1691071536.141691,
            1691071536.1429071,
            1691071536.143059,
            1691071536.144859,
            1691071536.1536756,
            1691071536.162209,
            1691071536.1673532,
            1691071536.1684487,
            1691071536.1693976,
            1691071536.170878,
            1691071536.1717863,
            1691071536.172909,
            1691071536.1738536,
            1691071536.1758428,
            1691071536.176444,
            1691071536.1877694,
            1691071536.1885712,
            1691071536.1995502
      ]
}