{
      "invocation_time": 0.7879683971405029,
      "time_download": 0.11576414108276367,
      "time_inference": 0.2732541561126709,
      "predictions": [
            {
                  "prob": 0.0010608657030388713,
                  "label": "on"
            },
            {
                  "prob": 0.0010608657030388713,
                  "label": "on"
            }
      ]
}