{
      "invocation_time": 0.8121378421783447,
      "time_download": 0.13970255851745605,
      "time_inference": 0.2677950859069824,
      "predictions": [
            {
                  "prob": 0.0010608657030388713,
                  "label": "on"
            },
            {
                  "prob": 0.0010608657030388713,
                  "label": "on"
            }
      ]
}