{
      "invocation_time": 0.761601448059082,
      "time_download": 0.10744833946228027,
      "time_inference": 0.2548544406890869,
      "predictions": [
            {
                  "prob": 0.0010608657030388713,
                  "label": "on"
            },
            {
                  "prob": 0.0010608657030388713,
                  "label": "on"
            }
      ]
}