{
      "invocation_time": 0.8154857158660889,
      "time_download": 0.1127614974975586,
      "time_inference": 0.2641465663909912,
      "predictions": [
            {
                  "prob": 0.0010608657030388713,
                  "label": "on"
            },
            {
                  "prob": 0.0010608657030388713,
                  "label": "on"
            }
      ]
}