{
      "invocation_time": 0.8590090274810791,
      "time_download": 0.20572590827941895,
      "time_inference": 0.25295090675354004,
      "predictions": [
            {
                  "prob": 0.0010608657030388713,
                  "label": "on"
            },
            {
                  "prob": 0.0010608657030388713,
                  "label": "on"
            }
      ]
}