{
      "invocation_time": 0.7921638488769531,
      "time_download": 0.14371991157531738,
      "time_inference": 0.24953317642211914,
      "predictions": [
            {
                  "prob": 0.0010608657030388713,
                  "label": "on"
            },
            {
                  "prob": 0.0010608657030388713,
                  "label": "on"
            }
      ]
}