{
      "start": [
            1691081970.029676,
            1691081970.038567,
            1691081970.0418618,
            1691081970.0147333,
            1691081970.054401,
            1691081970.0373597,
            1691081970.05794,
            1691081970.0620039,
            1691081970.0968692,
            1691081970.080522,
            1691081970.0772603,
            1691081970.1216323,
            1691081970.1273065,
            1691081970.148463,
            1691081970.1087956,
            1691081970.168842,
            1691081970.281167,
            1691081970.193513,
            1691081970.2326653,
            1691081970.4655414,
            1691081970.2177722,
            1691081970.1839752,
            1691081970.259738,
            1691081970.3083806,
            1691081970.2419448,
            1691081970.277685,
            1691081970.212534,
            1691081970.271148,
            1691081970.3048065,
            1691081970.2894535,
            1691081970.547518,
            1691081970.549952,
            1691081970.560203,
            1691081970.4063365,
            1691081970.3893526,
            1691081970.3388596,
            1691081970.3241627,
            1691081970.4442315,
            1691081970.4611187,
            1691081970.3022184,
            1691081970.4104095,
            1691081970.42782,
            1691081970.4910085,
            1691081970.4695299,
            1691081970.5280573,
            1691081970.3788877,
            1691081970.5525923,
            1691081970.4771156,
            1691081970.5116618,
            1691081970.348465
      ],
      "end": [
            1691081970.4655185,
            1691081970.5334258,
            1691081970.5471327,
            1691081970.5601797,
            1691081970.590003,
            1691081970.590868,
            1691081970.5993218,
            1691081970.6337235,
            1691081970.6520507,
            1691081970.6545289,
            1691081970.6550374,
            1691081970.671436,
            1691081970.707299,
            1691081970.708849,
            1691081970.7203927,
            1691081970.7959416,
            1691081970.818743,
            1691081970.8441958,
            1691081970.845976,
            1691081970.8666363,
            1691081970.8674262,
            1691081970.8692877,
            1691081970.8719168,
            1691081970.8960507,
            1691081970.9079974,
            1691081970.9179215,
            1691081970.92299,
            1691081970.9362373,
            1691081970.9376907,
            1691081970.937862,
            1691081970.945549,
            1691081970.9491117,
            1691081970.9607687,
            1691081970.9717243,
            1691081970.9747963,
            1691081970.9760332,
            1691081971.0151255,
            1691081971.027931,
            1691081971.0327435,
            1691081971.033661,
            1691081971.036853,
            1691081971.0477111,
            1691081971.0495267,
            1691081971.063245,
            1691081971.067022,
            1691081971.0693343,
            1691081971.0706768,
            1691081971.0743017,
            1691081971.0766397,
            1691081971.0797396
      ],
      "time_model_init": [
            0.37528038024902344,
            0.36990809440612793,
            0.37229108810424805,
            0.37845349311828613,
            0.37001681327819824,
            0.37144970893859863,
            0.36724305152893066,
            0.3696479797363281,
            0.36980676651000977,
            0.3771481513977051,
            0.37140417098999023,
            0.3710603713989258,
            0.36857128143310547,
            0.36943817138671875,
            0.3733835220336914,
            0.3741946220397949,
            0.3713974952697754,
            0.3771836757659912,
            0.36507225036621094,
            0.3682429790496826,
            0.36336541175842285,
            0.37490105628967285,
            0.3727128505706787,
            0.3683605194091797,
            0.37880706787109375,
            0.37059545516967773,
            0.3718254566192627,
            0.3703169822692871,
            0.3697540760040283,
            0.3692038059234619,
            0.36377549171447754,
            0.3639554977416992,
            0.39718127250671387,
            0.3690481185913086,
            0.36211204528808594,
            0.36899566650390625,
            0.37045955657958984,
            0.3647301197052002,
            0.3703784942626953,
            0.36679840087890625,
            0.3707270622253418,
            0.3686182498931885,
            0.37357187271118164,
            0.36359095573425293,
            0.3739469051361084,
            0.3716156482696533,
            0.36918210983276367,
            0.3705615997314453,
            0.3727142810821533,
            0.37488532066345215
      ]
}