{
      "start": [
            1691081971.503659,
            1691081971.547932,
            1691081971.5117404,
            1691081971.481548,
            1691081971.5049286,
            1691081971.489465,
            1691081971.4967022,
            1691081971.5063589,
            1691081971.5565898,
            1691081971.5665224,
            1691081971.595111,
            1691081971.6207402,
            1691081971.5842648,
            1691081971.607713,
            1691081971.6528618,
            1691081971.5132718,
            1691081971.72061,
            1691081971.6051874,
            1691081971.702415,
            1691081971.6872659,
            1691081971.673165,
            1691081971.727097,
            1691081971.6239882,
            1691081971.7654881,
            1691081971.7714827,
            1691081971.782666,
            1691081971.5104852,
            1691081971.6771944,
            1691081971.932408,
            1691081971.6393185,
            1691081971.8491235,
            1691081971.8863585,
            1691081971.8985813,
            1691081971.7982488,
            1691081971.9938002,
            1691081972.0208817,
            1691081971.860616,
            1691081972.032621,
            1691081972.016622,
            1691081971.9842637,
            1691081971.965697,
            1691081972.02375,
            1691081971.825019,
            1691081971.9373622,
            1691081971.8776753,
            1691081971.810449,
            1691081971.9255393,
            1691081971.9624383,
            1691081971.769742,
            1691081971.934998
      ],
      "end": [
            1691081972.0953975,
            1691081972.0992372,
            1691081972.117923,
            1691081972.119184,
            1691081972.1208353,
            1691081972.1241565,
            1691081972.136052,
            1691081972.1892796,
            1691081972.1964223,
            1691081972.2265866,
            1691081972.247063,
            1691081972.2580962,
            1691081972.2722301,
            1691081972.2791643,
            1691081972.2800515,
            1691081972.2852883,
            1691081972.301975,
            1691081972.3048365,
            1691081972.3413239,
            1691081972.3549035,
            1691081972.3668826,
            1691081972.3728037,
            1691081972.3786898,
            1691081972.4306407,
            1691081972.4615211,
            1691081972.4686568,
            1691081972.4988923,
            1691081972.5029204,
            1691081972.5206227,
            1691081972.5507302,
            1691081972.551514,
            1691081972.5573826,
            1691081972.558083,
            1691081972.558207,
            1691081972.5649898,
            1691081972.568375,
            1691081972.5685277,
            1691081972.5763464,
            1691081972.5847852,
            1691081972.5855162,
            1691081972.586647,
            1691081972.5974848,
            1691081972.5976527,
            1691081972.5998363,
            1691081972.6035528,
            1691081972.6048434,
            1691081972.6054547,
            1691081972.609418,
            1691081972.6116037,
            1691081972.6123152
      ],
      "time_model_init": [
            0.37428855895996094,
            0.36543726921081543,
            0.36287760734558105,
            0.3663604259490967,
            0.3652486801147461,
            0.36502957344055176,
            0.3655679225921631,
            0.3686823844909668,
            0.3636772632598877,
            0.37284421920776367,
            0.36458539962768555,
            0.36504387855529785,
            0.36803197860717773,
            0.36766886711120605,
            0.3665609359741211,
            0.3614931106567383,
            0.3656635284423828,
            0.36378026008605957,
            0.36258697509765625,
            0.3620150089263916,
            0.36403751373291016,
            0.36936521530151367,
            0.43166613578796387,
            0.3682687282562256,
            0.3763256072998047,
            0.3660612106323242,
            0.36622142791748047,
            0.3668332099914551,
            0.3679783344268799,
            0.3708043098449707,
            0.3642711639404297,
            0.364168643951416,
            0.3716259002685547,
            0.3671441078186035,
            0.36879396438598633,
            0.36437416076660156,
            0.36454033851623535,
            0.36827802658081055,
            0.3680291175842285,
            0.3624379634857178,
            0.37166905403137207,
            0.36584019660949707,
            0.3670032024383545,
            0.36589789390563965,
            0.3632051944732666,
            0.3644566535949707,
            0.3666191101074219,
            0.36427974700927734,
            0.36447668075561523,
            0.36364245414733887
      ]
}