{
      "start": [
            1691081973.0262492,
            1691081973.0158799,
            1691081973.0394883,
            1691081973.0630023,
            1691081973.0593657,
            1691081973.0383124,
            1691081973.084608,
            1691081973.056643,
            1691081973.1255598,
            1691081973.0912447,
            1691081973.1153393,
            1691081973.160448,
            1691081973.200318,
            1691081973.1967528,
            1691081973.17356,
            1691081973.228543,
            1691081973.1527772,
            1691081973.2175908,
            1691081973.2336311,
            1691081973.1696439,
            1691081973.2655966,
            1691081973.142288,
            1691081973.4786034,
            1691081973.2514083,
            1691081973.285564,
            1691081973.3596168,
            1691081973.278343,
            1691081973.512322,
            1691081973.5332813,
            1691081973.547999,
            1691081973.330713,
            1691081973.2708106,
            1691081973.3025334,
            1691081973.243894,
            1691081973.3656523,
            1691081973.480802,
            1691081973.417616,
            1691081973.3196077,
            1691081973.3804169,
            1691081973.4828162,
            1691081973.4011173,
            1691081973.39765,
            1691081973.440666,
            1691081973.4994178,
            1691081973.5430017,
            1691081973.3487391,
            1691081973.4927952,
            1691081973.4612234,
            1691081973.5405152,
            1691081973.423963
      ],
      "end": [
            1691081973.478576,
            1691081973.521073,
            1691081973.5315797,
            1691081973.5456455,
            1691081973.546193,
            1691081973.554022,
            1691081973.5794213,
            1691081973.6062372,
            1691081973.61791,
            1691081973.6298459,
            1691081973.6502874,
            1691081973.7312644,
            1691081973.7537813,
            1691081973.7547288,
            1691081973.7609582,
            1691081973.761653,
            1691081973.7756748,
            1691081973.7933264,
            1691081973.8032625,
            1691081973.8067405,
            1691081973.820536,
            1691081973.8445175,
            1691081973.874088,
            1691081973.889919,
            1691081973.90463,
            1691081973.910513,
            1691081973.9205177,
            1691081973.9219449,
            1691081973.9252303,
            1691081973.9436927,
            1691081973.944565,
            1691081973.9465473,
            1691081973.9806514,
            1691081973.9897964,
            1691081974.0016553,
            1691081974.003234,
            1691081974.0074294,
            1691081974.013946,
            1691081974.0173988,
            1691081974.0223641,
            1691081974.0247815,
            1691081974.0265615,
            1691081974.0467956,
            1691081974.048664,
            1691081974.050344,
            1691081974.0539858,
            1691081974.0548506,
            1691081974.0610678,
            1691081974.066795,
            1691081974.089498
      ],
      "time_model_init": [
            0.3634333610534668,
            0.37801218032836914,
            0.3641514778137207,
            0.3605649471282959,
            0.37133073806762695,
            0.3645823001861572,
            0.37191224098205566,
            0.36525726318359375,
            0.3653686046600342,
            0.3632471561431885,
            0.3640596866607666,
            0.4130120277404785,
            0.3659787178039551,
            0.36493515968322754,
            0.36253881454467773,
            0.3663938045501709,
            0.3660752773284912,
            0.36316394805908203,
            0.36202120780944824,
            0.36894655227661133,
            0.36685919761657715,
            0.37320828437805176,
            0.37421298027038574,
            0.36475658416748047,
            0.3721182346343994,
            0.36659741401672363,
            0.3629016876220703,
            0.3708682060241699,
            0.3675413131713867,
            0.3664119243621826,
            0.3692667484283447,
            0.3608384132385254,
            0.37547755241394043,
            0.36295652389526367,
            0.3675239086151123,
            0.36478328704833984,
            0.36271095275878906,
            0.40301012992858887,
            0.36289453506469727,
            0.36646223068237305,
            0.3705284595489502,
            0.36490917205810547,
            0.36484336853027344,
            0.3621535301208496,
            0.36376118659973145,
            0.36238956451416016,
            0.3657064437866211,
            0.3675704002380371,
            0.36365365982055664,
            0.367429256439209
      ]
}