{
      "start": [
            1691081974.5779636,
            1691081974.569681,
            1691081974.5767472,
            1691081974.5589306,
            1691081974.5886548,
            1691081974.5831282,
            1691081974.607408,
            1691081974.6609545,
            1691081974.6371605,
            1691081974.6183832,
            1691081974.6419706,
            1691081974.6967049,
            1691081974.7489498,
            1691081974.6902213,
            1691081974.6805725,
            1691081974.7676482,
            1691081974.7218878,
            1691081974.788858,
            1691081974.6748626,
            1691081974.7592883,
            1691081974.7260077,
            1691081974.803813,
            1691081974.7807217,
            1691081974.8319883,
            1691081974.8712673,
            1691081974.8594298,
            1691081974.8506403,
            1691081974.8747287,
            1691081974.8846586,
            1691081974.9584754,
            1691081974.9314713,
            1691081975.0649986,
            1691081975.054278,
            1691081974.926325,
            1691081974.9392269,
            1691081974.9771793,
            1691081974.9175375,
            1691081975.1297178,
            1691081975.127051,
            1691081975.1411746,
            1691081975.0773618,
            1691081974.962647,
            1691081975.1321735,
            1691081974.9822779,
            1691081975.0953004,
            1691081975.1366074,
            1691081974.9846718,
            1691081975.0574708,
            1691081975.0154831,
            1691081975.1002314
      ],
      "end": [
            1691081975.0542474,
            1691081975.0669067,
            1691081975.1088524,
            1691081975.114143,
            1691081975.1394045,
            1691081975.1401777,
            1691081975.1408722,
            1691081975.1645489,
            1691081975.1709042,
            1691081975.1727664,
            1691081975.1739936,
            1691081975.2326567,
            1691081975.259649,
            1691081975.2625883,
            1691081975.2811625,
            1691081975.288722,
            1691081975.294681,
            1691081975.295536,
            1691081975.3062468,
            1691081975.3184218,
            1691081975.3299756,
            1691081975.3446195,
            1691081975.357843,
            1691081975.4136198,
            1691081975.4168286,
            1691081975.4307013,
            1691081975.453527,
            1691081975.4742637,
            1691081975.4807336,
            1691081975.484413,
            1691081975.490271,
            1691081975.4979603,
            1691081975.5004833,
            1691081975.5033667,
            1691081975.5135465,
            1691081975.515098,
            1691081975.5158517,
            1691081975.5211933,
            1691081975.521945,
            1691081975.535145,
            1691081975.5558217,
            1691081975.5648947,
            1691081975.5715544,
            1691081975.573747,
            1691081975.5791998,
            1691081975.5800233,
            1691081975.584192,
            1691081975.5918772,
            1691081975.5927887,
            1691081975.603006
      ],
      "time_model_init": [
            0.3636305332183838,
            0.3792898654937744,
            0.36575841903686523,
            0.3668348789215088,
            0.36469244956970215,
            0.36400628089904785,
            0.36806321144104004,
            0.36778974533081055,
            0.36968040466308594,
            0.37072253227233887,
            0.36423254013061523,
            0.36484527587890625,
            0.3687410354614258,
            0.365755558013916,
            0.3634936809539795,
            0.3643169403076172,
            0.3790147304534912,
            0.3755795955657959,
            0.3668184280395508,
            0.36780762672424316,
            0.36324644088745117,
            0.3636293411254883,
            0.3676018714904785,
            0.3636908531188965,
            0.368377685546875,
            0.3639218807220459,
            0.3606741428375244,
            0.36881470680236816,
            0.39630651473999023,
            0.36310625076293945,
            0.3621711730957031,
            0.37618303298950195,
            0.3633298873901367,
            0.36344170570373535,
            0.36401844024658203,
            0.3681182861328125,
            0.36297178268432617,
            0.368605375289917,
            0.36432600021362305,
            0.4031107425689697,
            0.364595890045166,
            0.3736894130706787,
            0.3670470714569092,
            0.3674149513244629,
            0.3675973415374756,
            0.3670477867126465,
            0.36386704444885254,
            0.36858034133911133,
            0.3667261600494385,
            0.3625185489654541
      ]
}