{
      "start": [
            1691081976.1122513,
            1691081976.1070507,
            1691081976.1057096,
            1691081976.1133912,
            1691081976.166105,
            1691081976.0905492,
            1691081976.1783216,
            1691081976.1697469,
            1691081976.1288185,
            1691081976.2131188,
            1691081976.1469293,
            1691081976.1906981,
            1691081976.2166111,
            1691081976.23768,
            1691081976.281314,
            1691081976.2405071,
            1691081976.3201606,
            1691081976.2423742,
            1691081976.3502002,
            1691081976.250551,
            1691081976.3258522,
            1691081976.2972867,
            1691081976.3392434,
            1691081976.3673208,
            1691081976.40349,
            1691081976.3775814,
            1691081976.3854623,
            1691081976.559576,
            1691081976.5731153,
            1691081976.4365153,
            1691081976.440608,
            1691081976.6031334,
            1691081976.4513862,
            1691081976.4777327,
            1691081976.4605727,
            1691081976.5000737,
            1691081976.6770039,
            1691081976.6634667,
            1691081976.50756,
            1691081976.5051513,
            1691081976.485674,
            1691081976.521903,
            1691081976.6173842,
            1691081976.5259337,
            1691081976.6450722,
            1691081976.648735,
            1691081976.543198,
            1691081976.6124341,
            1691081976.5815935,
            1691081976.6065803
      ],
      "end": [
            1691081976.5595486,
            1691081976.5663266,
            1691081976.6031024,
            1691081976.6574545,
            1691081976.6581,
            1691081976.6587238,
            1691081976.659239,
            1691081976.6798053,
            1691081976.6962311,
            1691081976.6985095,
            1691081976.7172306,
            1691081976.7554631,
            1691081976.761662,
            1691081976.8089862,
            1691081976.814577,
            1691081976.8337483,
            1691081976.8339021,
            1691081976.8465846,
            1691081976.8473728,
            1691081976.8512547,
            1691081976.856545,
            1691081976.8715463,
            1691081976.8844895,
            1691081976.9057713,
            1691081976.9087162,
            1691081976.9471753,
            1691081976.9534733,
            1691081976.958006,
            1691081976.96031,
            1691081976.9827938,
            1691081976.9912255,
            1691081977.0009997,
            1691081977.0048811,
            1691081977.0092962,
            1691081977.018129,
            1691081977.0635018,
            1691081977.0675185,
            1691081977.0685399,
            1691081977.0690806,
            1691081977.0693316,
            1691081977.0700781,
            1691081977.083914,
            1691081977.0976691,
            1691081977.1015258,
            1691081977.1022427,
            1691081977.1029196,
            1691081977.103532,
            1691081977.1047688,
            1691081977.1098778,
            1691081977.1212056
      ],
      "time_model_init": [
            0.3659636974334717,
            0.3631711006164551,
            0.3649020195007324,
            0.3661162853240967,
            0.3644864559173584,
            0.4020249843597412,
            0.36313462257385254,
            0.36334705352783203,
            0.3636906147003174,
            0.370220422744751,
            0.36664438247680664,
            0.3675053119659424,
            0.3694913387298584,
            0.3648252487182617,
            0.3616633415222168,
            0.3717350959777832,
            0.3691847324371338,
            0.3663794994354248,
            0.36758971214294434,
            0.3674643039703369,
            0.373305082321167,
            0.3699939250946045,
            0.36290907859802246,
            0.362088680267334,
            0.35849428176879883,
            0.3654134273529053,
            0.36730003356933594,
            0.3748805522918701,
            0.3631563186645508,
            0.3670046329498291,
            0.37695980072021484,
            0.36310243606567383,
            0.3644266128540039,
            0.36383605003356934,
            0.36397290229797363,
            0.36436033248901367,
            0.364412784576416,
            0.3672013282775879,
            0.3651609420776367,
            0.3696582317352295,
            0.3648109436035156,
            0.372406005859375,
            0.37058424949645996,
            0.3828437328338623,
            0.3681955337524414,
            0.3631455898284912,
            0.36162352561950684,
            0.36734986305236816,
            0.3662106990814209,
            0.36296653747558594
      ]
}