{
      "invocation_time": 0.9603314399719238,
      "time_download": 0.14054465293884277,
      "time_inference": 0.40299057960510254,
      "predictions": [
            {
                  "prob": 0.0010608657030388713,
                  "label": "on"
            },
            {
                  "prob": 0.0010608657030388713,
                  "label": "on"
            }
      ]
}