{
      "invocation_time": 1.126837968826294,
      "time_download": 0.33696532249450684,
      "time_inference": 0.39456629753112793,
      "predictions": [
            {
                  "prob": 0.0010608657030388713,
                  "label": "on"
            },
            {
                  "prob": 0.0010608657030388713,
                  "label": "on"
            }
      ]
}