{
      "invocation_time": 0.9104514122009277,
      "time_download": 0.1032555103302002,
      "time_inference": 0.4013814926147461,
      "predictions": [
            {
                  "prob": 0.0010608657030388713,
                  "label": "on"
            },
            {
                  "prob": 0.0010608657030388713,
                  "label": "on"
            }
      ]
}