{
      "invocation_time": 0.9222123622894287,
      "time_download": 0.13299298286437988,
      "time_inference": 0.3970053195953369,
      "predictions": [
            {
                  "prob": 0.0010608657030388713,
                  "label": "on"
            },
            {
                  "prob": 0.0010608657030388713,
                  "label": "on"
            }
      ]
}