{
      "invocation_time": 0.9251468181610107,
      "time_download": 0.1126244068145752,
      "time_inference": 0.40152668952941895,
      "predictions": [
            {
                  "prob": 0.0010608657030388713,
                  "label": "on"
            },
            {
                  "prob": 0.0010608657030388713,
                  "label": "on"
            }
      ]
}