{
      "start": [
            1689759081.9108715,
            1689759081.9161048,
            1689759081.9174378,
            1689759081.9186094,
            1689759081.9197743,
            1689759081.920934,
            1689759081.9220757,
            1689759081.923223,
            1689759081.924405,
            1689759081.9257982,
            1689759081.926902,
            1689759081.9280908,
            1689759081.929237,
            1689759081.9303987,
            1689759081.931557,
            1689759081.9327288,
            1689759081.933988,
            1689759081.9351192,
            1689759081.9363208,
            1689759081.9374712,
            1689759081.9386013,
            1689759081.939762,
            1689759081.9409223,
            1689759081.9421973,
            1689759081.943332,
            1689759081.9445221,
            1689759081.9456532,
            1689759081.9468222,
            1689759081.947992,
            1689759081.9491415,
            1689759081.9504101,
            1689759081.9515514,
            1689759081.9527419,
            1689759081.9538841,
            1689759081.955016,
            1689759081.9561768,
            1689759081.9573393,
            1689759081.9586284,
            1689759081.9597907,
            1689759081.9609356,
            1689759081.962055,
            1689759081.9631772,
            1689759081.964339,
            1689759081.9654758,
            1689759081.9667335,
            1689759081.967882,
            1689759081.9690313,
            1689759081.970133,
            1689759081.971234,
            1689759081.9724507
      ],
      "end": [
            1689759087.0717237,
            1689759092.5373266,
            1689759092.5538821,
            1689759092.5769567,
            1689759092.6257234,
            1689759092.6515558,
            1689759092.6699817,
            1689759092.691165,
            1689759092.6944108,
            1689759092.7244542,
            1689759092.725061,
            1689759092.7353435,
            1689759092.7441568,
            1689759092.744577,
            1689759092.7594903,
            1689759092.7623188,
            1689759092.764868,
            1689759092.7656434,
            1689759092.7684004,
            1689759092.7689452,
            1689759092.771189,
            1689759092.780413,
            1689759092.7909117,
            1689759092.7925532,
            1689759092.7931666,
            1689759092.7977803,
            1689759092.8010225,
            1689759092.807565,
            1689759092.819015,
            1689759092.8208365,
            1689759092.8216276,
            1689759092.8305144,
            1689759092.836587,
            1689759092.8375652,
            1689759092.844194,
            1689759092.853141,
            1689759092.8641918,
            1689759092.8753912,
            1689759092.8760612,
            1689759092.876762,
            1689759092.8776429,
            1689759092.8834977,
            1689759092.891518,
            1689759092.904783,
            1689759092.9173312,
            1689759092.919545,
            1689759092.9237635,
            1689759092.9379792,
            1689759092.973438,
            1689759092.9991138
      ]
}