dataset,durations,batch_size,download_stream_size,inference_stream_size,total_time,total_std,failed_executions
percentile_90,"[3.5213375091552734, 5.058502197265625, 5.093605279922485, 3.631113052368164, 4.863947629928589, 5.068746566772461, 3.434483528137207, 4.829632520675659, 3.5410802364349365, 3.6877264976501465, 3.614626884460449, 3.615396738052368, 4.023138761520386, 4.988738775253296, 3.5008203983306885, 3.473538875579834, 3.6597468852996826, 5.0248048305511475, 3.7661588191986084, 3.593484401702881, 3.517202854156494, 3.5474143028259277, 5.0199103355407715, 5.130129098892212, 4.980096817016602, 4.83483099937439, 3.599896192550659, 3.625225782394409, 3.788966178894043, 5.037973165512085, 5.011788606643677, 3.5860395431518555, 3.5975284576416016, 3.5081849098205566, 3.6557040214538574, 4.856529712677002, 3.5911035537719727, 4.805639266967773, 3.4466469287872314, 3.720062732696533, 3.952200412750244, 3.576953649520874]",032,001,008,4.104301378840492,0.6598142957475306,0
