{
      "invocation_time": 0.7233343124389648,
      "time_download": 0.10354375839233398,
      "time_inference": 0.21736502647399902,
      "predictions": [
            {
                  "prob": 0.9834873080253601,
                  "label": "off"
            },
            {
                  "prob": 0.9883860349655151,
                  "label": "off"
            }
      ]
}