{
      "invocation_time": 0.8261928558349609,
      "time_download": 0.16963839530944824,
      "time_inference": 0.256091833114624,
      "predictions": [
            {
                  "prob": 0.9834873080253601,
                  "label": "off"
            },
            {
                  "prob": 0.9883860349655151,
                  "label": "off"
            }
      ]
}