{
      "invocation_time": 0.8734283447265625,
      "time_download": 0.13648653030395508,
      "time_inference": 0.3260080814361572,
      "predictions": [
            {
                  "prob": 0.5929555892944336,
                  "label": "off"
            },
            {
                  "prob": 0.5929555892944336,
                  "label": "off"
            }
      ]
}