{
      "invocation_time": 0.8149182796478271,
      "time_download": 0.08281445503234863,
      "time_inference": 0.32595038414001465,
      "predictions": [
            {
                  "prob": 0.5929555892944336,
                  "label": "off"
            },
            {
                  "prob": 0.5929555892944336,
                  "label": "off"
            }
      ]
}