{
      "invocation_time": 0.8181092739105225,
      "time_download": 0.08512258529663086,
      "time_inference": 0.33101487159729004,
      "predictions": [
            {
                  "prob": 0.5929555892944336,
                  "label": "off"
            },
            {
                  "prob": 0.5929555892944336,
                  "label": "off"
            }
      ]
}