{
      "invocation_time": 0.8208625316619873,
      "time_download": 0.08747506141662598,
      "time_inference": 0.33248329162597656,
      "predictions": [
            {
                  "prob": 0.5929555892944336,
                  "label": "off"
            },
            {
                  "prob": 0.5929555892944336,
                  "label": "off"
            }
      ]
}