{
      "invocation_time": 0.8164048194885254,
      "time_download": 0.08574485778808594,
      "time_inference": 0.3257718086242676,
      "predictions": [
            {
                  "prob": 0.5929555892944336,
                  "label": "off"
            },
            {
                  "prob": 0.5929555892944336,
                  "label": "off"
            }
      ]
}