{
      "invocation_time": 0.811976432800293,
      "time_download": 0.07591652870178223,
      "time_inference": 0.33252930641174316,
      "predictions": [
            {
                  "prob": 0.5929555892944336,
                  "label": "off"
            },
            {
                  "prob": 0.5929555892944336,
                  "label": "off"
            }
      ]
}