{
      "start": [
            1691081783.7201252,
            1691081783.7437494,
            1691081783.5445695,
            1691081783.5431926,
            1691081783.6128037,
            1691081783.610059,
            1691081783.5775998,
            1691081783.6705956,
            1691081783.6958838,
            1691081783.565556,
            1691081783.7113063,
            1691081783.5502748,
            1691081783.987649,
            1691081783.822199,
            1691081783.6085982,
            1691081783.6281776,
            1691081783.5393908,
            1691081783.6596706,
            1691081783.5456498,
            1691081783.6209593,
            1691081783.5920691,
            1691081783.731285,
            1691081783.9786556,
            1691081783.8336687,
            1691081783.9697473,
            1691081783.5512364,
            1691081783.8386126,
            1691081783.6449714,
            1691081783.8248217,
            1691081783.6853244,
            1691081784.0514553,
            1691081784.0330117,
            1691081783.8554206,
            1691081783.8818192,
            1691081783.927828,
            1691081783.7678456,
            1691081783.9407778,
            1691081784.0027714,
            1691081783.9053886,
            1691081783.9178703,
            1691081783.8849251,
            1691081783.9668436,
            1691081784.0106328,
            1691081783.9026108,
            1691081784.0295131,
            1691081783.769392,
            1691081783.799878,
            1691081784.0464184,
            1691081783.9438834,
            1691081783.7770681
      ],
      "end": [
            1691081798.134364,
            1691081798.4696577,
            1691081798.5722473,
            1691081798.5877912,
            1691081798.6215107,
            1691081798.6256814,
            1691081798.6492317,
            1691081798.678765,
            1691081798.6850665,
            1691081798.6967726,
            1691081798.6991222,
            1691081798.7125049,
            1691081798.7312136,
            1691081798.7326126,
            1691081798.7327628,
            1691081798.7454839,
            1691081798.764648,
            1691081798.7807279,
            1691081798.804085,
            1691081798.8048306,
            1691081798.810922,
            1691081798.849205,
            1691081798.871637,
            1691081798.8759773,
            1691081798.9004607,
            1691081798.903883,
            1691081798.9926817,
            1691081799.0062578,
            1691081799.0133612,
            1691081799.0560915,
            1691081799.057185,
            1691081799.0679896,
            1691081799.0753691,
            1691081799.0854208,
            1691081799.0945628,
            1691081799.1020956,
            1691081799.1358893,
            1691081799.137161,
            1691081799.1378896,
            1691081799.1481266,
            1691081799.1652465,
            1691081799.1742725,
            1691081799.1992877,
            1691081799.2147608,
            1691081799.2155628,
            1691081799.2876778,
            1691081799.345995,
            1691081799.3530562,
            1691081799.7054796,
            1691081800.1262875
      ],
      "time_model_init": [
            8.933815956115723,
            8.950727939605713,
            8.928318500518799,
            8.970576763153076,
            8.903608798980713,
            8.97507381439209,
            8.930565118789673,
            8.92838454246521,
            8.982564926147461,
            8.910382986068726,
            8.979271650314331,
            8.982429504394531,
            8.989852666854858,
            8.96222710609436,
            8.945797681808472,
            8.959883451461792,
            8.907636404037476,
            8.981051206588745,
            8.893665790557861,
            8.943833112716675,
            8.863480567932129,
            8.998737573623657,
            8.927071571350098,
            8.934662818908691,
            8.918114423751831,
            9.023295879364014,
            9.002819299697876,
            8.892548561096191,
            8.98171877861023,
            8.930305480957031,
            8.923808097839355,
            8.9048171043396,
            8.967242956161499,
            8.962875366210938,
            8.96849799156189,
            8.943723678588867,
            8.929637432098389,
            8.944254636764526,
            8.931464433670044,
            8.985255718231201,
            8.916517734527588,
            8.950259923934937,
            8.950270891189575,
            8.985916137695312,
            8.974034786224365,
            8.90103816986084,
            8.950865507125854,
            8.896802186965942,
            8.95703911781311,
            8.903000831604004
      ]
}