{
      "start": [
            1691081826.4349475,
            1691081826.4202106,
            1691081826.5324612,
            1691081826.6913362,
            1691081826.674871,
            1691081826.48013,
            1691081826.5774653,
            1691081826.449692,
            1691081826.5294342,
            1691081826.4325538,
            1691081826.3803098,
            1691081826.5064192,
            1691081826.6194017,
            1691081826.4057906,
            1691081826.4671488,
            1691081826.4090734,
            1691081826.3961,
            1691081826.3717015,
            1691081826.6074765,
            1691081826.5197449,
            1691081826.3865623,
            1691081826.5565095,
            1691081826.6668496,
            1691081826.4908986,
            1691081826.377805,
            1691081826.3756366,
            1691081826.6321754,
            1691081826.8495123,
            1691081826.8886256,
            1691081826.8172648,
            1691081826.662009,
            1691081826.64848,
            1691081826.8605478,
            1691081826.668141,
            1691081826.7361636,
            1691081826.8407648,
            1691081826.7391765,
            1691081826.8092368,
            1691081826.9202206,
            1691081826.5709722,
            1691081826.5884383,
            1691081826.7563171,
            1691081826.7871575,
            1691081826.7085695,
            1691081826.8802228,
            1691081826.8324535,
            1691081826.7110417,
            1691081826.901793,
            1691081826.5637758,
            1691081826.745429
      ],
      "end": [
            1691081841.1837645,
            1691081841.2614002,
            1691081841.4204555,
            1691081841.4303825,
            1691081841.4340885,
            1691081841.4415052,
            1691081841.4433696,
            1691081841.4789896,
            1691081841.4998062,
            1691081841.507734,
            1691081841.587268,
            1691081841.602322,
            1691081841.6165674,
            1691081841.616734,
            1691081841.6471667,
            1691081841.6932707,
            1691081841.702722,
            1691081841.7364051,
            1691081841.7746885,
            1691081841.776255,
            1691081841.776872,
            1691081841.776993,
            1691081841.779058,
            1691081841.784109,
            1691081841.793171,
            1691081841.8116777,
            1691081841.860616,
            1691081841.8756733,
            1691081841.8895426,
            1691081841.9153817,
            1691081841.9356613,
            1691081841.9415247,
            1691081841.9565997,
            1691081841.957412,
            1691081841.9582736,
            1691081841.9718664,
            1691081841.9727948,
            1691081841.9774456,
            1691081841.9824045,
            1691081841.9844158,
            1691081841.9851694,
            1691081841.9914453,
            1691081842.0364337,
            1691081842.0410414,
            1691081842.0731676,
            1691081842.0747736,
            1691081842.09668,
            1691081842.1103,
            1691081842.1591983,
            1691081842.2876241
      ],
      "time_model_init": [
            8.986173152923584,
            8.972285270690918,
            8.926967144012451,
            8.91819977760315,
            8.938435792922974,
            8.959988355636597,
            8.912851095199585,
            8.970534801483154,
            8.941086530685425,
            8.955390214920044,
            8.9226655960083,
            8.960078477859497,
            8.887426137924194,
            8.951926231384277,
            8.893403053283691,
            8.949264526367188,
            8.998656511306763,
            8.907562732696533,
            8.898115634918213,
            8.919938325881958,
            8.919575691223145,
            9.029906272888184,
            8.958935499191284,
            8.976814031600952,
            8.915636539459229,
            8.902676343917847,
            8.954867839813232,
            8.898797512054443,
            8.949938774108887,
            8.946607828140259,
            8.978136777877808,
            8.885285377502441,
            8.969505786895752,
            8.890957117080688,
            9.011778831481934,
            8.948621273040771,
            8.97948670387268,
            8.969521760940552,
            8.907829284667969,
            8.97166895866394,
            8.96425986289978,
            8.889920234680176,
            8.995810747146606,
            8.90946078300476,
            8.90905499458313,
            9.003454685211182,
            8.953538417816162,
            8.953118324279785,
            8.912951469421387,
            8.9806227684021
      ]
}