{
      "start": [
            1691081868.6801775,
            1691081868.5206385,
            1691081868.4857311,
            1691081868.489624,
            1691081868.9367085,
            1691081868.5611815,
            1691081868.492915,
            1691081868.4918056,
            1691081868.6366959,
            1691081868.5983067,
            1691081868.5670214,
            1691081868.7279623,
            1691081868.7676167,
            1691081868.6485035,
            1691081868.6033506,
            1691081868.5245342,
            1691081868.502151,
            1691081868.6510935,
            1691081868.985934,
            1691081868.7851112,
            1691081868.7403307,
            1691081868.7644224,
            1691081868.7525103,
            1691081868.5486803,
            1691081868.6763253,
            1691081868.6422734,
            1691081868.8295462,
            1691081868.5850394,
            1691081868.8780103,
            1691081868.8505948,
            1691081868.7245338,
            1691081868.6889122,
            1691081868.7967012,
            1691081868.780573,
            1691081868.9290693,
            1691081868.8837833,
            1691081868.9623082,
            1691081868.7044907,
            1691081868.8652356,
            1691081868.8261943,
            1691081868.9089777,
            1691081868.944389,
            1691081868.9333472,
            1691081868.7114124,
            1691081869.0024297,
            1691081868.9767878,
            1691081868.5410142,
            1691081868.8187053,
            1691081868.9236665,
            1691081868.5295537
      ],
      "end": [
            1691081883.2887504,
            1691081883.3910842,
            1691081883.4159973,
            1691081883.4380553,
            1691081883.5159469,
            1691081883.560499,
            1691081883.561338,
            1691081883.5648432,
            1691081883.5776398,
            1691081883.584817,
            1691081883.6260977,
            1691081883.6803994,
            1691081883.6853924,
            1691081883.6984692,
            1691081883.7003958,
            1691081883.7173564,
            1691081883.7243738,
            1691081883.7312856,
            1691081883.7498202,
            1691081883.767774,
            1691081883.7685301,
            1691081883.7859716,
            1691081883.7880094,
            1691081883.7976377,
            1691081883.799038,
            1691081883.7991703,
            1691081883.8148293,
            1691081883.8296494,
            1691081883.876048,
            1691081883.879787,
            1691081883.916808,
            1691081883.9197993,
            1691081883.9365015,
            1691081883.9788778,
            1691081884.0182352,
            1691081884.02327,
            1691081884.036483,
            1691081884.0441396,
            1691081884.0509336,
            1691081884.0921352,
            1691081884.1346889,
            1691081884.1368291,
            1691081884.1758707,
            1691081884.2028944,
            1691081884.211803,
            1691081884.291009,
            1691081884.3656108,
            1691081884.3687007,
            1691081884.399283,
            1691081884.5877776
      ],
      "time_model_init": [
            8.912790775299072,
            8.894309043884277,
            8.925010204315186,
            8.9450044631958,
            8.974008083343506,
            8.926364421844482,
            8.985142469406128,
            9.137229919433594,
            9.026358604431152,
            8.955434560775757,
            8.908321142196655,
            8.915643692016602,
            8.899681568145752,
            8.90758466720581,
            8.907479763031006,
            8.966520547866821,
            8.899655103683472,
            8.940115451812744,
            8.924803733825684,
            8.947896003723145,
            8.945022821426392,
            8.988826036453247,
            8.90439224243164,
            8.984921216964722,
            8.973965167999268,
            8.950914859771729,
            8.918060541152954,
            8.942657709121704,
            8.946001768112183,
            8.905224800109863,
            8.950906991958618,
            8.910191059112549,
            8.937676191329956,
            8.9561185836792,
            8.89464521408081,
            8.90760612487793,
            8.943296432495117,
            8.912673473358154,
            8.888339757919312,
            8.914244174957275,
            8.928469181060791,
            8.98117446899414,
            8.967048645019531,
            8.913662195205688,
            8.870759725570679,
            8.951945781707764,
            8.955213069915771,
            8.9199378490448,
            8.947988986968994,
            8.984683513641357
      ]
}