{
      "start": [
            1691081910.738605,
            1691081910.9386954,
            1691081910.7113702,
            1691081910.611855,
            1691081910.636578,
            1691081910.784073,
            1691081910.7083235,
            1691081910.8062646,
            1691081910.6261878,
            1691081910.668622,
            1691081910.7242663,
            1691081910.8385406,
            1691081910.6131654,
            1691081910.6767163,
            1691081910.6443074,
            1691081910.8569725,
            1691081910.646603,
            1691081910.6096954,
            1691081911.0934474,
            1691081910.8626192,
            1691081910.672326,
            1691081910.8019135,
            1691081910.886903,
            1691081910.8653562,
            1691081910.6291652,
            1691081911.0690634,
            1691081910.9659445,
            1691081910.848228,
            1691081911.108594,
            1691081911.0085008,
            1691081910.6867046,
            1691081910.963497,
            1691081911.0853798,
            1691081910.905448,
            1691081911.126803,
            1691081911.0405376,
            1691081910.9523144,
            1691081910.6057796,
            1691081910.876805,
            1691081910.9934285,
            1691081910.9249723,
            1691081910.897152,
            1691081911.1363323,
            1691081910.9902823,
            1691081911.022065,
            1691081911.0483263,
            1691081910.9819741,
            1691081910.7657337,
            1691081910.9166086,
            1691081911.0246372
      ],
      "end": [
            1691081925.2304738,
            1691081925.282445,
            1691081925.443089,
            1691081925.6563869,
            1691081925.6771328,
            1691081925.679156,
            1691081925.6909308,
            1691081925.702593,
            1691081925.733312,
            1691081925.7426498,
            1691081925.7533042,
            1691081925.753982,
            1691081925.7798378,
            1691081925.802392,
            1691081925.8238401,
            1691081925.8442354,
            1691081925.8602962,
            1691081925.8667958,
            1691081925.8774364,
            1691081925.9036992,
            1691081925.9178374,
            1691081925.9223697,
            1691081925.941053,
            1691081926.003856,
            1691081926.009694,
            1691081926.0108702,
            1691081926.0264316,
            1691081926.035301,
            1691081926.0378196,
            1691081926.0405765,
            1691081926.049035,
            1691081926.0706286,
            1691081926.0740888,
            1691081926.0748236,
            1691081926.0813558,
            1691081926.095411,
            1691081926.0998065,
            1691081926.1082494,
            1691081926.2105055,
            1691081926.2138374,
            1691081926.2146032,
            1691081926.2191474,
            1691081926.2437506,
            1691081926.259128,
            1691081926.2599022,
            1691081926.4231124,
            1691081926.4695876,
            1691081926.4882853,
            1691081926.5897112,
            1691081927.0271566
      ],
      "time_model_init": [
            9.005598306655884,
            8.891055345535278,
            8.962540626525879,
            8.922037124633789,
            8.911768436431885,
            8.91135311126709,
            8.966140985488892,
            8.981640577316284,
            8.965461492538452,
            8.942244291305542,
            8.947249412536621,
            8.903492212295532,
            8.953573942184448,
            8.94047999382019,
            8.947688817977905,
            8.906046390533447,
            8.882976770401001,
            8.978142261505127,
            8.906261444091797,
            8.911117792129517,
            8.932128429412842,
            8.947084426879883,
            8.981701850891113,
            8.905065536499023,
            8.889993667602539,
            8.95104455947876,
            8.941188335418701,
            8.933671236038208,
            8.976875305175781,
            8.904287576675415,
            9.040892839431763,
            8.933292388916016,
            8.926872491836548,
            8.887348651885986,
            8.949033498764038,
            8.992054224014282,
            8.976308345794678,
            8.961732387542725,
            8.923405647277832,
            8.891735792160034,
            8.972379207611084,
            9.058186769485474,
            8.935876607894897,
            8.974642992019653,
            8.930155515670776,
            8.900159358978271,
            8.91266417503357,
            8.8888418674469,
            8.917962551116943,
            8.897834539413452
      ]
}