{
      "start": [
            1691081953.752961,
            1691081953.4281623,
            1691081953.3281662,
            1691081953.318144,
            1691081953.3011098,
            1691081953.3783133,
            1691081953.4005356,
            1691081953.3336964,
            1691081953.308808,
            1691081953.5867958,
            1691081953.4710784,
            1691081953.635121,
            1691081953.3622456,
            1691081953.4665484,
            1691081953.563329,
            1691081953.4445682,
            1691081953.412733,
            1691081953.3043735,
            1691081953.531378,
            1691081953.3067627,
            1691081953.7338326,
            1691081953.7881758,
            1691081953.5057678,
            1691081953.3475347,
            1691081953.542596,
            1691081953.3726351,
            1691081953.3819237,
            1691081953.534382,
            1691081953.8277314,
            1691081953.679066,
            1691081953.6875155,
            1691081953.5745857,
            1691081953.357973,
            1691081953.5206017,
            1691081953.809749,
            1691081953.4932208,
            1691081953.6941576,
            1691081953.8495944,
            1691081953.6029747,
            1691081953.6525264,
            1691081953.8382573,
            1691081953.7641795,
            1691081953.7303007,
            1691081953.7607594,
            1691081953.8482797,
            1691081953.6085157,
            1691081953.756584,
            1691081953.7973597,
            1691081953.7475958,
            1691081953.6516933
      ],
      "end": [
            1691081968.3967438,
            1691081968.4126508,
            1691081968.416599,
            1691081968.4348779,
            1691081968.4574087,
            1691081968.475595,
            1691081968.4779792,
            1691081968.5425205,
            1691081968.5501356,
            1691081968.5936742,
            1691081968.6179764,
            1691081968.6500394,
            1691081968.6502333,
            1691081968.6655219,
            1691081968.6882122,
            1691081968.7102451,
            1691081968.7308905,
            1691081968.7317555,
            1691081968.7530596,
            1691081968.7727616,
            1691081968.7735362,
            1691081968.7767913,
            1691081968.7820175,
            1691081968.7832973,
            1691081968.803828,
            1691081968.8190503,
            1691081968.8277743,
            1691081968.8306231,
            1691081968.8574448,
            1691081968.8855855,
            1691081968.88698,
            1691081968.9006796,
            1691081968.9236882,
            1691081968.9369404,
            1691081968.9456036,
            1691081968.9582112,
            1691081968.9858057,
            1691081968.9890053,
            1691081968.997722,
            1691081969.0188456,
            1691081969.0292904,
            1691081969.0329561,
            1691081969.0359063,
            1691081969.0496547,
            1691081969.0761895,
            1691081969.19287,
            1691081969.2374415,
            1691081969.2483606,
            1691081969.3030639,
            1691081969.3962817
      ],
      "time_model_init": [
            8.910988330841064,
            8.990295648574829,
            9.023766279220581,
            8.910659551620483,
            8.91309905052185,
            8.937091588973999,
            8.97085165977478,
            8.988150835037231,
            9.007237911224365,
            8.905956029891968,
            8.958306074142456,
            8.952990293502808,
            8.93293023109436,
            8.93516492843628,
            9.010592937469482,
            8.894243478775024,
            8.9676034450531,
            8.916786432266235,
            8.951138257980347,
            9.086071968078613,
            8.922500610351562,
            8.945530414581299,
            8.928715467453003,
            8.947739362716675,
            8.945813417434692,
            8.945698499679565,
            8.9421706199646,
            8.983267307281494,
            8.97631573677063,
            8.97941517829895,
            8.8965744972229,
            9.046421527862549,
            8.984131813049316,
            9.027848482131958,
            8.92993450164795,
            8.993318796157837,
            8.956971883773804,
            8.95107626914978,
            9.056982040405273,
            8.90139389038086,
            8.940229415893555,
            8.99204158782959,
            8.97635006904602,
            8.93641185760498,
            9.002866268157959,
            8.982136249542236,
            8.953613042831421,
            8.977208137512207,
            8.95232105255127,
            8.931125164031982
      ]
}