{
      "invocation_time": 0.8969728946685791,
      "time_download": 0.10538816452026367,
      "time_inference": 0.3910636901855469,
      "predictions": [
            {
                  "prob": 0.9834873080253601,
                  "label": "off"
            },
            {
                  "prob": 0.9883860349655151,
                  "label": "off"
            }
      ]
}