{
      "start": [
            1689683826.9129746,
            1689683826.9360523,
            1689683826.914086,
            1689683827.0787835,
            1689683826.9187453,
            1689683826.9275975,
            1689683826.9721956,
            1689683827.0761344,
            1689683827.0389726,
            1689683827.1066113,
            1689683827.0732393,
            1689683827.1337929,
            1689683827.151843,
            1689683827.0679078,
            1689683827.0348032,
            1689683826.9812555,
            1689683827.047913,
            1689683827.1426892,
            1689683826.9108455,
            1689683827.0776234,
            1689683826.9540644,
            1689683826.9217188,
            1689683827.1592052,
            1689683827.2119353,
            1689683827.0074317,
            1689683827.092167,
            1689683827.2545276,
            1689683826.920631,
            1689683827.2446368,
            1689683826.999095,
            1689683827.1951969,
            1689683827.1610568,
            1689683827.2393024,
            1689683827.2178931,
            1689683827.0534208,
            1689683827.2565646,
            1689683827.1254604,
            1689683827.1309834,
            1689683827.2587848,
            1689683827.0219574,
            1689683827.119217,
            1689683827.1030083,
            1689683827.2466228,
            1689683827.203679,
            1689683827.2483184,
            1689683826.9659956,
            1689683827.2130184,
            1689683827.1917326,
            1689683827.2140436,
            1689683827.1758623
      ],
      "end": [
            1689683837.3414633,
            1689683837.4031143,
            1689683837.4483979,
            1689683837.6877055,
            1689683837.6977289,
            1689683837.7341383,
            1689683837.7391164,
            1689683837.7529204,
            1689683837.756997,
            1689683837.768647,
            1689683837.7735786,
            1689683837.776652,
            1689683837.811868,
            1689683837.8172631,
            1689683837.8450077,
            1689683837.845881,
            1689683837.8495748,
            1689683837.8545995,
            1689683837.8623776,
            1689683837.8741403,
            1689683837.8776155,
            1689683837.8829825,
            1689683837.8868034,
            1689683837.9080968,
            1689683837.9193199,
            1689683837.9277928,
            1689683837.9292274,
            1689683837.9319613,
            1689683837.9397666,
            1689683837.9563115,
            1689683837.9846015,
            1689683837.9854307,
            1689683837.9953473,
            1689683838.0030556,
            1689683838.0135522,
            1689683838.0236068,
            1689683838.0387344,
            1689683838.0509434,
            1689683838.0722122,
            1689683838.0871665,
            1689683838.0931797,
            1689683838.1253805,
            1689683838.1261208,
            1689683838.1814606,
            1689683838.1978314,
            1689683838.233393,
            1689683838.2650461,
            1689683838.275376,
            1689683838.3524585,
            1689683838.5346751
      ]
}