{
      "start": [
            1689684199.955232,
            1689684199.8543887,
            1689684199.841964,
            1689684199.8477929,
            1689684199.9313889,
            1689684199.85346,
            1689684200.1739047,
            1689684200.0678704,
            1689684200.1418693,
            1689684199.898167,
            1689684199.881151,
            1689684200.0208223,
            1689684199.9974992,
            1689684200.0712116,
            1689684200.0102332,
            1689684199.8510692,
            1689684199.9205391,
            1689684199.8451903,
            1689684199.9527342,
            1689684200.0243049,
            1689684200.0827382,
            1689684200.1475773,
            1689684199.970489,
            1689684200.103605,
            1689684199.979258,
            1689684200.0290732,
            1689684200.025567,
            1689684200.0547981,
            1689684200.023042,
            1689684200.1762884,
            1689684199.915182,
            1689684199.9841218,
            1689684200.1449206,
            1689684200.1121202,
            1689684199.889188,
            1689684200.1226213,
            1689684199.9679663,
            1689684199.9943464,
            1689684199.92762,
            1689684200.156468,
            1689684200.0894463,
            1689684200.1593237,
            1689684199.8739011,
            1689684200.073104,
            1689684199.946122,
            1689684199.9082077,
            1689684199.849407,
            1689684200.1257617,
            1689684200.031061,
            1689684200.0853395
      ],
      "end": [
            1689684210.4639225,
            1689684210.490829,
            1689684210.5724442,
            1689684210.612289,
            1689684210.6132884,
            1689684210.6400967,
            1689684210.6645734,
            1689684210.670695,
            1689684210.6715114,
            1689684210.6827822,
            1689684210.7130826,
            1689684210.7237873,
            1689684210.7405884,
            1689684210.7508848,
            1689684210.7560909,
            1689684210.758194,
            1689684210.7610836,
            1689684210.7625608,
            1689684210.764349,
            1689684210.7800543,
            1689684210.7802472,
            1689684210.7861776,
            1689684210.7863328,
            1689684210.7873282,
            1689684210.8003762,
            1689684210.8019955,
            1689684210.8053362,
            1689684210.8148377,
            1689684210.8247557,
            1689684210.8328633,
            1689684210.833568,
            1689684210.8410883,
            1689684210.8464763,
            1689684210.8532562,
            1689684210.861985,
            1689684210.9028335,
            1689684210.9068658,
            1689684210.9437804,
            1689684210.9445405,
            1689684210.955106,
            1689684210.9710023,
            1689684210.9782228,
            1689684211.0030885,
            1689684211.0054593,
            1689684211.015022,
            1689684211.0219252,
            1689684211.0369616,
            1689684211.0589592,
            1689684211.0874224,
            1689684211.1542
      ]
}