{
      "start": [
            1689684348.4086459,
            1689684348.3750525,
            1689684348.3821373,
            1689684348.60363,
            1689684348.4096527,
            1689684348.4197676,
            1689684348.4375901,
            1689684348.5401244,
            1689684348.378297,
            1689684348.4408944,
            1689684348.536268,
            1689684348.5677328,
            1689684348.6386755,
            1689684348.4427257,
            1689684348.6011357,
            1689684348.459496,
            1689684348.5045316,
            1689684348.4864829,
            1689684348.4223905,
            1689684348.5434926,
            1689684348.471291,
            1689684348.4841459,
            1689684348.585501,
            1689684348.64905,
            1689684348.65662,
            1689684348.5194726,
            1689684348.630441,
            1689684348.4046314,
            1689684348.6782782,
            1689684348.5255618,
            1689684348.5633976,
            1689684348.4813647,
            1689684348.6172664,
            1689684348.5310707,
            1689684348.5814147,
            1689684348.5056412,
            1689684348.6413794,
            1689684348.6807878,
            1689684348.6074324,
            1689684348.59694,
            1689684348.499376,
            1689684348.3801162,
            1689684348.401657,
            1689684348.468027,
            1689684348.69535,
            1689684348.664849,
            1689684348.599379,
            1689684348.3832836,
            1689684348.664064,
            1689684348.557651
      ],
      "end": [
            1689684359.0561974,
            1689684359.1560702,
            1689684359.166538,
            1689684359.1766136,
            1689684359.1937358,
            1689684359.211307,
            1689684359.217776,
            1689684359.219812,
            1689684359.2383196,
            1689684359.2403722,
            1689684359.2412777,
            1689684359.2651112,
            1689684359.2679152,
            1689684359.2698376,
            1689684359.2803848,
            1689684359.2879965,
            1689684359.2974277,
            1689684359.298196,
            1689684359.3074553,
            1689684359.308715,
            1689684359.3126109,
            1689684359.3254924,
            1689684359.3311334,
            1689684359.3493283,
            1689684359.3666577,
            1689684359.3693593,
            1689684359.3779392,
            1689684359.3973522,
            1689684359.3981566,
            1689684359.3988743,
            1689684359.40238,
            1689684359.4038513,
            1689684359.4106774,
            1689684359.4235208,
            1689684359.438154,
            1689684359.4437842,
            1689684359.4470367,
            1689684359.4492733,
            1689684359.4742348,
            1689684359.4860604,
            1689684359.503888,
            1689684359.5177593,
            1689684359.5232558,
            1689684359.5363147,
            1689684359.5561519,
            1689684359.561004,
            1689684359.7761736,
            1689684359.7977185,
            1689684360.1637945,
            1689684361.2029712
      ]
}