{
      "start": [
            1689684387.0560393,
            1689684387.3519106,
            1689684387.1553605,
            1689684387.1463165,
            1689684387.1099288,
            1689684387.0510168,
            1689684387.2637224,
            1689684387.084468,
            1689684387.2954645,
            1689684387.2603736,
            1689684387.2067702,
            1689684387.1713424,
            1689684387.0541394,
            1689684387.2446814,
            1689684387.1915553,
            1689684387.1738496,
            1689684387.2265882,
            1689684387.0978348,
            1689684387.355322,
            1689684387.2335815,
            1689684387.3028488,
            1689684387.081264,
            1689684387.0579088,
            1689684387.248435,
            1689684387.2924585,
            1689684387.1106992,
            1689684387.0757554,
            1689684387.3482194,
            1689684387.2437122,
            1689684387.0955439,
            1689684387.1682613,
            1689684387.073959,
            1689684387.2778285,
            1689684387.1358786,
            1689684387.187941,
            1689684387.3226037,
            1689684387.2197704,
            1689684387.1823256,
            1689684387.2367952,
            1689684387.3293493,
            1689684387.1846256,
            1689684387.3286862,
            1689684387.1127489,
            1689684387.1118371,
            1689684387.2836068,
            1689684387.1275213,
            1689684387.3509612,
            1689684387.289669,
            1689684387.2756171,
            1689684387.3433294
      ],
      "end": [
            1689684397.6956255,
            1689684397.8166838,
            1689684397.8428097,
            1689684397.8442035,
            1689684397.8669791,
            1689684397.8696756,
            1689684397.8708909,
            1689684397.8775222,
            1689684397.8796306,
            1689684397.8982887,
            1689684397.9016042,
            1689684397.907787,
            1689684397.9086113,
            1689684397.9213765,
            1689684397.933618,
            1689684397.9343853,
            1689684397.9359767,
            1689684397.941804,
            1689684397.9424844,
            1689684397.947444,
            1689684397.9482152,
            1689684397.9507918,
            1689684397.9671829,
            1689684397.983546,
            1689684397.9872465,
            1689684397.9880536,
            1689684397.995043,
            1689684397.9957652,
            1689684398.0046723,
            1689684398.0121572,
            1689684398.0206597,
            1689684398.0218034,
            1689684398.0310075,
            1689684398.0322583,
            1689684398.0380876,
            1689684398.044888,
            1689684398.0524647,
            1689684398.0567775,
            1689684398.0610108,
            1689684398.079683,
            1689684398.0949788,
            1689684398.0960448,
            1689684398.103355,
            1689684398.1235716,
            1689684398.166445,
            1689684398.1928625,
            1689684398.2063859,
            1689684398.2142088,
            1689684398.23098,
            1689684408.1530347
      ]
}