{
      "start": [
            1689684433.907805,
            1689684433.956013,
            1689684433.787002,
            1689684433.8091004,
            1689684433.9014664,
            1689684433.8457386,
            1689684434.0415154,
            1689684433.9443014,
            1689684433.7937868,
            1689684434.0317283,
            1689684433.7840912,
            1689684433.79175,
            1689684433.9860857,
            1689684433.8998823,
            1689684433.8376133,
            1689684433.8799024,
            1689684433.971051,
            1689684433.9991517,
            1689684433.9249163,
            1689684433.941285,
            1689684433.8225422,
            1689684434.0913525,
            1689684433.867788,
            1689684433.8771465,
            1689684433.8559139,
            1689684433.8914506,
            1689684433.9762125,
            1689684434.0165737,
            1689684433.8178458,
            1689684433.8589354,
            1689684434.0112703,
            1689684433.821484,
            1689684433.9719841,
            1689684434.1106071,
            1689684434.0547807,
            1689684433.930194,
            1689684434.022053,
            1689684434.1166937,
            1689684433.9667797,
            1689684434.0832624,
            1689684434.080846,
            1689684434.059392,
            1689684434.0679245,
            1689684433.7859395,
            1689684433.96791,
            1689684434.0733826,
            1689684433.8131313,
            1689684434.0960736,
            1689684434.0434666,
            1689684433.9047458
      ],
      "end": [
            1689684444.4537911,
            1689684444.4749763,
            1689684444.509396,
            1689684444.5200272,
            1689684444.527542,
            1689684444.539601,
            1689684444.5623312,
            1689684444.563444,
            1689684444.5755696,
            1689684444.577364,
            1689684444.5943072,
            1689684444.6010733,
            1689684444.607334,
            1689684444.6149175,
            1689684444.622233,
            1689684444.6283922,
            1689684444.6470075,
            1689684444.6535382,
            1689684444.6616185,
            1689684444.6617768,
            1689684444.6627157,
            1689684444.672632,
            1689684444.6865017,
            1689684444.689011,
            1689684444.6898694,
            1689684444.7111309,
            1689684444.716672,
            1689684444.7234318,
            1689684444.7350616,
            1689684444.7479534,
            1689684444.756666,
            1689684444.7870777,
            1689684444.7878902,
            1689684444.8055286,
            1689684444.8434417,
            1689684444.84773,
            1689684444.8540084,
            1689684444.8716366,
            1689684444.8728194,
            1689684444.8834271,
            1689684444.8859153,
            1689684444.8893714,
            1689684444.8909426,
            1689684444.8969545,
            1689684444.9061108,
            1689684444.9156299,
            1689684444.9262094,
            1689684444.966509,
            1689684445.1545348,
            1689684446.3045855
      ]
}