{
      "start": [
            1689684471.9666588,
            1689684472.171688,
            1689684471.9734075,
            1689684472.0011485,
            1689684471.9703138,
            1689684472.2727523,
            1689684472.0083191,
            1689684472.1431725,
            1689684472.024788,
            1689684471.9635084,
            1689684471.9715075,
            1689684472.03924,
            1689684472.1125636,
            1689684472.0033245,
            1689684472.0762885,
            1689684472.041837,
            1689684472.119031,
            1689684472.1370194,
            1689684472.0674639,
            1689684471.9685912,
            1689684472.1276128,
            1689684472.0923355,
            1689684472.0711582,
            1689684471.9889643,
            1689684472.1270015,
            1689684472.068279,
            1689684472.2023926,
            1689684472.1032195,
            1689684472.047271,
            1689684472.2163148,
            1689684472.1884415,
            1689684472.156408,
            1689684472.2443907,
            1689684472.0314026,
            1689684472.0782979,
            1689684472.2363334,
            1689684472.169233,
            1689684472.1811285,
            1689684472.1581373,
            1689684472.1973894,
            1689684472.2613304,
            1689684472.270695,
            1689684472.2263653,
            1689684472.2406013,
            1689684472.2013307,
            1689684472.2522326,
            1689684472.027369,
            1689684472.2626321,
            1689684472.0975828,
            1689684472.190008
      ],
      "end": [
            1689684482.4211712,
            1689684482.434319,
            1689684482.6697204,
            1689684482.6804411,
            1689684482.7108004,
            1689684482.722988,
            1689684482.7297032,
            1689684482.7321098,
            1689684482.7430947,
            1689684482.7445762,
            1689684482.779856,
            1689684482.783554,
            1689684482.805381,
            1689684482.8093553,
            1689684482.810951,
            1689684482.812386,
            1689684482.8148365,
            1689684482.8176563,
            1689684482.8221622,
            1689684482.827608,
            1689684482.8283231,
            1689684482.8350487,
            1689684482.8491092,
            1689684482.8498976,
            1689684482.8545063,
            1689684482.860102,
            1689684482.8849056,
            1689684482.8976038,
            1689684482.9134464,
            1689684482.9209404,
            1689684482.936925,
            1689684482.9547539,
            1689684482.96271,
            1689684482.9699557,
            1689684482.9708428,
            1689684482.9831133,
            1689684482.9844265,
            1689684482.9853232,
            1689684483.0453465,
            1689684483.0717566,
            1689684483.073031,
            1689684483.084533,
            1689684483.094442,
            1689684483.0966456,
            1689684483.215801,
            1689684483.2284636,
            1689684483.2712994,
            1689684483.4595098,
            1689684484.0747004,
            1689684484.2504241
      ]
}