{
      "start": [
            1689684547.5595193,
            1689684547.2229066,
            1689684547.3317006,
            1689684547.31222,
            1689684547.3291705,
            1689684547.2249444,
            1689684547.2285755,
            1689684547.2240474,
            1689684547.2941988,
            1689684547.3469212,
            1689684547.2383037,
            1689684547.2731957,
            1689684547.2195845,
            1689684547.2567794,
            1689684547.3393352,
            1689684547.407331,
            1689684547.4182088,
            1689684547.4488146,
            1689684547.307415,
            1689684547.364836,
            1689684547.4575593,
            1689684547.347892,
            1689684547.5248497,
            1689684547.5308065,
            1689684547.4027436,
            1689684547.4922376,
            1689684547.466788,
            1689684547.3896086,
            1689684547.242864,
            1689684547.321985,
            1689684547.4803543,
            1689684547.5007915,
            1689684547.4231176,
            1689684547.4281723,
            1689684547.2592893,
            1689684547.540079,
            1689684547.46417,
            1689684547.3034093,
            1689684547.5430408,
            1689684547.404974,
            1689684547.3589568,
            1689684547.5137308,
            1689684547.5390012,
            1689684547.36731,
            1689684547.4694147,
            1689684547.5196838,
            1689684547.5501082,
            1689684547.4260702,
            1689684547.5015833,
            1689684547.4367554
      ],
      "end": [
            1689684557.6178532,
            1689684557.636036,
            1689684557.9406412,
            1689684557.9538703,
            1689684557.956338,
            1689684557.9570882,
            1689684557.9934158,
            1689684558.0101862,
            1689684558.0144806,
            1689684558.0409424,
            1689684558.049425,
            1689684558.0501742,
            1689684558.0530615,
            1689684558.0613291,
            1689684558.090805,
            1689684558.107369,
            1689684558.1086245,
            1689684558.121055,
            1689684558.1255698,
            1689684558.1380408,
            1689684558.144133,
            1689684558.1607778,
            1689684558.1705317,
            1689684558.1784832,
            1689684558.1872787,
            1689684558.188997,
            1689684558.1896875,
            1689684558.1959558,
            1689684558.1965868,
            1689684558.2098386,
            1689684558.2283494,
            1689684558.2392237,
            1689684558.244389,
            1689684558.2579615,
            1689684558.2708685,
            1689684558.2852616,
            1689684558.2928014,
            1689684558.314814,
            1689684558.346167,
            1689684558.3664725,
            1689684558.395873,
            1689684558.4054277,
            1689684558.431056,
            1689684558.437608,
            1689684558.5103145,
            1689684558.5499742,
            1689684558.5737348,
            1689684558.7749925,
            1689684559.9133286,
            1689684559.9879305
      ]
}