{
      "start": [
            1689684660.342281,
            1689684660.3188682,
            1689684660.3230703,
            1689684660.4227843,
            1689684660.3178706,
            1689684660.3158877,
            1689684660.460635,
            1689684660.3699124,
            1689684660.3397162,
            1689684660.3796198,
            1689684660.3384962,
            1689684660.4118881,
            1689684660.4353607,
            1689684660.561714,
            1689684660.4945154,
            1689684660.39432,
            1689684660.5011384,
            1689684660.3585107,
            1689684660.372755,
            1689684660.6208537,
            1689684660.6278958,
            1689684660.4956026,
            1689684660.446943,
            1689684660.4577434,
            1689684660.5209148,
            1689684660.5388908,
            1689684660.56523,
            1689684660.590865,
            1689684660.61536,
            1689684660.537766,
            1689684660.4740942,
            1689684660.425072,
            1689684660.54022,
            1689684660.4858117,
            1689684660.3899543,
            1689684660.531624,
            1689684660.4438968,
            1689684660.579948,
            1689684660.4092262,
            1689684660.6255345,
            1689684660.5823684,
            1689684660.5100179,
            1689684660.645856,
            1689684660.5992975,
            1689684660.607751,
            1689684660.3327725,
            1689684660.639909,
            1689684660.5424805,
            1689684660.4829767,
            1689684660.4697325
      ],
      "end": [
            1689684670.890926,
            1689684670.9923875,
            1689684671.0362775,
            1689684671.083959,
            1689684671.0963888,
            1689684671.0991411,
            1689684671.1013541,
            1689684671.1063318,
            1689684671.1289296,
            1689684671.1346166,
            1689684671.14623,
            1689684671.1864357,
            1689684671.2075257,
            1689684671.2254176,
            1689684671.2255502,
            1689684671.2288184,
            1689684671.2351704,
            1689684671.2403605,
            1689684671.2638726,
            1689684671.2726123,
            1689684671.2794454,
            1689684671.2858377,
            1689684671.2904847,
            1689684671.2932189,
            1689684671.2938552,
            1689684671.2944722,
            1689684671.3029428,
            1689684671.3035877,
            1689684671.30411,
            1689684671.3046985,
            1689684671.307256,
            1689684671.3169513,
            1689684671.3324008,
            1689684671.337149,
            1689684671.3523076,
            1689684671.3550787,
            1689684671.358916,
            1689684671.3802722,
            1689684671.3815455,
            1689684671.3925858,
            1689684671.3947835,
            1689684671.395435,
            1689684671.4021666,
            1689684671.4074328,
            1689684671.5060275,
            1689684671.5204885,
            1689684671.5858374,
            1689684671.6712985,
            1689684672.0151126,
            1689684672.084388
      ]
}