{
      "start": [
            1689684697.729612,
            1689684697.7619815,
            1689684697.7881753,
            1689684697.7388153,
            1689684697.772694,
            1689684697.7559426,
            1689684697.7914069,
            1689684697.763956,
            1689684697.7397175,
            1689684697.9255197,
            1689684697.8061316,
            1689684697.9904587,
            1689684697.8810267,
            1689684697.8890307,
            1689684697.8377373,
            1689684697.7363482,
            1689684697.9701016,
            1689684697.8927715,
            1689684697.8273284,
            1689684697.732843,
            1689684697.9157634,
            1689684697.9994338,
            1689684698.0628266,
            1689684698.0274744,
            1689684697.9457662,
            1689684697.8456094,
            1689684697.917939,
            1689684697.8229337,
            1689684697.8940752,
            1689684698.0047998,
            1689684698.0672967,
            1689684697.8332405,
            1689684697.8684375,
            1689684697.964729,
            1689684697.9751182,
            1689684697.9977505,
            1689684697.9515839,
            1689684697.8636885,
            1689684698.0006785,
            1689684697.913849,
            1689684698.0433033,
            1689684697.914729,
            1689684698.0378382,
            1689684698.0025458,
            1689684697.7338061,
            1689684697.8006318,
            1689684697.8037689,
            1689684698.0146174,
            1689684697.82369,
            1689684697.9285989
      ],
      "end": [
            1689684707.969603,
            1689684708.397406,
            1689684708.4753766,
            1689684708.5199687,
            1689684708.5537736,
            1689684708.5598056,
            1689684708.5907362,
            1689684708.6022828,
            1689684708.608809,
            1689684708.6117084,
            1689684708.6221611,
            1689684708.6234086,
            1689684708.6273994,
            1689684708.6281588,
            1689684708.630891,
            1689684708.6316633,
            1689684708.6378653,
            1689684708.6393094,
            1689684708.6458392,
            1689684708.6487834,
            1689684708.66716,
            1689684708.6680198,
            1689684708.6847248,
            1689684708.684893,
            1689684708.6866317,
            1689684708.6875958,
            1689684708.6978095,
            1689684708.698619,
            1689684708.7377577,
            1689684708.7386863,
            1689684708.7395315,
            1689684708.7447598,
            1689684708.7502668,
            1689684708.768101,
            1689684708.772145,
            1689684708.779383,
            1689684708.7854164,
            1689684708.7961504,
            1689684708.799035,
            1689684708.81171,
            1689684708.8214822,
            1689684708.8400254,
            1689684708.8483348,
            1689684708.8579428,
            1689684708.878803,
            1689684708.9346747,
            1689684708.9596558,
            1689684709.0676527,
            1689684709.1938534,
            1689684709.2302718
      ]
}