{
      "start": [
            1689684735.2606373,
            1689684735.1465476,
            1689684735.1445744,
            1689684735.1413488,
            1689684735.2725248,
            1689684735.1668265,
            1689684735.154442,
            1689684735.342303,
            1689684735.2927313,
            1689684735.2109334,
            1689684735.2862043,
            1689684735.3591363,
            1689684735.1892078,
            1689684735.4367526,
            1689684735.1702306,
            1689684735.3199196,
            1689684735.1591148,
            1689684735.2565422,
            1689684735.2129955,
            1689684735.2086308,
            1689684735.155397,
            1689684735.2289326,
            1689684735.2471073,
            1689684735.3123095,
            1689684735.1982808,
            1689684735.3875961,
            1689684735.4060433,
            1689684735.3187585,
            1689684735.4027975,
            1689684735.4262881,
            1689684735.3521974,
            1689684735.3822339,
            1689684735.1928434,
            1689684735.4513876,
            1689684735.3702176,
            1689684735.3452675,
            1689684735.3689115,
            1689684735.4407423,
            1689684735.2458508,
            1689684735.2576225,
            1689684735.30619,
            1689684735.4302597,
            1689684735.3343704,
            1689684735.2703352,
            1689684735.408456,
            1689684735.460443,
            1689684735.3849282,
            1689684735.46881,
            1689684735.433488,
            1689684735.1753664
      ],
      "end": [
            1689684745.7724469,
            1689684745.7826557,
            1689684745.830059,
            1689684745.8501902,
            1689684745.8880134,
            1689684745.8935432,
            1689684745.9115088,
            1689684745.9270475,
            1689684745.9325564,
            1689684745.9366653,
            1689684745.976446,
            1689684745.978056,
            1689684745.9915473,
            1689684745.999137,
            1689684745.9998567,
            1689684746.0005167,
            1689684746.0080736,
            1689684746.0082583,
            1689684746.0247967,
            1689684746.0259538,
            1689684746.0298977,
            1689684746.038116,
            1689684746.0511148,
            1689684746.054779,
            1689684746.071127,
            1689684746.0772984,
            1689684746.0858808,
            1689684746.0918431,
            1689684746.117693,
            1689684746.1225774,
            1689684746.1346679,
            1689684746.1362898,
            1689684746.1512728,
            1689684746.1671667,
            1689684746.2063386,
            1689684746.2162027,
            1689684746.2469401,
            1689684746.2922738,
            1689684746.3091009,
            1689684746.3318365,
            1689684746.3383725,
            1689684746.3558192,
            1689684746.4095488,
            1689684746.4388783,
            1689684746.4681497,
            1689684746.5746586,
            1689684746.6446347,
            1689684746.7643838,
            1689684746.8319097,
            1689684748.1780107
      ]
}