{
      "start": [
            1689684923.3318624,
            1689684923.3789847,
            1689684923.4442384,
            1689684923.3402517,
            1689684923.4497,
            1689684923.3684561,
            1689684923.335169,
            1689684923.5131466,
            1689684923.4529488,
            1689684923.33709,
            1689684923.4153945,
            1689684923.6127403,
            1689684923.4896307,
            1689684923.5665224,
            1689684923.6302495,
            1689684923.4634407,
            1689684923.532327,
            1689684923.5576012,
            1689684923.641134,
            1689684923.3866076,
            1689684923.503691,
            1689684923.4299033,
            1689684923.3421977,
            1689684923.4813094,
            1689684923.6865392,
            1689684923.492293,
            1689684923.4840038,
            1689684923.5869093,
            1689684923.5659277,
            1689684923.6293848,
            1689684923.3811867,
            1689684923.4661825,
            1689684923.6754375,
            1689684923.5637736,
            1689684923.6076608,
            1689684923.5414083,
            1689684923.6633608,
            1689684923.6264286,
            1689684923.467062,
            1689684923.603409,
            1689684923.5827832,
            1689684923.6450083,
            1689684923.412448,
            1689684923.5489378,
            1689684923.652195,
            1689684923.6204095,
            1689684923.5138159,
            1689684923.422224,
            1689684923.3390267,
            1689684923.4539492
      ],
      "end": [
            1689684933.9799862,
            1689684934.084334,
            1689684934.089901,
            1689684934.091182,
            1689684934.104633,
            1689684934.1491776,
            1689684934.1522136,
            1689684934.1852064,
            1689684934.1886287,
            1689684934.1962714,
            1689684934.2000759,
            1689684934.207024,
            1689684934.22392,
            1689684934.2339993,
            1689684934.2482038,
            1689684934.2500758,
            1689684934.2668455,
            1689684934.2701185,
            1689684934.2817519,
            1689684934.289129,
            1689684934.2951345,
            1689684934.303905,
            1689684934.3323846,
            1689684934.3436966,
            1689684934.350293,
            1689684934.362416,
            1689684934.363982,
            1689684934.3756046,
            1689684934.3778079,
            1689684934.4073503,
            1689684934.4135685,
            1689684934.4200745,
            1689684934.431492,
            1689684934.4370153,
            1689684934.4493394,
            1689684934.454887,
            1689684934.457538,
            1689684934.4655774,
            1689684934.4666336,
            1689684934.4846983,
            1689684934.5077462,
            1689684934.5191383,
            1689684934.529022,
            1689684934.5437145,
            1689684934.5455296,
            1689684934.554731,
            1689684934.6437678,
            1689684934.644473,
            1689684934.6969185,
            1689684935.2557983
      ]
}