{
      "start": [
            1689684998.5322146,
            1689684998.7442589,
            1689684998.5962052,
            1689684998.5613303,
            1689684998.6051447,
            1689684998.6591468,
            1689684998.5703678,
            1689684998.7722378,
            1689684998.555966,
            1689684998.7626314,
            1689684998.5295172,
            1689684998.5254567,
            1689684998.7145307,
            1689684998.8141515,
            1689684998.8354335,
            1689684998.5222945,
            1689684998.6482751,
            1689684998.871883,
            1689684998.6216867,
            1689684998.6567721,
            1689684998.6985037,
            1689684998.5729687,
            1689684998.7237296,
            1689684998.5267372,
            1689684998.741376,
            1689684998.7752378,
            1689684998.6305575,
            1689684998.684126,
            1689684998.7209942,
            1689684998.6266563,
            1689684998.7877958,
            1689684998.7615426,
            1689684998.8252997,
            1689684998.8068974,
            1689684998.8843694,
            1689684998.6996508,
            1689684998.8696296,
            1689684998.8601997,
            1689684998.8465848,
            1689684998.86455,
            1689684998.8044336,
            1689684998.8832524,
            1689684998.7553668,
            1689684998.8295903,
            1689684998.8747807,
            1689684998.5643325,
            1689684998.7852035,
            1689684998.6520278,
            1689684998.8441596,
            1689684998.6601357
      ],
      "end": [
            1689685009.2453437,
            1689685009.251188,
            1689685009.267067,
            1689685009.2876854,
            1689685009.2962523,
            1689685009.3064263,
            1689685009.3206596,
            1689685009.3356185,
            1689685009.3384027,
            1689685009.3438938,
            1689685009.3446636,
            1689685009.3469563,
            1689685009.3521767,
            1689685009.357052,
            1689685009.3655114,
            1689685009.3857737,
            1689685009.386645,
            1689685009.4031758,
            1689685009.4080637,
            1689685009.4419127,
            1689685009.4613433,
            1689685009.4621427,
            1689685009.467656,
            1689685009.4677794,
            1689685009.4694707,
            1689685009.478261,
            1689685009.481991,
            1689685009.4834843,
            1689685009.4971607,
            1689685009.509965,
            1689685009.5202088,
            1689685009.5278249,
            1689685009.53683,
            1689685009.548772,
            1689685009.578628,
            1689685009.591496,
            1689685009.6230392,
            1689685009.624817,
            1689685009.6331484,
            1689685009.6527352,
            1689685009.6836934,
            1689685009.7083397,
            1689685009.7507076,
            1689685009.7653866,
            1689685009.7991626,
            1689685009.8237667,
            1689685009.8287528,
            1689685009.8992155,
            1689685010.1193528,
            1689685010.8264642
      ]
}