{
      "start": [
            1689685221.9624963,
            1689685221.9184992,
            1689685222.0130603,
            1689685222.0352848,
            1689685221.9111948,
            1689685221.9208355,
            1689685222.0580614,
            1689685222.0390553,
            1689685222.0120597,
            1689685222.0074174,
            1689685222.6380076,
            1689685222.0310953,
            1689685221.9713004,
            1689685221.9137022,
            1689685221.9276183,
            1689685221.987463,
            1689685222.1182702,
            1689685222.104506,
            1689685222.0108142,
            1689685222.0869591,
            1689685222.6539285,
            1689685221.9634266,
            1689685222.092818,
            1689685222.6271563,
            1689685221.9504704,
            1689685222.6157694,
            1689685222.6333907,
            1689685222.666595,
            1689685222.651604,
            1689685222.646252,
            1689685222.0422177,
            1689685222.65622,
            1689685222.1018274,
            1689685222.5973048,
            1689685222.680903,
            1689685221.92288,
            1689685221.9248326,
            1689685222.7157874,
            1689685222.6545768,
            1689685222.1140783,
            1689685222.1193388,
            1689685222.7092874,
            1689685221.9161348,
            1689685222.0177798,
            1689685222.713656,
            1689685222.706434,
            1689685221.982142,
            1689685222.5911272,
            1689685222.595061,
            1689685222.7117586
      ],
      "end": [
            1689685232.6930764,
            1689685232.7393498,
            1689685232.7678301,
            1689685232.7834156,
            1689685232.8490458,
            1689685232.866854,
            1689685232.919067,
            1689685232.9409914,
            1689685232.9621782,
            1689685232.9800937,
            1689685233.003274,
            1689685233.030822,
            1689685233.0462945,
            1689685233.0552022,
            1689685233.1629593,
            1689685233.1732497,
            1689685233.2688599,
            1689685233.3709965,
            1689685233.4518292,
            1689685233.4568932,
            1689685233.4709866,
            1689685233.4717302,
            1689685233.492295,
            1689685233.5017254,
            1689685233.502615,
            1689685233.5346851,
            1689685233.5363545,
            1689685233.5897186,
            1689685233.6359453,
            1689685233.6385515,
            1689685233.6386957,
            1689685233.7230868,
            1689685233.734211,
            1689685233.8059933,
            1689685233.8571472,
            1689685233.8906674,
            1689685233.8932605,
            1689685233.9581826,
            1689685233.973441,
            1689685234.0655816,
            1689685234.112876,
            1689685234.1390262,
            1689685234.1480048,
            1689685234.1838896,
            1689685234.3274655,
            1689685234.4599798,
            1689685234.589592,
            1689685234.6010356,
            1689685234.6241653,
            1689685234.661016
      ]
}