{
      "start": [
            1689685260.5478563,
            1689685260.3202183,
            1689685260.3265688,
            1689685260.4580297,
            1689685260.5050502,
            1689685260.6099954,
            1689685260.4076142,
            1689685260.4818425,
            1689685260.353011,
            1689685260.4055293,
            1689685260.50755,
            1689685260.4317987,
            1689685260.444575,
            1689685260.4287326,
            1689685260.7255807,
            1689685260.5394723,
            1689685260.3686674,
            1689685260.327545,
            1689685260.3220367,
            1689685260.5333958,
            1689685260.7403634,
            1689685260.5149956,
            1689685260.3241854,
            1689685260.5918155,
            1689685260.5825872,
            1689685260.4946032,
            1689685260.6417735,
            1689685260.4190373,
            1689685260.784689,
            1689685260.6686375,
            1689685260.5308511,
            1689685260.697138,
            1689685260.7524843,
            1689685260.777403,
            1689685260.6354947,
            1689685260.6366928,
            1689685260.7589154,
            1689685260.6475065,
            1689685260.6515164,
            1689685260.6326725,
            1689685260.3500452,
            1689685260.7860317,
            1689685260.7364628,
            1689685260.5189939,
            1689685260.688967,
            1689685260.4774518,
            1689685260.611747,
            1689685260.7895489,
            1689685260.3167012,
            1689685260.718387
      ],
      "end": [
            1689685270.9463701,
            1689685271.019517,
            1689685271.1572378,
            1689685271.2103179,
            1689685271.2144392,
            1689685271.243664,
            1689685271.2515624,
            1689685271.2553241,
            1689685271.2875097,
            1689685271.3171577,
            1689685271.3179235,
            1689685271.3478875,
            1689685271.3649893,
            1689685271.3659675,
            1689685271.370413,
            1689685271.379091,
            1689685271.385021,
            1689685271.3901381,
            1689685271.3980956,
            1689685271.400933,
            1689685271.4017994,
            1689685271.4155507,
            1689685271.424406,
            1689685271.4253054,
            1689685271.4258928,
            1689685271.4266238,
            1689685271.4478197,
            1689685271.4645438,
            1689685271.4728134,
            1689685271.4789443,
            1689685271.4861686,
            1689685271.5330567,
            1689685271.5375485,
            1689685271.5673099,
            1689685271.5725327,
            1689685271.5783396,
            1689685271.5838096,
            1689685271.585557,
            1689685271.5868108,
            1689685271.6043742,
            1689685271.6165915,
            1689685271.645999,
            1689685271.648292,
            1689685271.6915028,
            1689685271.7629607,
            1689685271.7979808,
            1689685271.8091679,
            1689685271.9244912,
            1689685271.943355,
            1689685272.5393293
      ]
}