{
      "start": [
            1689685298.4170713,
            1689685298.235825,
            1689685298.2308729,
            1689685298.2562988,
            1689685298.2471547,
            1689685298.3105958,
            1689685298.2082691,
            1689685298.2051868,
            1689685298.3346205,
            1689685298.3008645,
            1689685298.2944617,
            1689685298.2524078,
            1689685298.5429568,
            1689685298.4256315,
            1689685298.3552263,
            1689685298.222246,
            1689685298.373786,
            1689685298.3176558,
            1689685298.4686124,
            1689685298.2686994,
            1689685298.4557788,
            1689685298.329025,
            1689685298.276663,
            1689685298.5471945,
            1689685298.351044,
            1689685298.435037,
            1689685298.4097388,
            1689685298.4826393,
            1689685298.4479368,
            1689685298.3975527,
            1689685298.207164,
            1689685298.5304573,
            1689685298.5248642,
            1689685298.485382,
            1689685298.3875244,
            1689685298.4716952,
            1689685298.5041833,
            1689685298.454404,
            1689685298.38537,
            1689685298.2638116,
            1689685298.2829351,
            1689685298.3706324,
            1689685298.4181273,
            1689685298.5383615,
            1689685298.541813,
            1689685298.487777,
            1689685298.549144,
            1689685298.5150611,
            1689685298.3372502,
            1689685298.4074228
      ],
      "end": [
            1689685308.760601,
            1689685308.9523172,
            1689685309.0026314,
            1689685309.0120041,
            1689685309.0415497,
            1689685309.116406,
            1689685309.1242716,
            1689685309.1299586,
            1689685309.1736991,
            1689685309.1856344,
            1689685309.2052207,
            1689685309.2097929,
            1689685309.2216003,
            1689685309.2227802,
            1689685309.2245834,
            1689685309.228635,
            1689685309.2374678,
            1689685309.2429109,
            1689685309.2657168,
            1689685309.26656,
            1689685309.2718549,
            1689685309.272561,
            1689685309.2763476,
            1689685309.2769969,
            1689685309.280879,
            1689685309.2832735,
            1689685309.2930803,
            1689685309.2956882,
            1689685309.2987306,
            1689685309.2993994,
            1689685309.3040192,
            1689685309.3282475,
            1689685309.3381448,
            1689685309.3439088,
            1689685309.3564124,
            1689685309.3624845,
            1689685309.3632472,
            1689685309.3645077,
            1689685309.368177,
            1689685309.3714607,
            1689685309.3762612,
            1689685309.3917391,
            1689685309.3965685,
            1689685309.4072614,
            1689685309.4517703,
            1689685309.494684,
            1689685309.5719316,
            1689685309.6125574,
            1689685310.0709252,
            1689685310.2790818
      ]
}