{
      "start": [
            1689685335.9695513,
            1689685335.9813964,
            1689685336.0205197,
            1689685335.9725437,
            1689685335.9491746,
            1689685335.913362,
            1689685335.9998078,
            1689685335.9402225,
            1689685335.9162393,
            1689685336.0351243,
            1689685336.0376463,
            1689685335.910014,
            1689685336.0984292,
            1689685336.151466,
            1689685336.0392864,
            1689685336.1980767,
            1689685336.0749848,
            1689685335.9845986,
            1689685336.0692377,
            1689685336.2385883,
            1689685336.1887686,
            1689685336.2133985,
            1689685335.917564,
            1689685336.1351285,
            1689685336.2536464,
            1689685336.016011,
            1689685336.1499262,
            1689685335.995511,
            1689685336.0992548,
            1689685336.1141994,
            1689685335.9430878,
            1689685336.1856546,
            1689685336.2339246,
            1689685336.1726935,
            1689685336.0106578,
            1689685336.1046612,
            1689685336.046886,
            1689685336.1099217,
            1689685335.9226987,
            1689685336.2281399,
            1689685336.147914,
            1689685335.9206805,
            1689685336.0462017,
            1689685336.211376,
            1689685336.194674,
            1689685336.2157214,
            1689685336.0831594,
            1689685336.1379006,
            1689685336.2066061,
            1689685335.9651933
      ],
      "end": [
            1689685346.7538767,
            1689685346.8283782,
            1689685346.8331242,
            1689685346.881284,
            1689685346.8857481,
            1689685346.8865662,
            1689685346.9010384,
            1689685346.9184191,
            1689685346.927072,
            1689685346.9287777,
            1689685346.9345586,
            1689685346.935377,
            1689685346.9380174,
            1689685346.9432838,
            1689685346.9457796,
            1689685346.9472673,
            1689685346.954658,
            1689685346.9606857,
            1689685346.968788,
            1689685346.9872704,
            1689685346.989526,
            1689685346.9916127,
            1689685346.9993205,
            1689685347.003618,
            1689685347.0114744,
            1689685347.0137851,
            1689685347.0152326,
            1689685347.0229254,
            1689685347.0236237,
            1689685347.0608177,
            1689685347.063952,
            1689685347.0720258,
            1689685347.076394,
            1689685347.077404,
            1689685347.0826497,
            1689685347.0863066,
            1689685347.1062212,
            1689685347.119874,
            1689685347.1264625,
            1689685347.1763272,
            1689685347.1797779,
            1689685347.2255251,
            1689685347.2411904,
            1689685347.252065,
            1689685347.2724323,
            1689685347.312251,
            1689685347.4195278,
            1689685347.6362023,
            1689685348.2809103,
            1689685348.8606284
      ]
}