{
      "start": [
            1689685374.5664659,
            1689685374.6162875,
            1689685374.5630336,
            1689685374.568272,
            1689685374.5945773,
            1689685374.712939,
            1689685374.6291711,
            1689685374.5984888,
            1689685374.7416978,
            1689685374.5972815,
            1689685374.7163367,
            1689685374.5889142,
            1689685374.5724602,
            1689685374.7859814,
            1689685374.7640283,
            1689685374.7072155,
            1689685374.8053498,
            1689685374.5861444,
            1689685374.667606,
            1689685374.8287146,
            1689685374.6582758,
            1689685374.661905,
            1689685374.8909683,
            1689685374.6949837,
            1689685374.7269897,
            1689685374.8556418,
            1689685374.7309666,
            1689685374.8787923,
            1689685374.6893606,
            1689685374.8579109,
            1689685374.9142034,
            1689685374.777432,
            1689685374.8103664,
            1689685374.6852446,
            1689685374.876027,
            1689685374.8145008,
            1689685374.8492982,
            1689685374.7708786,
            1689685374.9055934,
            1689685374.6379418,
            1689685374.8359349,
            1689685374.80608,
            1689685374.7823076,
            1689685374.799664,
            1689685374.8978848,
            1689685374.893304,
            1689685374.6686661,
            1689685374.7494485,
            1689685374.570198,
            1689685374.5923915
      ],
      "end": [
            1689685385.312561,
            1689685385.3178225,
            1689685385.322757,
            1689685385.3288379,
            1689685385.3833933,
            1689685385.3867433,
            1689685385.3919787,
            1689685385.400048,
            1689685385.4160118,
            1689685385.4207363,
            1689685385.4310439,
            1689685385.4384391,
            1689685385.4497762,
            1689685385.4900155,
            1689685385.4929366,
            1689685385.5247962,
            1689685385.532938,
            1689685385.5337749,
            1689685385.5361154,
            1689685385.5421152,
            1689685385.5524333,
            1689685385.5533307,
            1689685385.5650387,
            1689685385.5675788,
            1689685385.572165,
            1689685385.5731661,
            1689685385.5976179,
            1689685385.6069424,
            1689685385.6080167,
            1689685385.6240997,
            1689685385.6388223,
            1689685385.6413424,
            1689685385.6507678,
            1689685385.6617243,
            1689685385.6651416,
            1689685385.6722639,
            1689685385.68853,
            1689685385.7120786,
            1689685385.7287855,
            1689685385.7748072,
            1689685385.796338,
            1689685385.8277416,
            1689685385.8958142,
            1689685385.9660609,
            1689685385.98831,
            1689685385.9903727,
            1689685386.0328681,
            1689685386.1461446,
            1689685386.166247,
            1689685387.1734817
      ]
}