{
      "start": [
            1689685450.1757302,
            1689685450.1724758,
            1689685450.3259943,
            1689685450.201256,
            1689685450.3460724,
            1689685450.3493922,
            1689685450.1927314,
            1689685450.3298872,
            1689685450.2605624,
            1689685450.252881,
            1689685450.485561,
            1689685450.3961544,
            1689685450.3093357,
            1689685450.3674605,
            1689685450.1745944,
            1689685450.2927618,
            1689685450.1801682,
            1689685450.3529983,
            1689685450.4074779,
            1689685450.2272456,
            1689685450.3071268,
            1689685450.214379,
            1689685450.2457945,
            1689685450.248539,
            1689685450.3772075,
            1689685450.29727,
            1689685450.4504223,
            1689685450.2840688,
            1689685450.491262,
            1689685450.4838493,
            1689685450.2773829,
            1689685450.2935667,
            1689685450.3887177,
            1689685450.4270945,
            1689685450.1812966,
            1689685450.4427078,
            1689685450.4652517,
            1689685450.4575334,
            1689685450.2256908,
            1689685450.5243332,
            1689685450.3985357,
            1689685450.4101155,
            1689685450.53326,
            1689685450.3334436,
            1689685450.2241108,
            1689685450.4793212,
            1689685450.3754268,
            1689685450.4306612,
            1689685450.4395552,
            1689685450.2727911
      ],
      "end": [
            1689685460.7671046,
            1689685460.8798378,
            1689685460.9300098,
            1689685461.000224,
            1689685461.0548792,
            1689685461.0564919,
            1689685461.0610828,
            1689685461.0662165,
            1689685461.0809329,
            1689685461.089582,
            1689685461.0975952,
            1689685461.1005826,
            1689685461.1044993,
            1689685461.1120288,
            1689685461.1128356,
            1689685461.1161923,
            1689685461.1168716,
            1689685461.1197474,
            1689685461.135427,
            1689685461.1422446,
            1689685461.1497061,
            1689685461.154519,
            1689685461.1568134,
            1689685461.1582065,
            1689685461.1692533,
            1689685461.1844378,
            1689685461.2010155,
            1689685461.22166,
            1689685461.2244549,
            1689685461.2388313,
            1689685461.2455413,
            1689685461.250668,
            1689685461.2982197,
            1689685461.2990417,
            1689685461.3092344,
            1689685461.3099356,
            1689685461.3292851,
            1689685461.3552344,
            1689685461.3594887,
            1689685461.4106216,
            1689685461.4341402,
            1689685461.4466186,
            1689685461.493397,
            1689685461.5166996,
            1689685461.6434872,
            1689685461.7930171,
            1689685461.8721983,
            1689685461.9041011,
            1689685462.3900123,
            1689685462.5580654
      ]
}