{
      "start": [
            1689685488.384595,
            1689685488.4163766,
            1689685488.217553,
            1689685488.3388915,
            1689685488.20427,
            1689685488.1997387,
            1689685488.2474766,
            1689685488.2995417,
            1689685488.3439274,
            1689685488.212749,
            1689685488.4022107,
            1689685488.4059753,
            1689685488.3589804,
            1689685488.236415,
            1689685488.1907141,
            1689685488.3227608,
            1689685488.2868297,
            1689685488.2328486,
            1689685488.4638088,
            1689685488.454657,
            1689685488.2709367,
            1689685488.2615952,
            1689685488.348656,
            1689685488.252177,
            1689685488.2824647,
            1689685488.438592,
            1689685488.1860337,
            1689685488.4767406,
            1689685488.5114245,
            1689685488.4355142,
            1689685488.2972136,
            1689685488.3362184,
            1689685488.3808079,
            1689685488.3952909,
            1689685488.5445952,
            1689685488.5289586,
            1689685488.2940588,
            1689685488.4800618,
            1689685488.1931863,
            1689685488.5126338,
            1689685488.4466581,
            1689685488.4833183,
            1689685488.414955,
            1689685488.4303455,
            1689685488.525698,
            1689685488.1827683,
            1689685488.2500188,
            1689685488.3703759,
            1689685488.3280907,
            1689685488.188578
      ],
      "end": [
            1689685498.6540587,
            1689685498.7476366,
            1689685498.8332045,
            1689685498.93889,
            1689685498.9396899,
            1689685498.9981265,
            1689685499.018169,
            1689685499.0407374,
            1689685499.0466855,
            1689685499.0474665,
            1689685499.0616288,
            1689685499.0646484,
            1689685499.064775,
            1689685499.069959,
            1689685499.0778117,
            1689685499.0808642,
            1689685499.081713,
            1689685499.0865183,
            1689685499.103728,
            1689685499.1103761,
            1689685499.1304393,
            1689685499.1311915,
            1689685499.1349492,
            1689685499.1461868,
            1689685499.15359,
            1689685499.159925,
            1689685499.1652052,
            1689685499.1744184,
            1689685499.180364,
            1689685499.186744,
            1689685499.187673,
            1689685499.197498,
            1689685499.205185,
            1689685499.219238,
            1689685499.2355611,
            1689685499.2687542,
            1689685499.275412,
            1689685499.297122,
            1689685499.346498,
            1689685499.3736136,
            1689685499.3953915,
            1689685499.4503636,
            1689685499.5279634,
            1689685499.6601589,
            1689685499.6706235,
            1689685499.6845865,
            1689685499.7278023,
            1689685499.7628222,
            1689685499.9676824,
            1689685501.269812
      ]
}