{
      "start": [
            1689685526.9317338,
            1689685527.052553,
            1689685527.0046554,
            1689685526.9891582,
            1689685527.1154056,
            1689685526.9612114,
            1689685526.935016,
            1689685527.0027049,
            1689685527.2381454,
            1689685526.9464333,
            1689685527.0760155,
            1689685527.1683276,
            1689685527.1325722,
            1689685527.2462578,
            1689685527.0586333,
            1689685527.0129108,
            1689685527.128508,
            1689685527.2368956,
            1689685527.0655267,
            1689685527.0851557,
            1689685527.217956,
            1689685527.271525,
            1689685526.9810796,
            1689685527.1836348,
            1689685527.1949897,
            1689685527.2142963,
            1689685527.0356648,
            1689685527.2102258,
            1689685526.9521317,
            1689685527.0951314,
            1689685526.9990597,
            1689685527.00993,
            1689685527.277991,
            1689685527.153241,
            1689685527.0373228,
            1689685526.9370365,
            1689685527.1096747,
            1689685526.9742517,
            1689685526.9391112,
            1689685527.0550206,
            1689685527.263785,
            1689685527.2559128,
            1689685527.2274086,
            1689685527.125608,
            1689685527.2318337,
            1689685527.1525207,
            1689685527.171168,
            1689685527.179563,
            1689685527.0725458,
            1689685527.1374903
      ],
      "end": [
            1689685537.3719013,
            1689685537.60172,
            1689685537.696808,
            1689685537.698233,
            1689685537.7641273,
            1689685537.7702963,
            1689685537.7781403,
            1689685537.7891772,
            1689685537.7965484,
            1689685537.798149,
            1689685537.8056185,
            1689685537.8079271,
            1689685537.8294547,
            1689685537.8502183,
            1689685537.8509424,
            1689685537.8777285,
            1689685537.8928518,
            1689685537.909621,
            1689685537.9152837,
            1689685537.9237015,
            1689685537.9303653,
            1689685537.9320402,
            1689685537.9359455,
            1689685537.9478693,
            1689685537.9487169,
            1689685537.9493973,
            1689685537.9550455,
            1689685537.965503,
            1689685537.9673014,
            1689685537.9692733,
            1689685537.9700475,
            1689685537.971047,
            1689685537.972725,
            1689685537.9874752,
            1689685537.9984982,
            1689685538.001392,
            1689685538.0187278,
            1689685538.0219672,
            1689685538.0392823,
            1689685538.0416365,
            1689685538.0886042,
            1689685538.1117985,
            1689685538.117301,
            1689685538.1272235,
            1689685538.138052,
            1689685538.1594265,
            1689685538.1912065,
            1689685538.6034071,
            1689685538.7836092,
            1689685539.5876288
      ]
}