{
      "start": [
            1689684051.002237,
            1689684051.02816,
            1689684051.1431332,
            1689684051.10795,
            1689684051.0092945,
            1689684051.1035843,
            1689684051.259944,
            1689684051.4426527,
            1689684051.1590793,
            1689684051.1607203,
            1689684051.0759325,
            1689684051.0113401,
            1689684051.0549314,
            1689684051.0342457,
            1689684051.2338657,
            1689684051.1004386,
            1689684051.4207077,
            1689684051.1597204,
            1689684051.0042727,
            1689684051.007503,
            1689684051.2026508,
            1689684051.1112154,
            1689684051.1529107,
            1689684051.1852942,
            1689684051.1104267,
            1689684051.1420598,
            1689684051.2418714,
            1689684051.082503,
            1689684051.1285155,
            1689684051.2818282,
            1689684051.26371,
            1689684051.1578758,
            1689684051.0560808,
            1689684051.0122309,
            1689684051.264677,
            1689684051.219399,
            1689684051.0457997,
            1689684051.435092,
            1689684051.0449388,
            1689684051.2079473,
            1689684051.2404575,
            1689684051.2259436,
            1689684051.1876974,
            1689684051.2772052,
            1689684051.2742643,
            1689684051.311361,
            1689684051.296648,
            1689684051.2852771,
            1689684051.077646,
            1689684051.4335692
      ],
      "end": [
            1689684061.7271357,
            1689684061.7295194,
            1689684061.7503757,
            1689684061.7531831,
            1689684061.7693307,
            1689684061.7888896,
            1689684061.7952688,
            1689684061.8238719,
            1689684061.8260062,
            1689684061.8268025,
            1689684061.832312,
            1689684061.8342514,
            1689684061.83696,
            1689684061.8499053,
            1689684061.8506696,
            1689684061.8526561,
            1689684061.8597233,
            1689684061.8622315,
            1689684061.871095,
            1689684061.8843038,
            1689684061.8877552,
            1689684061.888607,
            1689684061.8963187,
            1689684061.8994498,
            1689684061.9032922,
            1689684061.9080446,
            1689684061.910112,
            1689684061.9194663,
            1689684061.9358242,
            1689684061.938901,
            1689684061.9444213,
            1689684061.945232,
            1689684061.9602237,
            1689684061.960907,
            1689684061.9620361,
            1689684061.9676507,
            1689684061.9739363,
            1689684061.9772666,
            1689684061.9846923,
            1689684062.0002167,
            1689684062.008218,
            1689684062.0332263,
            1689684062.0498867,
            1689684062.0599527,
            1689684062.063691,
            1689684062.1065989,
            1689684062.2167873,
            1689684062.2530115,
            1689684062.2866664,
            1689684062.2957895
      ]
}