state,functions,durations
cold,1,15.80597472190857
cold,50,15.85730528831482
warm,1,0.4434235095977783
warm,50,0.831540584564209
