state,functions,durations
cold,1,6.3679258823394775
warm,1,0.05724596977233887
