{
      "start": [
            1689681228.1238298,
            1689681228.1369247,
            1689681228.1542344,
            1689681228.153234,
            1689681228.149748,
            1689681228.1446843,
            1689681228.1507287,
            1689681228.15529,
            1689681228.1437142,
            1689681228.1483667,
            1689681228.1561499,
            1689681228.1634984,
            1689681228.2289317,
            1689681228.1799066,
            1689681228.1521618,
            1689681228.2376168,
            1689681228.243988,
            1689681228.2564151,
            1689681228.2582848,
            1689681228.2593572,
            1689681228.2767918,
            1689681228.279461,
            1689681228.2679458,
            1689681228.2907293,
            1689681228.3014524,
            1689681228.3116996,
            1689681228.300327,
            1689681228.3142953,
            1689681228.3205383,
            1689681228.3277752,
            1689681228.3362305,
            1689681228.3496275,
            1689681228.3323545,
            1689681228.3754501,
            1689681228.3575447,
            1689681228.3517468,
            1689681228.371865,
            1689681228.391752,
            1689681228.3952553,
            1689681228.3997333,
            1689681228.4100816,
            1689681228.4089959,
            1689681228.4314077,
            1689681228.4215157,
            1689681228.4302912,
            1689681228.410938,
            1689681228.434226,
            1689681228.4443,
            1689681228.4481695,
            1689681228.4547503
      ],
      "end": [
            1689681233.2328176,
            1689681233.2514863,
            1689681233.2516115,
            1689681233.2545705,
            1689681233.2551944,
            1689681233.257997,
            1689681233.258524,
            1689681233.2590597,
            1689681233.2643263,
            1689681233.2659655,
            1689681233.2759764,
            1689681233.2765503,
            1689681233.2804732,
            1689681233.2838767,
            1689681233.2877457,
            1689681233.2936308,
            1689681233.2981322,
            1689681233.3102632,
            1689681233.3160717,
            1689681233.3165998,
            1689681233.3223507,
            1689681233.3379507,
            1689681233.3385499,
            1689681233.3417723,
            1689681233.3628542,
            1689681233.3663487,
            1689681233.3675778,
            1689681233.3689728,
            1689681233.39149,
            1689681233.3976815,
            1689681233.4022753,
            1689681233.4029284,
            1689681233.4147809,
            1689681233.416204,
            1689681233.4214468,
            1689681233.4228191,
            1689681233.4250214,
            1689681233.4297595,
            1689681233.4511318,
            1689681233.4555924,
            1689681233.4564102,
            1689681233.4657125,
            1689681233.4783168,
            1689681233.4817345,
            1689681233.4971683,
            1689681233.4972906,
            1689681233.4991715,
            1689681233.5012462,
            1689681233.5022204,
            1689681233.5117147
      ]
}