{
      "start": [
            1689681233.780513,
            1689681233.7737896,
            1689681233.7646573,
            1689681233.7852964,
            1689681233.7861574,
            1689681233.7875597,
            1689681233.772891,
            1689681233.8039255,
            1689681233.8141053,
            1689681233.8321214,
            1689681233.8387065,
            1689681233.8373716,
            1689681233.8554406,
            1689681233.8434567,
            1689681233.8522687,
            1689681233.8589923,
            1689681233.8749611,
            1689681233.8777394,
            1689681233.8836968,
            1689681233.9008598,
            1689681233.9034219,
            1689681233.890403,
            1689681233.9099271,
            1689681233.9294333,
            1689681233.9124541,
            1689681233.9369736,
            1689681233.931881,
            1689681233.943776,
            1689681233.9531803,
            1689681233.9631774,
            1689681233.9656878,
            1689681233.969803,
            1689681233.9648685,
            1689681233.970734,
            1689681233.9824324,
            1689681234.0002358,
            1689681233.9991746,
            1689681234.0083678,
            1689681234.0134788,
            1689681234.0155108,
            1689681234.0387344,
            1689681234.0300825,
            1689681234.040796,
            1689681234.0522265,
            1689681234.0353074,
            1689681234.0487137,
            1689681234.0718,
            1689681234.0793138,
            1689681234.0736852,
            1689681234.0893548
      ],
      "end": [
            1689681238.8370903,
            1689681238.8387187,
            1689681238.84639,
            1689681238.8481057,
            1689681238.8556418,
            1689681238.8599038,
            1689681238.8613648,
            1689681238.8659408,
            1689681238.8718946,
            1689681238.8817132,
            1689681238.8822956,
            1689681238.897113,
            1689681238.9009912,
            1689681238.902844,
            1689681238.9127204,
            1689681238.9175642,
            1689681238.927278,
            1689681238.9369118,
            1689681238.9444337,
            1689681238.9459393,
            1689681238.9486434,
            1689681238.949776,
            1689681238.9661763,
            1689681238.9675455,
            1689681238.968178,
            1689681238.9821525,
            1689681238.9827101,
            1689681238.9849882,
            1689681238.9943962,
            1689681239.0040972,
            1689681239.0188468,
            1689681239.019942,
            1689681239.022169,
            1689681239.029643,
            1689681239.0373487,
            1689681239.0542548,
            1689681239.0548677,
            1689681239.062307,
            1689681239.0671866,
            1689681239.0717783,
            1689681239.0832915,
            1689681239.0927942,
            1689681239.1002085,
            1689681239.1023173,
            1689681239.106691,
            1689681239.1114848,
            1689681239.120022,
            1689681239.1295698,
            1689681239.1302044,
            1689681239.1376035
      ]
}