{
      "start": [
            1689681284.7175179,
            1689681284.7070992,
            1689681284.7245631,
            1689681284.7185602,
            1689681284.731498,
            1689681284.730395,
            1689681284.7511296,
            1689681284.756585,
            1689681284.762335,
            1689681284.7727256,
            1689681284.774744,
            1689681284.7902138,
            1689681284.7826853,
            1689681284.7980685,
            1689681284.8108017,
            1689681284.7930276,
            1689681284.8209283,
            1689681284.8028615,
            1689681284.8188584,
            1689681284.8498409,
            1689681284.8540251,
            1689681284.8377318,
            1689681284.840114,
            1689681284.8628259,
            1689681284.8697667,
            1689681284.8898923,
            1689681284.8769853,
            1689681284.9007435,
            1689681284.8993971,
            1689681284.903336,
            1689681284.9164622,
            1689681284.9220994,
            1689681284.9314272,
            1689681284.9204338,
            1689681284.9331176,
            1689681284.9510982,
            1689681284.9484727,
            1689681284.9294848,
            1689681284.9635353,
            1689681284.979123,
            1689681284.9684176,
            1689681284.959305,
            1689681284.981764,
            1689681284.9887285,
            1689681285.002839,
            1689681285.0083992,
            1689681285.0114987,
            1689681285.000443,
            1689681285.02034,
            1689681285.0218253
      ],
      "end": [
            1689681289.772428,
            1689681289.782958,
            1689681289.784244,
            1689681289.7849295,
            1689681289.7938652,
            1689681289.7945216,
            1689681289.800904,
            1689681289.8175585,
            1689681289.8195713,
            1689681289.819676,
            1689681289.8238733,
            1689681289.836093,
            1689681289.8506055,
            1689681289.8622797,
            1689681289.8646805,
            1689681289.877454,
            1689681289.8781683,
            1689681289.8786268,
            1689681289.8792136,
            1689681289.9016426,
            1689681289.9034393,
            1689681289.9078166,
            1689681289.909719,
            1689681289.9153109,
            1689681289.9222069,
            1689681289.929415,
            1689681289.9318697,
            1689681289.952932,
            1689681289.953581,
            1689681289.9550521,
            1689681289.9813266,
            1689681289.9823687,
            1689681289.9836726,
            1689681289.9996002,
            1689681290.000338,
            1689681290.0014002,
            1689681290.001508,
            1689681290.00667,
            1689681290.0078168,
            1689681290.0240073,
            1689681290.0247557,
            1689681290.0316064,
            1689681290.03235,
            1689681290.0508893,
            1689681290.0515358,
            1689681290.0571837,
            1689681290.059294,
            1689681290.0637925,
            1689681290.0656185,
            1689681290.0737455
      ]
}