{
      "start": [
            1689681296.1335025,
            1689681296.1411247,
            1689681296.143981,
            1689681296.1402986,
            1689681296.123492,
            1689681296.1479776,
            1689681296.1897795,
            1689681296.1927185,
            1689681296.1953533,
            1689681296.1910253,
            1689681296.1857202,
            1689681296.2189806,
            1689681296.2116833,
            1689681296.2231174,
            1689681296.22953,
            1689681296.2555425,
            1689681296.2388403,
            1689681296.2566395,
            1689681296.2421904,
            1689681296.2517395,
            1689681296.2776177,
            1689681296.2897074,
            1689681296.2805285,
            1689681296.284439,
            1689681296.292521,
            1689681296.3098738,
            1689681296.2991412,
            1689681296.319875,
            1689681296.3227584,
            1689681296.3430634,
            1689681296.3344443,
            1689681296.345959,
            1689681296.331453,
            1689681296.3564482,
            1689681296.3585486,
            1689681296.3467166,
            1689681296.378558,
            1689681296.3750815,
            1689681296.3814878,
            1689681296.4012434,
            1689681296.3974383,
            1689681296.4020011,
            1689681296.4297936,
            1689681296.4167197,
            1689681296.4124832,
            1689681296.4192793,
            1689681296.4426296,
            1689681296.4310024,
            1689681296.432641,
            1689681296.4591422
      ],
      "end": [
            1689681301.2102208,
            1689681301.2119052,
            1689681301.216477,
            1689681301.2165787,
            1689681301.2192888,
            1689681301.2198477,
            1689681301.2391057,
            1689681301.2452672,
            1689681301.2573779,
            1689681301.2598817,
            1689681301.2637038,
            1689681301.269724,
            1689681301.2698438,
            1689681301.2758038,
            1689681301.2951574,
            1689681301.2988973,
            1689681301.2999735,
            1689681301.3049436,
            1689681301.3065455,
            1689681301.3087509,
            1689681301.3273098,
            1689681301.3348663,
            1689681301.335466,
            1689681301.3375525,
            1689681301.343756,
            1689681301.3563526,
            1689681301.3572397,
            1689681301.3600225,
            1689681301.3760688,
            1689681301.398638,
            1689681301.3987753,
            1689681301.3993342,
            1689681301.3998911,
            1689681301.4087336,
            1689681301.424388,
            1689681301.4250178,
            1689681301.4256165,
            1689681301.4275756,
            1689681301.440695,
            1689681301.447635,
            1689681301.457278,
            1689681301.4675324,
            1689681301.4741197,
            1689681301.479567,
            1689681301.4811256,
            1689681301.4826741,
            1689681301.4954805,
            1689681301.4962952,
            1689681301.4969232,
            1689681301.50017
      ]
}