{
      "start": [
            1689681301.7441862,
            1689681301.7646658,
            1689681301.757505,
            1689681301.7666998,
            1689681301.758566,
            1689681301.7757568,
            1689681301.7833033,
            1689681301.7950733,
            1689681301.8005157,
            1689681301.8034186,
            1689681301.810482,
            1689681301.8214676,
            1689681301.837502,
            1689681301.834398,
            1689681301.8313198,
            1689681301.8417933,
            1689681301.8560545,
            1689681301.854459,
            1689681301.8759787,
            1689681301.8724575,
            1689681301.868416,
            1689681301.8776493,
            1689681301.8986886,
            1689681301.9023664,
            1689681301.8965333,
            1689681301.9187822,
            1689681301.9211645,
            1689681301.9245293,
            1689681301.9403849,
            1689681301.92725,
            1689681301.9445422,
            1689681301.929186,
            1689681301.9497917,
            1689681301.968691,
            1689681301.9769862,
            1689681301.969378,
            1689681301.9808679,
            1689681301.9929044,
            1689681302.0034184,
            1689681302.0008352,
            1689681302.018519,
            1689681302.0106785,
            1689681302.0097756,
            1689681302.0326903,
            1689681302.0357423,
            1689681302.0387566,
            1689681302.0484157,
            1689681302.0564446,
            1689681302.0597253,
            1689681302.0606542
      ],
      "end": [
            1689681306.798055,
            1689681306.8138843,
            1689681306.8145525,
            1689681306.8257012,
            1689681306.8285577,
            1689681306.8380313,
            1689681306.85346,
            1689681306.8542037,
            1689681306.8550487,
            1689681306.8556302,
            1689681306.8682568,
            1689681306.870959,
            1689681306.8854012,
            1689681306.8855517,
            1689681306.8886197,
            1689681306.9080882,
            1689681306.9087753,
            1689681306.924267,
            1689681306.9302707,
            1689681306.9308643,
            1689681306.9333804,
            1689681306.9487908,
            1689681306.9502156,
            1689681306.951383,
            1689681306.9548738,
            1689681306.9888732,
            1689681306.9895854,
            1689681306.992015,
            1689681306.99263,
            1689681306.994002,
            1689681307.0017009,
            1689681307.00542,
            1689681307.0142543,
            1689681307.0163524,
            1689681307.0191147,
            1689681307.0277712,
            1689681307.0344553,
            1689681307.0402272,
            1689681307.0479593,
            1689681307.0551667,
            1689681307.0572417,
            1689681307.0656686,
            1689681307.0662668,
            1689681307.0721767,
            1689681307.0825684,
            1689681307.091361,
            1689681307.0920389,
            1689681307.1027095,
            1689681307.1040206,
            1689681307.106608
      ]
}