{
      "start": [
            1689681330.0855615,
            1689681330.086602,
            1689681330.0707693,
            1689681330.0924425,
            1689681330.0897534,
            1689681330.1105754,
            1689681330.1183152,
            1689681330.105026,
            1689681330.1233096,
            1689681330.138326,
            1689681330.1428173,
            1689681330.1454618,
            1689681330.1436923,
            1689681330.13979,
            1689681330.1601799,
            1689681330.1621702,
            1689681330.176578,
            1689681330.1738758,
            1689681330.1782095,
            1689681330.2150307,
            1689681330.1959543,
            1689681330.2170901,
            1689681330.2029278,
            1689681330.2367446,
            1689681330.2245712,
            1689681330.2399857,
            1689681330.253369,
            1689681330.2616816,
            1689681330.2625794,
            1689681330.2584662,
            1689681330.270379,
            1689681330.255873,
            1689681330.2909572,
            1689681330.3001904,
            1689681330.2950847,
            1689681330.2992976,
            1689681330.316401,
            1689681330.3043485,
            1689681330.3381627,
            1689681330.323517,
            1689681330.3313217,
            1689681330.3372185,
            1689681330.3466828,
            1689681330.3635113,
            1689681330.3702693,
            1689681330.3611202,
            1689681330.3767774,
            1689681330.3793771,
            1689681330.397587,
            1689681330.3954322
      ],
      "end": [
            1689681335.1351945,
            1689681335.1374698,
            1689681335.1392365,
            1689681335.1420503,
            1689681335.145643,
            1689681335.1564517,
            1689681335.1650157,
            1689681335.1732097,
            1689681335.1741707,
            1689681335.1981514,
            1689681335.206635,
            1689681335.2139912,
            1689681335.2177813,
            1689681335.2190855,
            1689681335.2197464,
            1689681335.2264519,
            1689681335.2364013,
            1689681335.23701,
            1689681335.2447186,
            1689681335.2547643,
            1689681335.260288,
            1689681335.2755227,
            1689681335.2756467,
            1689681335.279316,
            1689681335.2806005,
            1689681335.2834847,
            1689681335.3020496,
            1689681335.3131359,
            1689681335.3167698,
            1689681335.3173351,
            1689681335.3178546,
            1689681335.324741,
            1689681335.3359704,
            1689681335.3538194,
            1689681335.355599,
            1689681335.3628733,
            1689681335.3677406,
            1689681335.3686075,
            1689681335.3771896,
            1689681335.3788738,
            1689681335.3857746,
            1689681335.3992503,
            1689681335.4081068,
            1689681335.4087625,
            1689681335.4157012,
            1689681335.418721,
            1689681335.4327984,
            1689681335.4346154,
            1689681335.4403372,
            1689681335.4405067
      ]
}