{
      "start": [
            1689681239.5116441,
            1689681239.4984112,
            1689681239.512629,
            1689681239.504779,
            1689681239.4914677,
            1689681239.515059,
            1689681239.5357647,
            1689681239.541878,
            1689681239.5317545,
            1689681239.5684338,
            1689681239.5492976,
            1689681239.5701787,
            1689681239.5741503,
            1689681239.5712104,
            1689681239.5870712,
            1689681239.5821574,
            1689681239.58398,
            1689681239.6127887,
            1689681239.6174073,
            1689681239.6042914,
            1689681239.6293008,
            1689681239.6396232,
            1689681239.6429858,
            1689681239.6317494,
            1689681239.6404915,
            1689681239.6557696,
            1689681239.659831,
            1689681239.6739159,
            1689681239.6749318,
            1689681239.6807745,
            1689681239.6812584,
            1689681239.6797934,
            1689681239.6961694,
            1689681239.7114623,
            1689681239.6986778,
            1689681239.712517,
            1689681239.721896,
            1689681239.7347362,
            1689681239.7366939,
            1689681239.7477744,
            1689681239.7531037,
            1689681239.740273,
            1689681239.7557542,
            1689681239.7679,
            1689681239.7518392,
            1689681239.7814333,
            1689681239.7701268,
            1689681239.790581,
            1689681239.8090715,
            1689681239.8021567
      ],
      "end": [
            1689681244.551832,
            1689681244.5668898,
            1689681244.5677435,
            1689681244.575593,
            1689681244.5847397,
            1689681244.5860717,
            1689681244.5890646,
            1689681244.589785,
            1689681244.60061,
            1689681244.6124132,
            1689681244.6125748,
            1689681244.62423,
            1689681244.6376338,
            1689681244.638754,
            1689681244.6411893,
            1689681244.646905,
            1689681244.6504216,
            1689681244.6540232,
            1689681244.6627584,
            1689681244.6628993,
            1689681244.6668334,
            1689681244.695387,
            1689681244.6964464,
            1689681244.6970642,
            1689681244.7028697,
            1689681244.7045188,
            1689681244.723188,
            1689681244.7403493,
            1689681244.7415164,
            1689681244.7421892,
            1689681244.7427714,
            1689681244.7440221,
            1689681244.750253,
            1689681244.7544425,
            1689681244.7597165,
            1689681244.762661,
            1689681244.7748835,
            1689681244.7755551,
            1689681244.8022761,
            1689681244.8047822,
            1689681244.8080246,
            1689681244.8136508,
            1689681244.8219874,
            1689681244.8225508,
            1689681244.8266268,
            1689681244.8333127,
            1689681244.8368847,
            1689681244.8457222,
            1689681244.8474214,
            1689681244.8481088
      ]
}