{
      "start": [
            1689681352.8591144,
            1689681352.8817573,
            1689681352.8737297,
            1689681352.8726933,
            1689681352.8660884,
            1689681352.8796322,
            1689681352.884523,
            1689681352.900557,
            1689681352.8830934,
            1689681352.9219484,
            1689681352.9389262,
            1689681352.9204261,
            1689681352.9546883,
            1689681352.9729412,
            1689681352.9651408,
            1689681352.9690523,
            1689681352.973676,
            1689681352.9662018,
            1689681352.9801106,
            1689681352.9951258,
            1689681353.0164278,
            1689681352.991498,
            1689681353.0178118,
            1689681353.0295296,
            1689681353.0345128,
            1689681353.0426712,
            1689681353.0250404,
            1689681353.0446196,
            1689681353.0378022,
            1689681353.0557582,
            1689681353.0548458,
            1689681353.057673,
            1689681353.083901,
            1689681353.0924106,
            1689681353.0900347,
            1689681353.0977411,
            1689681353.1048763,
            1689681353.119967,
            1689681353.1173348,
            1689681353.1222959,
            1689681353.1540577,
            1689681353.1375554,
            1689681353.1453378,
            1689681353.142677,
            1689681353.1445904,
            1689681353.1848242,
            1689681353.1694345,
            1689681353.1720977,
            1689681353.1808448,
            1689681353.1908326
      ],
      "end": [
            1689681357.9488127,
            1689681357.949068,
            1689681357.9496272,
            1689681357.9531312,
            1689681357.9565287,
            1689681357.9580839,
            1689681357.9688962,
            1689681357.9722385,
            1689681357.9729095,
            1689681357.978927,
            1689681357.9853888,
            1689681357.9855509,
            1689681357.997997,
            1689681358.0230074,
            1689681358.023172,
            1689681358.027788,
            1689681358.0283768,
            1689681358.0373466,
            1689681358.04055,
            1689681358.0564213,
            1689681358.0646143,
            1689681358.0731711,
            1689681358.0763397,
            1689681358.085991,
            1689681358.102482,
            1689681358.1031528,
            1689681358.1045487,
            1689681358.1216533,
            1689681358.122347,
            1689681358.123516,
            1689681358.1261058,
            1689681358.13844,
            1689681358.1391668,
            1689681358.1431692,
            1689681358.1537762,
            1689681358.158841,
            1689681358.1589682,
            1689681358.1747866,
            1689681358.1754844,
            1689681358.1791306,
            1689681358.2019377,
            1689681358.2039535,
            1689681358.216467,
            1689681358.2165866,
            1689681358.224457,
            1689681358.2282043,
            1689681358.2311044,
            1689681358.2318754,
            1689681358.233338,
            1689681358.240112
      ]
}