{
      "start": [
            1689681375.3424332,
            1689681375.3504655,
            1689681375.3483727,
            1689681375.3606105,
            1689681375.3413465,
            1689681375.3578448,
            1689681375.3786292,
            1689681375.334236,
            1689681375.3908458,
            1689681375.4026828,
            1689681375.4122992,
            1689681375.4147172,
            1689681375.423132,
            1689681375.4247687,
            1689681375.429847,
            1689681375.45479,
            1689681375.4325833,
            1689681375.4497812,
            1689681375.4716802,
            1689681375.4753058,
            1689681375.4800966,
            1689681375.477594,
            1689681375.4792767,
            1689681375.5025032,
            1689681375.5055177,
            1689681375.5221593,
            1689681375.5092072,
            1689681375.5391247,
            1689681375.514651,
            1689681375.525209,
            1689681375.541974,
            1689681375.55251,
            1689681375.5607405,
            1689681375.5734963,
            1689681375.564196,
            1689681375.5704877,
            1689681375.580338,
            1689681375.5773604,
            1689681375.5909271,
            1689681375.6036358,
            1689681375.613028,
            1689681375.6150587,
            1689681375.6298401,
            1689681375.632166,
            1689681375.6433377,
            1689681375.645924,
            1689681375.6566691,
            1689681375.6517885,
            1689681375.6619983,
            1689681375.663153
      ],
      "end": [
            1689681380.401118,
            1689681380.4220643,
            1689681380.4229443,
            1689681380.4235678,
            1689681380.433751,
            1689681380.4344666,
            1689681380.4373322,
            1689681380.4484007,
            1689681380.4516518,
            1689681380.4546359,
            1689681380.4663467,
            1689681380.4837945,
            1689681380.4847724,
            1689681380.485828,
            1689681380.4895716,
            1689681380.4977322,
            1689681380.5074782,
            1689681380.5100377,
            1689681380.5334024,
            1689681380.5339956,
            1689681380.5392487,
            1689681380.5442173,
            1689681380.5473204,
            1689681380.5520566,
            1689681380.5552187,
            1689681380.5751996,
            1689681380.580248,
            1689681380.587057,
            1689681380.5878448,
            1689681380.58849,
            1689681380.5969305,
            1689681380.5997465,
            1689681380.6221027,
            1689681380.6338742,
            1689681380.6344116,
            1689681380.6415257,
            1689681380.6431468,
            1689681380.6481774,
            1689681380.6510618,
            1689681380.6539907,
            1689681380.6605165,
            1689681380.6606357,
            1689681380.6739714,
            1689681380.6804445,
            1689681380.691723,
            1689681380.6977348,
            1689681380.698421,
            1689681380.7053955,
            1689681380.7110467,
            1689681380.7122464
      ]
}