{
      "start": [
            1689681420.7503104,
            1689681420.7545717,
            1689681420.7428935,
            1689681420.7494545,
            1689681420.7330987,
            1689681420.7672937,
            1689681420.7797813,
            1689681420.7836854,
            1689681420.7926803,
            1689681420.791417,
            1689681420.7944329,
            1689681420.8030992,
            1689681420.8129203,
            1689681420.8152525,
            1689681420.8439722,
            1689681420.8189344,
            1689681420.8506846,
            1689681420.8372262,
            1689681420.8445714,
            1689681420.8823297,
            1689681420.8642719,
            1689681420.8999126,
            1689681420.8706977,
            1689681420.9031827,
            1689681420.9127357,
            1689681420.9175766,
            1689681420.904069,
            1689681420.9158437,
            1689681420.9372013,
            1689681420.9334104,
            1689681420.964747,
            1689681420.9393442,
            1689681420.9601192,
            1689681420.9546936,
            1689681420.9729643,
            1689681420.9764478,
            1689681420.9752185,
            1689681421.0031095,
            1689681421.0044851,
            1689681421.00041,
            1689681420.9925818,
            1689681421.0297086,
            1689681421.0178962,
            1689681421.0397775,
            1689681421.0496728,
            1689681421.033112,
            1689681421.0415792,
            1689681421.057836,
            1689681421.0717723,
            1689681421.074466
      ],
      "end": [
            1689681425.79896,
            1689681425.8037982,
            1689681425.8085563,
            1689681425.8091414,
            1689681425.8117228,
            1689681425.8172543,
            1689681425.8254101,
            1689681425.841262,
            1689681425.8546977,
            1689681425.8554134,
            1689681425.8603952,
            1689681425.8623672,
            1689681425.8773484,
            1689681425.886545,
            1689681425.903354,
            1689681425.9039838,
            1689681425.9057097,
            1689681425.9181452,
            1689681425.9211373,
            1689681425.9319692,
            1689681425.9342055,
            1689681425.9442003,
            1689681425.9534109,
            1689681425.9551487,
            1689681425.9604554,
            1689681425.973726,
            1689681425.9745266,
            1689681425.9790776,
            1689681425.9817271,
            1689681425.9839747,
            1689681426.0133522,
            1689681426.016732,
            1689681426.020442,
            1689681426.021788,
            1689681426.0301585,
            1689681426.044881,
            1689681426.0454597,
            1689681426.0572224,
            1689681426.0616357,
            1689681426.074438,
            1689681426.0751586,
            1689681426.076673,
            1689681426.0968418,
            1689681426.0999854,
            1689681426.1030114,
            1689681426.1048923,
            1689681426.1069415,
            1689681426.108842,
            1689681426.120194,
            1689681426.123177
      ]
}