{
      "start": [
            1689681441.830456,
            1689681441.8119318,
            1689681441.8314314,
            1689681441.8269193,
            1689681441.8332021,
            1689681441.8560216,
            1689681441.8610914,
            1689681441.8498895,
            1689681441.8661373,
            1689681441.8852293,
            1689681441.8827538,
            1689681441.874953,
            1689681441.897308,
            1689681441.8912814,
            1689681441.8995554,
            1689681441.8800025,
            1689681441.9207833,
            1689681441.9174814,
            1689681441.9296906,
            1689681441.938726,
            1689681441.9404936,
            1689681441.9532695,
            1689681441.9516397,
            1689681441.9614456,
            1689681441.9572594,
            1689681442.4204633,
            1689681441.9729648,
            1689681442.4276671,
            1689681442.422828,
            1689681442.4371104,
            1689681442.4349666,
            1689681442.45168,
            1689681442.4452937,
            1689681442.456592,
            1689681442.4796042,
            1689681442.4773045,
            1689681442.4748738,
            1689681442.4840143,
            1689681442.4950216,
            1689681442.5048497,
            1689681442.518478,
            1689681442.5030198,
            1689681442.5360973,
            1689681442.5305126,
            1689681442.538993,
            1689681442.5341258,
            1689681442.5205433,
            1689681442.5350344,
            1689681442.540123,
            1689681442.5740936
      ],
      "end": [
            1689681446.8829544,
            1689681446.883078,
            1689681446.8841925,
            1689681446.8855948,
            1689681446.8892925,
            1689681446.8993344,
            1689681446.904216,
            1689681446.9056108,
            1689681446.9130878,
            1689681446.9389977,
            1689681446.941999,
            1689681446.9451518,
            1689681446.9487813,
            1689681446.949396,
            1689681446.9550886,
            1689681446.9556987,
            1689681446.9719455,
            1689681446.9744713,
            1689681446.9770308,
            1689681446.9807675,
            1689681447.0010533,
            1689681447.447532,
            1689681447.4513896,
            1689681447.4687371,
            1689681447.4703455,
            1689681447.4738488,
            1689681447.4760814,
            1689681447.4870098,
            1689681447.4886446,
            1689681447.490844,
            1689681447.4940655,
            1689681447.511362,
            1689681447.517067,
            1689681447.5231602,
            1689681447.5264883,
            1689681447.54041,
            1689681447.5409846,
            1689681447.5484502,
            1689681447.5493288,
            1689681447.5586052,
            1689681447.5643187,
            1689681447.568251,
            1689681447.5822492,
            1689681447.585698,
            1689681447.5916183,
            1689681447.59543,
            1689681447.5963333,
            1689681447.6078198,
            1689681447.6092858,
            1689681447.6129072
      ]
}