{
      "start": [
            1689681459.1324053,
            1689681459.1468375,
            1689681459.1392279,
            1689681459.1400864,
            1689681459.1543283,
            1689681459.1553714,
            1689681459.171527,
            1689681459.1943827,
            1689681459.1771822,
            1689681459.1984074,
            1689681459.2011385,
            1689681459.2045677,
            1689681459.2230384,
            1689681459.21058,
            1689681459.2367792,
            1689681459.242306,
            1689681459.2247784,
            1689681459.269846,
            1689681459.2454169,
            1689681459.2618713,
            1689681459.2721517,
            1689681459.2798066,
            1689681459.2598891,
            1689681459.2941644,
            1689681459.280437,
            1689681459.3152077,
            1689681459.2989151,
            1689681459.3027737,
            1689681459.313124,
            1689681459.3304625,
            1689681459.3435857,
            1689681459.3543851,
            1689681459.3357356,
            1689681459.369725,
            1689681459.3501258,
            1689681459.3561342,
            1689681459.3823292,
            1689681459.3729453,
            1689681459.3859057,
            1689681459.4115765,
            1689681459.4066415,
            1689681459.4142268,
            1689681459.4000764,
            1689681459.4324017,
            1689681459.4208488,
            1689681459.434899,
            1689681459.4428866,
            1689681459.4497027,
            1689681459.4584172,
            1689681459.4617455
      ],
      "end": [
            1689681464.2056673,
            1689681464.2062526,
            1689681464.2144036,
            1689681464.2170475,
            1689681464.2211988,
            1689681464.2221582,
            1689681464.2265637,
            1689681464.2361531,
            1689681464.239054,
            1689681464.2612529,
            1689681464.2655373,
            1689681464.2697852,
            1689681464.2731905,
            1689681464.275125,
            1689681464.2853694,
            1689681464.2898538,
            1689681464.29047,
            1689681464.316089,
            1689681464.3167434,
            1689681464.3228283,
            1689681464.3374183,
            1689681464.3381014,
            1689681464.3407583,
            1689681464.3488903,
            1689681464.3546896,
            1689681464.362159,
            1689681464.363589,
            1689681464.36538,
            1689681464.3810694,
            1689681464.386879,
            1689681464.4064345,
            1689681464.408277,
            1689681464.4090912,
            1689681464.413016,
            1689681464.416781,
            1689681464.426061,
            1689681464.42943,
            1689681464.4364052,
            1689681464.4422863,
            1689681464.461493,
            1689681464.4626493,
            1689681464.4696054,
            1689681464.4711127,
            1689681464.4853947,
            1689681464.4861338,
            1689681464.4868774,
            1689681464.4981163,
            1689681464.5054228,
            1689681464.506109,
            1689681464.5088465
      ]
}