{
      "start": [
            1689681250.744221,
            1689681250.7478004,
            1689681250.7496226,
            1689681250.7258592,
            1689681250.7409167,
            1689681250.7451677,
            1689681250.7896042,
            1689681250.7680445,
            1689681250.7645857,
            1689681250.7809021,
            1689681250.7773929,
            1689681250.7963674,
            1689681250.8165927,
            1689681250.8205485,
            1689681250.8226585,
            1689681250.830018,
            1689681250.8413172,
            1689681250.8317518,
            1689681250.8364427,
            1689681250.856665,
            1689681250.858841,
            1689681250.863848,
            1689681250.8747466,
            1689681250.869641,
            1689681250.8774998,
            1689681250.888868,
            1689681250.8980029,
            1689681250.9017289,
            1689681250.9106586,
            1689681250.919943,
            1689681250.9154816,
            1689681250.9207911,
            1689681250.9373102,
            1689681250.9218776,
            1689681250.9400864,
            1689681250.933764,
            1689681250.962711,
            1689681250.9553757,
            1689681250.9602528,
            1689681250.9684987,
            1689681250.9817252,
            1689681250.9948301,
            1689681250.9794714,
            1689681251.0030496,
            1689681251.0190578,
            1689681251.0086546,
            1689681251.016238,
            1689681251.0365603,
            1689681251.020098,
            1689681251.0342124
      ],
      "end": [
            1689681255.7991068,
            1689681255.809853,
            1689681255.8156192,
            1689681255.8165135,
            1689681255.8171895,
            1689681255.8177376,
            1689681255.8365927,
            1689681255.837275,
            1689681255.837867,
            1689681255.842542,
            1689681255.843988,
            1689681255.8504467,
            1689681255.8623607,
            1689681255.867541,
            1689681255.8766203,
            1689681255.8918242,
            1689681255.8930995,
            1689681255.8990755,
            1689681255.9047492,
            1689681255.9115736,
            1689681255.9182315,
            1689681255.9224446,
            1689681255.926265,
            1689681255.9279149,
            1689681255.9353518,
            1689681255.9471028,
            1689681255.9477782,
            1689681255.9553423,
            1689681255.9591653,
            1689681255.972869,
            1689681255.980153,
            1689681255.9833364,
            1689681255.9876664,
            1689681255.9878683,
            1689681255.999017,
            1689681255.9991567,
            1689681256.016043,
            1689681256.0184627,
            1689681256.0195093,
            1689681256.0249662,
            1689681256.0378995,
            1689681256.0399368,
            1689681256.0405946,
            1689681256.0505648,
            1689681256.0606906,
            1689681256.0677571,
            1689681256.074586,
            1689681256.0818079,
            1689681256.0824401,
            1689681256.0905719
      ]
}