{
      "start": [
            1689681470.4234705,
            1689681470.4270568,
            1689681470.4081368,
            1689681470.4349818,
            1689681470.4370797,
            1689681470.4288406,
            1689681470.445805,
            1689681470.4720678,
            1689681470.4616954,
            1689681470.4568503,
            1689681470.4741383,
            1689681470.4824991,
            1689681470.5017858,
            1689681470.510456,
            1689681470.4958897,
            1689681470.4906456,
            1689681470.503243,
            1689681470.5305421,
            1689681470.5327797,
            1689681470.552151,
            1689681470.5432,
            1689681470.5607302,
            1689681470.5744574,
            1689681470.5568645,
            1689681470.5710263,
            1689681470.5911727,
            1689681470.5753024,
            1689681470.5843413,
            1689681470.5994737,
            1689681470.6146543,
            1689681470.603486,
            1689681470.6175513,
            1689681470.651849,
            1689681470.6352847,
            1689681470.637161,
            1689681470.6586454,
            1689681470.6651187,
            1689681470.62689,
            1689681470.6509185,
            1689681470.657295,
            1689681470.6912112,
            1689681470.6778126,
            1689681470.679353,
            1689681470.7022865,
            1689681470.7162936,
            1689681470.7038577,
            1689681470.732307,
            1689681470.7303848,
            1689681470.7372808,
            1689681470.7446697
      ],
      "end": [
            1689681475.4817019,
            1689681475.4823256,
            1689681475.482999,
            1689681475.4888124,
            1689681475.504388,
            1689681475.5175667,
            1689681475.5277553,
            1689681475.5286813,
            1689681475.5325625,
            1689681475.5326633,
            1689681475.5474262,
            1689681475.5510898,
            1689681475.5602632,
            1689681475.5643528,
            1689681475.569367,
            1689681475.571834,
            1689681475.573381,
            1689681475.579044,
            1689681475.582531,
            1689681475.6010077,
            1689681475.6037133,
            1689681475.6153646,
            1689681475.6237621,
            1689681475.6258986,
            1689681475.6276672,
            1689681475.6383567,
            1689681475.642127,
            1689681475.6457393,
            1689681475.6496937,
            1689681475.668266,
            1689681475.6697953,
            1689681475.6829863,
            1689681475.7041829,
            1689681475.709608,
            1689681475.7173386,
            1689681475.7185574,
            1689681475.7203214,
            1689681475.7225838,
            1689681475.7280083,
            1689681475.7356472,
            1689681475.7405136,
            1689681475.7474265,
            1689681475.7513325,
            1689681475.7577794,
            1689681475.76868,
            1689681475.7719102,
            1689681475.7744336,
            1689681475.7841542,
            1689681475.7842746,
            1689681475.7917573
      ]
}