{
      "start": [
            1689681481.691477,
            1689681481.7028232,
            1689681481.682852,
            1689681481.692305,
            1689681481.7102983,
            1689681481.718126,
            1689681481.727054,
            1689681481.73129,
            1689681481.745881,
            1689681481.7394536,
            1689681481.75677,
            1689681481.74146,
            1689681481.7466867,
            1689681481.7593737,
            1689681481.7605305,
            1689681481.782316,
            1689681481.7933855,
            1689681481.7854106,
            1689681481.7956898,
            1689681481.8201208,
            1689681481.8034499,
            1689681481.8360546,
            1689681481.8221266,
            1689681481.8334236,
            1689681481.8591604,
            1689681481.8446007,
            1689681481.8384862,
            1689681481.860515,
            1689681481.8583446,
            1689681481.8728151,
            1689681481.894734,
            1689681481.8620918,
            1689681481.8800576,
            1689681481.9023335,
            1689681481.9139838,
            1689681481.918964,
            1689681481.918345,
            1689681481.9198623,
            1689681481.9165375,
            1689681481.9208035,
            1689681481.9470496,
            1689681481.9629483,
            1689681481.9545772,
            1689681481.9743097,
            1689681481.9770246,
            1689681481.985793,
            1689681481.9835155,
            1689681481.999277,
            1689681482.0079906,
            1689681482.0065453
      ],
      "end": [
            1689681486.7432501,
            1689681486.7498736,
            1689681486.7500021,
            1689681486.7587812,
            1689681486.7618937,
            1689681486.776249,
            1689681486.7777123,
            1689681486.7803397,
            1689681486.7877562,
            1689681486.7922955,
            1689681486.8024547,
            1689681486.8060262,
            1689681486.8180478,
            1689681486.819424,
            1689681486.825399,
            1689681486.828073,
            1689681486.8490293,
            1689681486.8496523,
            1689681486.8582106,
            1689681486.8699179,
            1689681486.871172,
            1689681486.8773322,
            1689681486.880389,
            1689681486.8898659,
            1689681486.9222116,
            1689681486.923924,
            1689681486.9245532,
            1689681486.925698,
            1689681486.9274278,
            1689681486.9480386,
            1689681486.957955,
            1689681486.959496,
            1689681486.965763,
            1689681486.9664052,
            1689681486.9777367,
            1689681486.9828007,
            1689681486.9851456,
            1689681486.9858983,
            1689681486.98655,
            1689681486.9995422,
            1689681487.0082242,
            1689681487.0139897,
            1689681487.022353,
            1689681487.0353677,
            1689681487.0375924,
            1689681487.037709,
            1689681487.0408332,
            1689681487.0427182,
            1689681487.0514135,
            1689681487.052942
      ]
}