{
      "start": [
            1689681487.331937,
            1689681487.3327546,
            1689681487.319467,
            1689681487.3264036,
            1689681487.3089948,
            1689681487.3414826,
            1689681487.3476844,
            1689681487.3204165,
            1689681487.3560305,
            1689681487.3912566,
            1689681487.3712344,
            1689681487.3784068,
            1689681487.3845446,
            1689681487.4110308,
            1689681487.4023278,
            1689681487.4222188,
            1689681487.4183395,
            1689681487.4255764,
            1689681487.4205248,
            1689681487.4318247,
            1689681487.4555237,
            1689681487.4418304,
            1689681487.456235,
            1689681487.4535956,
            1689681487.476238,
            1689681487.4579215,
            1689681487.4831207,
            1689681487.5010314,
            1689681487.500184,
            1689681487.4925807,
            1689681487.4971085,
            1689681487.4980166,
            1689681487.532296,
            1689681487.5393143,
            1689681487.5361109,
            1689681487.5461113,
            1689681487.5600333,
            1689681487.5681088,
            1689681487.5509343,
            1689681487.5559833,
            1689681487.5587747,
            1689681487.5992568,
            1689681487.6022995,
            1689681487.6043646,
            1689681487.5823545,
            1689681487.597254,
            1689681487.6051817,
            1689681487.6222274,
            1689681487.6159031,
            1689681487.634229
      ],
      "end": [
            1689681492.3844182,
            1689681492.389363,
            1689681492.3935196,
            1689681492.4046814,
            1689681492.4053433,
            1689681492.4085648,
            1689681492.4189835,
            1689681492.419884,
            1689681492.4213035,
            1689681492.4360466,
            1689681492.43807,
            1689681492.4440222,
            1689681492.4495847,
            1689681492.4610176,
            1689681492.461129,
            1689681492.4713387,
            1689681492.483218,
            1689681492.483831,
            1689681492.4860685,
            1689681492.5010366,
            1689681492.5017557,
            1689681492.5070262,
            1689681492.518935,
            1689681492.5210946,
            1689681492.5266013,
            1689681492.5337405,
            1689681492.554104,
            1689681492.5575514,
            1689681492.5581527,
            1689681492.5589058,
            1689681492.562474,
            1689681492.5655859,
            1689681492.585182,
            1689681492.5868926,
            1689681492.5944123,
            1689681492.6160028,
            1689681492.6219676,
            1689681492.622616,
            1689681492.6270185,
            1689681492.628374,
            1689681492.6355438,
            1689681492.6604662,
            1689681492.6635077,
            1689681492.6698103,
            1689681492.679115,
            1689681492.6804512,
            1689681492.6810389,
            1689681492.6816702,
            1689681492.6825292,
            1689681492.689917
      ]
}