{
      "start": [
            1689681492.9634485,
            1689681492.9695575,
            1689681492.9500237,
            1689681492.9685822,
            1689681492.9722035,
            1689681492.9842625,
            1689681492.9918532,
            1689681492.9854417,
            1689681492.9979992,
            1689681493.011237,
            1689681493.0147557,
            1689681493.0250359,
            1689681493.0335276,
            1689681493.0344558,
            1689681493.0548577,
            1689681493.0416672,
            1689681493.0626662,
            1689681493.0586686,
            1689681493.0659487,
            1689681493.090447,
            1689681493.0823407,
            1689681493.0747297,
            1689681493.0983632,
            1689681493.104214,
            1689681493.1233728,
            1689681493.1311464,
            1689681493.1006718,
            1689681493.1111846,
            1689681493.116841,
            1689681493.139071,
            1689681493.1582322,
            1689681493.160134,
            1689681493.1671886,
            1689681493.1619523,
            1689681493.171272,
            1689681493.1903622,
            1689681493.1792352,
            1689681493.196844,
            1689681493.1700368,
            1689681493.1987004,
            1689681493.218232,
            1689681493.21181,
            1689681493.222006,
            1689681493.2396343,
            1689681493.2378068,
            1689681493.2366254,
            1689681493.2254193,
            1689681493.2554855,
            1689681493.259288,
            1689681493.2717516
      ],
      "end": [
            1689681498.0146556,
            1689681498.0252097,
            1689681498.0258703,
            1689681498.0306294,
            1689681498.0341022,
            1689681498.036274,
            1689681498.0460315,
            1689681498.0523279,
            1689681498.0524116,
            1689681498.0583398,
            1689681498.0647495,
            1689681498.0764494,
            1689681498.0802138,
            1689681498.0907352,
            1689681498.098311,
            1689681498.0990417,
            1689681498.1079612,
            1689681498.1120963,
            1689681498.1322684,
            1689681498.135069,
            1689681498.1361904,
            1689681498.1452901,
            1689681498.1544986,
            1689681498.1546302,
            1689681498.17175,
            1689681498.1734998,
            1689681498.1740842,
            1689681498.1753478,
            1689681498.178565,
            1689681498.1984582,
            1689681498.2037382,
            1689681498.208751,
            1689681498.224509,
            1689681498.225891,
            1689681498.237229,
            1689681498.2387557,
            1689681498.2434382,
            1689681498.2457323,
            1689681498.2464848,
            1689681498.2626283,
            1689681498.2652051,
            1689681498.2829542,
            1689681498.2843912,
            1689681498.2963057,
            1689681498.2972014,
            1689681498.297864,
            1689681498.298403,
            1689681498.299666,
            1689681498.307452,
            1689681498.310545
      ]
}