{
      "start": [
            1689681498.57946,
            1689681498.590826,
            1689681498.5860937,
            1689681499.1313665,
            1689681498.5869067,
            1689681498.5706148,
            1689681499.1453924,
            1689681499.1773612,
            1689681499.1756866,
            1689681499.1735115,
            1689681499.1645281,
            1689681499.1623418,
            1689681499.1856887,
            1689681499.196902,
            1689681499.2032704,
            1689681499.223509,
            1689681499.2197187,
            1689681499.2399435,
            1689681499.235551,
            1689681499.2435925,
            1689681499.256744,
            1689681499.2377026,
            1689681499.259445,
            1689681499.2787745,
            1689681499.2762392,
            1689681499.2799125,
            1689681499.3001692,
            1689681499.2728376,
            1689681499.3029494,
            1689681499.305751,
            1689681499.3160388,
            1689681499.3312206,
            1689681499.3277378,
            1689681499.3320963,
            1689681499.3504484,
            1689681499.3573868,
            1689681499.354981,
            1689681499.3799329,
            1689681499.3644297,
            1689681499.3708203,
            1689681499.3826914,
            1689681499.3929534,
            1689681499.4052503,
            1689681499.4121368,
            1689681499.4019303,
            1689681499.4198909,
            1689681499.431041,
            1689681499.4334965,
            1689681499.4410064,
            1689681499.4531534
      ],
      "end": [
            1689681504.1690629,
            1689681504.1839495,
            1689681504.1856537,
            1689681504.1930597,
            1689681504.193858,
            1689681504.1987228,
            1689681504.2195125,
            1689681504.221952,
            1689681504.2226071,
            1689681504.2242115,
            1689681504.234693,
            1689681504.2353365,
            1689681504.2431254,
            1689681504.2509952,
            1689681504.2676573,
            1689681504.2736993,
            1689681504.277166,
            1689681504.293022,
            1689681504.2959433,
            1689681504.3002243,
            1689681504.3067696,
            1689681504.3075058,
            1689681504.3203511,
            1689681504.3385267,
            1689681504.3391955,
            1689681504.3432019,
            1689681504.3437734,
            1689681504.3449297,
            1689681504.357974,
            1689681504.366147,
            1689681504.367743,
            1689681504.3760653,
            1689681504.3781118,
            1689681504.380742,
            1689681504.3990927,
            1689681504.4020882,
            1689681504.4044805,
            1689681504.4240954,
            1689681504.427633,
            1689681504.435982,
            1689681504.4408407,
            1689681504.4421484,
            1689681504.4533274,
            1689681504.455956,
            1689681504.4565918,
            1689681504.4676518,
            1689681504.4795213,
            1689681504.482243,
            1689681504.4862945,
            1689681504.4950273
      ]
}