{
      "start": [
            1689681504.7517822,
            1689681504.7635317,
            1689681504.7646067,
            1689681504.7726142,
            1689681504.775245,
            1689681504.7915394,
            1689681504.7959127,
            1689681504.8033924,
            1689681504.778064,
            1689681504.8159134,
            1689681504.8352315,
            1689681504.8233707,
            1689681504.8376548,
            1689681504.8328123,
            1689681504.8504713,
            1689681504.8606622,
            1689681504.8633788,
            1689681504.8627002,
            1689681504.8764231,
            1689681504.8723369,
            1689681504.897965,
            1689681504.8858678,
            1689681504.900467,
            1689681504.9018373,
            1689681504.9165852,
            1689681504.924743,
            1689681504.9215991,
            1689681504.942028,
            1689681504.9304085,
            1689681504.9380572,
            1689681504.9441085,
            1689681504.954358,
            1689681504.9654427,
            1689681504.9733305,
            1689681504.9838014,
            1689681504.9794703,
            1689681504.994116,
            1689681505.0002682,
            1689681505.0131528,
            1689681505.003023,
            1689681505.0219033,
            1689681505.0318806,
            1689681505.015619,
            1689681505.0390692,
            1689681505.0793278,
            1689681505.0773728,
            1689681505.0568535,
            1689681505.0705037,
            1689681505.0458164,
            1689681505.0910666
      ],
      "end": [
            1689681509.8129315,
            1689681509.8343067,
            1689681509.8350422,
            1689681509.8364854,
            1689681509.8474278,
            1689681509.8475447,
            1689681509.8558958,
            1689681509.8589172,
            1689681509.868525,
            1689681509.8727777,
            1689681509.8811266,
            1689681509.8812506,
            1689681509.89385,
            1689681509.895377,
            1689681509.9050632,
            1689681509.91957,
            1689681509.9206684,
            1689681509.9207733,
            1689681509.9303906,
            1689681509.9329572,
            1689681509.9371228,
            1689681509.9467142,
            1689681509.9588664,
            1689681509.9590023,
            1689681509.960574,
            1689681509.980587,
            1689681509.9854405,
            1689681509.9906485,
            1689681509.9995189,
            1689681510.0001829,
            1689681510.0080295,
            1689681510.0192907,
            1689681510.019958,
            1689681510.0351267,
            1689681510.0464745,
            1689681510.0472217,
            1689681510.0549965,
            1689681510.0570705,
            1689681510.0659363,
            1689681510.084618,
            1689681510.0868933,
            1689681510.0900285,
            1689681510.091661,
            1689681510.1080205,
            1689681510.119773,
            1689681510.1240597,
            1689681510.1248555,
            1689681510.1287682,
            1689681510.129406,
            1689681510.1336026
      ]
}