{
      "start": [
            1689681510.3928375,
            1689681510.399973,
            1689681510.4059029,
            1689681510.4138358,
            1689681510.4269586,
            1689681510.4334211,
            1689681510.442756,
            1689681510.44752,
            1689681510.4453437,
            1689681510.451304,
            1689681510.4619832,
            1689681510.464673,
            1689681510.4727519,
            1689681510.4752622,
            1689681510.475806,
            1689681510.493215,
            1689681510.4833164,
            1689681510.4912858,
            1689681510.5057771,
            1689681510.5236497,
            1689681510.5113852,
            1689681510.5132136,
            1689681510.5409267,
            1689681510.5518856,
            1689681510.5512202,
            1689681510.563927,
            1689681510.5551884,
            1689681510.5432823,
            1689681510.5773222,
            1689681510.5983737,
            1689681510.606443,
            1689681510.5821054,
            1689681510.5851314,
            1689681510.6175847,
            1689681510.6253777,
            1689681510.6197903,
            1689681510.6332874,
            1689681510.6504662,
            1689681510.6533659,
            1689681510.621582,
            1689681510.6608372,
            1689681510.663033,
            1689681510.6728737,
            1689681510.6757903,
            1689681510.6844945,
            1689681510.6823459,
            1689681510.6985044,
            1689681510.7126565,
            1689681510.7043426,
            1689681510.715082
      ],
      "end": [
            1689681515.4572515,
            1689681515.4573712,
            1689681515.4592667,
            1689681515.468045,
            1689681515.473237,
            1689681515.475971,
            1689681515.482043,
            1689681515.4900718,
            1689681515.5030036,
            1689681515.5071785,
            1689681515.5148716,
            1689681515.520589,
            1689681515.5240078,
            1689681515.5272462,
            1689681515.5496898,
            1689681515.5639956,
            1689681515.5651085,
            1689681515.5652275,
            1689681515.574054,
            1689681515.5797787,
            1689681515.5805862,
            1689681515.6036048,
            1689681515.6037538,
            1689681515.6125097,
            1689681515.6156492,
            1689681515.6245599,
            1689681515.6300752,
            1689681515.6315422,
            1689681515.6346035,
            1689681515.641784,
            1689681515.6458848,
            1689681515.6470945,
            1689681515.6552618,
            1689681515.6614685,
            1689681515.6777344,
            1689681515.679259,
            1689681515.6866252,
            1689681515.6945229,
            1689681515.6985393,
            1689681515.7020504,
            1689681515.7028744,
            1689681515.7211452,
            1689681515.7218096,
            1689681515.726089,
            1689681515.7388966,
            1689681515.7395527,
            1689681515.753553,
            1689681515.756184,
            1689681515.7567997,
            1689681515.7590857
      ]
}