{
      "start": [
            1689681262.0858529,
            1689681262.105906,
            1689681262.100907,
            1689681262.1049461,
            1689681262.114039,
            1689681262.1478584,
            1689681262.1200364,
            1689681262.1301568,
            1689681262.108561,
            1689681262.1374729,
            1689681262.149676,
            1689681262.1730597,
            1689681262.1597838,
            1689681262.1720855,
            1689681262.1738558,
            1689681262.1902816,
            1689681262.1808844,
            1689681262.2093072,
            1689681262.2048805,
            1689681262.1981037,
            1689681262.2123806,
            1689681262.2177105,
            1689681262.223527,
            1689681262.230666,
            1689681262.2520683,
            1689681262.2377615,
            1689681262.2491372,
            1689681262.253867,
            1689681262.255679,
            1689681262.2758162,
            1689681262.2918575,
            1689681262.2891283,
            1689681262.2778041,
            1689681262.3027327,
            1689681262.293003,
            1689681262.3112607,
            1689681262.311792,
            1689681262.32115,
            1689681262.3277473,
            1689681262.3327332,
            1689681262.3399904,
            1689681262.3357074,
            1689681262.3518822,
            1689681262.3590102,
            1689681262.3685782,
            1689681262.3793416,
            1689681262.371914,
            1689681262.3904784,
            1689681262.3883226,
            1689681262.394594
      ],
      "end": [
            1689681267.1540053,
            1689681267.156847,
            1689681267.1628835,
            1689681267.163007,
            1689681267.1910305,
            1689681267.1916196,
            1689681267.1931665,
            1689681267.1937315,
            1689681267.194853,
            1689681267.2008553,
            1689681267.2025166,
            1689681267.2099764,
            1689681267.2179856,
            1689681267.2223718,
            1689681267.2237825,
            1689681267.2388573,
            1689681267.2427068,
            1689681267.2548552,
            1689681267.2593358,
            1689681267.26698,
            1689681267.2722547,
            1689681267.2738118,
            1689681267.2752862,
            1689681267.2895973,
            1689681267.2963135,
            1689681267.2968543,
            1689681267.2989454,
            1689681267.3193538,
            1689681267.3286667,
            1689681267.3293612,
            1689681267.3381824,
            1689681267.3387477,
            1689681267.3403184,
            1689681267.3477461,
            1689681267.3561115,
            1689681267.3596413,
            1689681267.367336,
            1689681267.3770626,
            1689681267.3853989,
            1689681267.3900836,
            1689681267.39603,
            1689681267.396725,
            1689681267.3972807,
            1689681267.4157417,
            1689681267.418071,
            1689681267.4190805,
            1689681267.4262826,
            1689681267.4361956,
            1689681267.436808,
            1689681267.4388046
      ]
}