{
      "start": [
            1689681267.7088788,
            1689681267.7224166,
            1689681267.695451,
            1689681267.7160976,
            1689681267.7322907,
            1689681267.7479572,
            1689681267.74341,
            1689681267.737608,
            1689681267.7498085,
            1689681267.7411783,
            1689681267.75066,
            1689681267.775742,
            1689681267.79645,
            1689681267.7925384,
            1689681267.8030882,
            1689681267.782686,
            1689681267.8159904,
            1689681267.8126414,
            1689681267.8186824,
            1689681267.8318264,
            1689681267.8392398,
            1689681267.8561602,
            1689681267.8417232,
            1689681267.8530185,
            1689681267.860304,
            1689681267.8717153,
            1689681267.8778925,
            1689681267.8930979,
            1689681267.8960376,
            1689681267.914357,
            1689681267.9108016,
            1689681267.9078138,
            1689681267.916627,
            1689681267.9353182,
            1689681267.9238067,
            1689681267.9314568,
            1689681268.1075907,
            1689681268.0999098,
            1689681268.117579,
            1689681268.1054597,
            1689681268.1139255,
            1689681268.137754,
            1689681268.1317828,
            1689681268.1387224,
            1689681268.1350994,
            1689681268.172597,
            1689681268.1677983,
            1689681268.170066,
            1689681268.1501546,
            1689681268.176041
      ],
      "end": [
            1689681272.7508318,
            1689681272.7646956,
            1689681272.7711408,
            1689681272.7792745,
            1689681272.8007026,
            1689681272.8042557,
            1689681272.820247,
            1689681272.8209136,
            1689681272.8253999,
            1689681272.829639,
            1689681272.83033,
            1689681272.8380756,
            1689681272.8488479,
            1689681272.8530347,
            1689681272.8640943,
            1689681272.865377,
            1689681272.8743134,
            1689681272.877659,
            1689681272.8785644,
            1689681272.8835104,
            1689681272.8974845,
            1689681272.902918,
            1689681272.907366,
            1689681272.9163072,
            1689681272.9188223,
            1689681272.920922,
            1689681272.9346058,
            1689681272.9371645,
            1689681272.94846,
            1689681272.9603076,
            1689681272.967817,
            1689681273.1246777,
            1689681273.125296,
            1689681273.1291728,
            1689681273.1310823,
            1689681273.1384082,
            1689681273.1535783,
            1689681273.154292,
            1689681273.1672816,
            1689681273.1690593,
            1689681273.1728873,
            1689681273.180424,
            1689681273.185255,
            1689681273.1981125,
            1689681273.2006185,
            1689681273.2080326,
            1689681273.211094,
            1689681273.215419,
            1689681273.2214022,
            1689681273.225166
      ]
}