{
      "start": [
            1689681273.469237,
            1689681273.4761708,
            1689681273.4896955,
            1689681273.4821758,
            1689681273.488836,
            1689681273.491631,
            1689681273.5026386,
            1689681273.5317733,
            1689681273.5212042,
            1689681273.5165095,
            1689681273.5396597,
            1689681273.5421448,
            1689681273.560129,
            1689681273.5550685,
            1689681273.5680406,
            1689681273.57114,
            1689681273.5634284,
            1689681273.5781417,
            1689681273.5813394,
            1689681273.6139655,
            1689681273.588141,
            1689681273.597154,
            1689681273.6008143,
            1689681273.6178877,
            1689681273.6414247,
            1689681273.636183,
            1689681273.6392376,
            1689681273.6433606,
            1689681273.668712,
            1689681273.6721077,
            1689681273.6557648,
            1689681273.68827,
            1689681273.6840916,
            1689681273.690497,
            1689681273.6964767,
            1689681273.7045336,
            1689681273.7093287,
            1689681273.706887,
            1689681273.705321,
            1689681273.717032,
            1689681273.7478938,
            1689681273.7394867,
            1689681273.748619,
            1689681273.7407942,
            1689681273.7679508,
            1689681273.7760553,
            1689681273.7637498,
            1689681273.743091,
            1689681273.7560153,
            1689681273.7220564
      ],
      "end": [
            1689681278.5424812,
            1689681278.547096,
            1689681278.5499594,
            1689681278.552186,
            1689681278.5536559,
            1689681278.5608747,
            1689681278.5775406,
            1689681278.5803142,
            1689681278.5835025,
            1689681278.594808,
            1689681278.594959,
            1689681278.5975275,
            1689681278.602342,
            1689681278.6185122,
            1689681278.622052,
            1689681278.630186,
            1689681278.6407442,
            1689681278.6415305,
            1689681278.6449723,
            1689681278.654671,
            1689681278.656841,
            1689681278.6587543,
            1689681278.6729333,
            1689681278.675001,
            1689681278.6802652,
            1689681278.69204,
            1689681278.6926732,
            1689681278.6989028,
            1689681278.7025473,
            1689681278.7099216,
            1689681278.7145514,
            1689681278.7267325,
            1689681278.728936,
            1689681278.7361488,
            1689681278.750483,
            1689681278.7596986,
            1689681278.7645729,
            1689681278.7651756,
            1689681278.765691,
            1689681278.7772086,
            1689681278.7972507,
            1689681278.800374,
            1689681278.8138878,
            1689681278.8152335,
            1689681278.8200612,
            1689681278.8229473,
            1689681278.8256576,
            1689681278.8282635,
            1689681278.8289795,
            1689681278.8312855
      ]
}