{
      "start": [
            1691058861.1414886,
            1691058861.1339839,
            1691058861.124997,
            1691058861.1405802,
            1691058861.150652,
            1691058861.149706,
            1691058861.1458614,
            1691058861.1635194,
            1691058861.1913593,
            1691058861.1787155,
            1691058861.1834478,
            1691058861.2003794,
            1691058861.2019894,
            1691058861.222519,
            1691058861.2245848,
            1691058861.2202942,
            1691058861.206133,
            1691058861.3532088,
            1691058861.3713462,
            1691058861.3555934,
            1691058861.3834703,
            1691058861.3956773,
            1691058861.4120095,
            1691058861.3921306,
            1691058861.4139316,
            1691058861.405807,
            1691058861.3968587,
            1691058861.4318438,
            1691058861.4161932,
            1691058861.4371183,
            1691058861.436276,
            1691058861.5119917,
            1691058861.4551167,
            1691058861.4451175,
            1691058861.501379,
            1691058861.4798143,
            1691058861.478101,
            1691058861.5246212,
            1691058861.5473301,
            1691058861.4746368,
            1691058861.482052,
            1691058861.4661946,
            1691058861.5425584,
            1691058861.5490222,
            1691058861.5657215,
            1691058861.5673084,
            1691058861.5630639,
            1691058861.4916863,
            1691058861.5040267,
            1691058861.5332868
      ],
      "end": [
            1691058866.5827272,
            1691058866.5839086,
            1691058866.5867882,
            1691058866.588723,
            1691058866.6023197,
            1691058866.603683,
            1691058866.6110983,
            1691058866.6133363,
            1691058866.622997,
            1691058866.6248064,
            1691058866.6271207,
            1691058866.7643352,
            1691058866.7695878,
            1691058866.781039,
            1691058866.783426,
            1691058866.791965,
            1691058866.8029675,
            1691058866.8050408,
            1691058866.8071823,
            1691058866.812775,
            1691058866.8143668,
            1691058866.8191392,
            1691058866.8418715,
            1691058866.8458507,
            1691058866.8532178,
            1691058866.854703,
            1691058866.858598,
            1691058866.8699832,
            1691058866.8752136,
            1691058866.8786476,
            1691058866.8924735,
            1691058866.893282,
            1691058866.9036036,
            1691058866.903757,
            1691058866.9043024,
            1691058866.9064953,
            1691058866.9119923,
            1691058866.9125898,
            1691058866.9138284,
            1691058866.9144235,
            1691058866.9154003,
            1691058866.9158628,
            1691058866.9236681,
            1691058866.9258823,
            1691058866.9300447,
            1691058866.9321449,
            1691058866.935465,
            1691058866.9380078,
            1691058866.9391534,
            1691058866.9565375
      ]
}