{
      "start": [
            1689771197.421983,
            1689771197.4245794,
            1689771197.4257824,
            1689771197.426823,
            1689771197.4278975,
            1689771197.4289634,
            1689771197.4299965,
            1689771197.431077,
            1689771197.4321072,
            1689771197.433352,
            1689771197.4343805,
            1689771197.4354665,
            1689771197.4365919,
            1689771197.437656,
            1689771197.4386969,
            1689771197.4397311,
            1689771197.4407935,
            1689771197.4419491,
            1689771197.4429674,
            1689771197.444049,
            1689771197.4451125,
            1689771197.4461462,
            1689771197.447173,
            1689771197.4482207,
            1689771197.4492588,
            1689771197.450392,
            1689771197.4514582,
            1689771197.452478,
            1689771197.453543,
            1689771197.4546616,
            1689771197.455726,
            1689771197.4567523,
            1689771197.4578936,
            1689771197.4589276,
            1689771197.4599452,
            1689771197.4609983,
            1689771197.4620178,
            1689771197.463074,
            1689771197.4641185,
            1689771197.465167,
            1689771197.466299,
            1689771197.4673505,
            1689771197.468395,
            1689771197.4694061,
            1689771197.470442,
            1689771197.471494,
            1689771197.4725268,
            1689771197.4737306,
            1689771197.474775,
            1689771197.4758267
      ],
      "end": [
            1689771199.56501,
            1689771199.5675778,
            1689771204.9416878,
            1689771204.9592607,
            1689771205.1652732,
            1689771205.1708531,
            1689771205.201366,
            1689771205.2024739,
            1689771205.2261076,
            1689771205.2272034,
            1689771205.2280738,
            1689771205.229206,
            1689771205.2305772,
            1689771205.2516026,
            1689771205.2542152,
            1689771205.266805,
            1689771205.2700458,
            1689771205.278106,
            1689771205.286211,
            1689771205.2876472,
            1689771205.2895837,
            1689771205.3025966,
            1689771205.3160968,
            1689771205.3167036,
            1689771205.317199,
            1689771205.3273442,
            1689771205.331419,
            1689771205.3328915,
            1689771205.3496144,
            1689771205.350181,
            1689771205.3656046,
            1689771205.371097,
            1689771205.3716567,
            1689771205.3733504,
            1689771205.3737068,
            1689771205.3742034,
            1689771205.383847,
            1689771205.3899508,
            1689771205.3928838,
            1689771205.3944871,
            1689771205.3949585,
            1689771205.3999808,
            1689771205.4025419,
            1689771205.4050846,
            1689771205.409803,
            1689771205.4390454,
            1689771205.461578,
            1689771205.4911325,
            1689771205.555181,
            1689771206.0248508
      ]
}