{
      "start": [
            1689772285.6906981,
            1689772285.6934955,
            1689772285.69506,
            1689772285.6965597,
            1689772285.697852,
            1689772285.6990206,
            1689772285.7001858,
            1689772285.701364,
            1689772285.702592,
            1689772285.7037818,
            1689772285.7051222,
            1689772285.7062728,
            1689772285.7074285,
            1689772285.7085748,
            1689772285.7097385,
            1689772285.710875,
            1689772285.7121596,
            1689772285.7133133,
            1689772285.7145913,
            1689772285.7157242,
            1689772285.7168856,
            1689772285.7180514,
            1689772285.7191746,
            1689772285.7203462,
            1689772285.7215405,
            1689772285.7227793,
            1689772285.723898,
            1689772285.725156,
            1689772285.726411,
            1689772285.7275403,
            1689772285.728661,
            1689772285.7298224,
            1689772285.7309527,
            1689772285.7343495,
            1689772285.7355053,
            1689772285.7366366,
            1689772285.7378368,
            1689772285.7390273,
            1689772285.7402039,
            1689772285.7414,
            1689772285.742674,
            1689772285.7438285,
            1689772285.7450187,
            1689772285.7462165,
            1689772285.747352,
            1689772285.7484717,
            1689772285.7496526,
            1689772285.7509065,
            1689772285.7520423,
            1689772285.753181
      ],
      "end": [
            1689772293.610832,
            1689772293.6220121,
            1689772293.626616,
            1689772293.6272225,
            1689772293.632664,
            1689772293.6429524,
            1689772293.6497934,
            1689772293.7431517,
            1689772293.7652786,
            1689772293.7850156,
            1689772293.7883656,
            1689772293.797099,
            1689772293.7977226,
            1689772293.8036196,
            1689772293.8074086,
            1689772293.8085277,
            1689772293.810719,
            1689772293.8118591,
            1689772293.817176,
            1689772293.8193748,
            1689772293.8322294,
            1689772293.8337846,
            1689772293.8558886,
            1689772293.86551,
            1689772293.8798578,
            1689772293.892287,
            1689772293.8959355,
            1689772293.8992052,
            1689772293.927424,
            1689772293.9415035,
            1689772293.9463775,
            1689772293.9473765,
            1689772293.9528863,
            1689772293.978259,
            1689772293.9811125,
            1689772293.9879715,
            1689772293.9887424,
            1689772293.9914758,
            1689772293.996743,
            1689772294.0035305,
            1689772294.004279,
            1689772294.0046272,
            1689772294.0213892,
            1689772294.0315788,
            1689772294.0447352,
            1689772294.0531363,
            1689772294.0665786,
            1689772294.0767486,
            1689772294.0901873,
            1689772294.1137261
      ]
}