{
      "start": [
            1689772322.4445302,
            1689772322.44726,
            1689772322.448589,
            1689772322.4499116,
            1689772322.4512177,
            1689772322.4523492,
            1689772322.453678,
            1689772322.4548972,
            1689772322.456072,
            1689772322.4572377,
            1689772322.4584365,
            1689772322.4597833,
            1689772322.4609246,
            1689772322.4621503,
            1689772322.4632802,
            1689772322.4643927,
            1689772322.4655528,
            1689772322.4667764,
            1689772322.4680057,
            1689772322.4691463,
            1689772322.4703038,
            1689772322.471443,
            1689772322.47257,
            1689772322.473794,
            1689772322.4749148,
            1689772322.4760518,
            1689772322.4799008,
            1689772322.48122,
            1689772322.4823737,
            1689772322.4834988,
            1689772322.484624,
            1689772322.485784,
            1689772322.4869127,
            1689772322.488236,
            1689772322.4894893,
            1689772322.490705,
            1689772322.4918444,
            1689772322.4929874,
            1689772322.4942155,
            1689772322.4953535,
            1689772322.4965813,
            1689772322.4977596,
            1689772322.4989524,
            1689772322.5001242,
            1689772322.5012753,
            1689772322.5024955,
            1689772322.5036213,
            1689772322.5052905,
            1689772322.5065486,
            1689772322.5077446
      ],
      "end": [
            1689772330.2802033,
            1689772330.3327403,
            1689772330.3538349,
            1689772330.355884,
            1689772330.3662326,
            1689772330.3671262,
            1689772330.3758194,
            1689772330.3857205,
            1689772330.401593,
            1689772330.4032474,
            1689772330.4039388,
            1689772330.4060178,
            1689772330.4065628,
            1689772330.4089162,
            1689772330.4123363,
            1689772330.4127314,
            1689772330.4190185,
            1689772330.4237123,
            1689772330.4243734,
            1689772330.4303858,
            1689772330.4383404,
            1689772330.444402,
            1689772330.450592,
            1689772330.4559236,
            1689772330.460018,
            1689772330.4606915,
            1689772330.466684,
            1689772330.48361,
            1689772330.492544,
            1689772330.5014896,
            1689772330.5103102,
            1689772330.5276542,
            1689772330.5283964,
            1689772330.528787,
            1689772330.5301332,
            1689772330.5396338,
            1689772330.5415084,
            1689772330.5467942,
            1689772330.5586905,
            1689772330.5721333,
            1689772330.58485,
            1689772330.5926762,
            1689772330.5946352,
            1689772330.6162257,
            1689772330.6177368,
            1689772330.6419768,
            1689772330.6436336,
            1689772330.6961684,
            1689772330.6980946,
            1689772330.8771918
      ]
}