{
      "start": [
            1689772365.040729,
            1689772365.0436482,
            1689772365.0450604,
            1689772365.046326,
            1689772365.0476904,
            1689772365.048941,
            1689772365.0503016,
            1689772365.0514874,
            1689772365.052674,
            1689772365.0538785,
            1689772365.055058,
            1689772365.0563526,
            1689772365.0575752,
            1689772365.0587654,
            1689772365.05999,
            1689772365.0612211,
            1689772365.0624506,
            1689772365.0636349,
            1689772365.0648448,
            1689772365.068322,
            1689772365.069592,
            1689772365.0708187,
            1689772365.0719702,
            1689772365.0731924,
            1689772365.0744064,
            1689772365.0755863,
            1689772365.0768952,
            1689772365.078121,
            1689772365.0792825,
            1689772365.0804205,
            1689772365.0816412,
            1689772365.0827963,
            1689772365.0839725,
            1689772365.0851595,
            1689772365.0864644,
            1689772365.0876331,
            1689772365.088795,
            1689772365.0902193,
            1689772365.0914683,
            1689772365.0929742,
            1689772365.0943043,
            1689772365.0957544,
            1689772365.0969236,
            1689772365.0980978,
            1689772365.0992758,
            1689772365.1004608,
            1689772365.101656,
            1689772365.1027946,
            1689772365.1041203,
            1689772365.1052873
      ],
      "end": [
            1689772367.211122,
            1689772367.2120688,
            1689772372.787607,
            1689772372.7920702,
            1689772372.7948866,
            1689772372.8005748,
            1689772372.8156617,
            1689772372.820828,
            1689772372.8221502,
            1689772372.8384697,
            1689772372.8464127,
            1689772372.850392,
            1689772372.853481,
            1689772372.88181,
            1689772372.8963315,
            1689772372.8979864,
            1689772372.8986342,
            1689772372.9003525,
            1689772372.9121578,
            1689772372.926805,
            1689772372.9284062,
            1689772372.9296331,
            1689772372.9301708,
            1689772372.9316387,
            1689772372.9506214,
            1689772372.9512382,
            1689772372.980831,
            1689772372.9843917,
            1689772373.0099852,
            1689772373.010691,
            1689772373.0121484,
            1689772373.0251923,
            1689772373.0267673,
            1689772373.0274243,
            1689772373.031805,
            1689772373.0470347,
            1689772373.0601184,
            1689772373.0766056,
            1689772373.0851946,
            1689772373.0948193,
            1689772373.107429,
            1689772373.1080623,
            1689772373.1114612,
            1689772373.1204185,
            1689772373.1463785,
            1689772373.1714509,
            1689772373.2008846,
            1689772373.254632,
            1689772373.3048248,
            1689772373.6708512
      ]
}