{
      "start": [
            1689772407.7181091,
            1689772407.7209904,
            1689772407.722659,
            1689772407.72394,
            1689772407.7251637,
            1689772407.7267468,
            1689772407.7279058,
            1689772407.7291164,
            1689772407.7303116,
            1689772407.73149,
            1689772407.7326643,
            1689772407.7339487,
            1689772407.7353034,
            1689772407.7366686,
            1689772407.7379305,
            1689772407.7391717,
            1689772407.7404041,
            1689772407.7416203,
            1689772407.742829,
            1689772407.7440145,
            1689772407.745199,
            1689772407.7465348,
            1689772407.7477014,
            1689772407.7488632,
            1689772407.750079,
            1689772407.7512476,
            1689772407.7524312,
            1689772407.7537525,
            1689772407.7550845,
            1689772407.7562711,
            1689772407.75748,
            1689772407.7587235,
            1689772407.7598653,
            1689772407.7610288,
            1689772407.7622342,
            1689772407.7633986,
            1689772407.7647607,
            1689772407.7660725,
            1689772407.7672486,
            1689772407.7684512,
            1689772407.7696722,
            1689772407.7708454,
            1689772407.7720053,
            1689772407.7734528,
            1689772407.7746499,
            1689772407.7758596,
            1689772407.7770228,
            1689772407.7782705,
            1689772407.7794256,
            1689772407.7805698
      ],
      "end": [
            1689772415.333226,
            1689772415.4748375,
            1689772415.5113966,
            1689772415.5278711,
            1689772415.5493982,
            1689772415.57341,
            1689772415.5760274,
            1689772415.5779138,
            1689772415.582543,
            1689772415.5855453,
            1689772415.5934792,
            1689772415.5996132,
            1689772415.6054988,
            1689772415.618275,
            1689772415.6340642,
            1689772415.638044,
            1689772415.6488645,
            1689772415.6502163,
            1689772415.6589348,
            1689772415.66766,
            1689772415.6683264,
            1689772415.668869,
            1689772415.6768484,
            1689772415.6842556,
            1689772415.699693,
            1689772415.713501,
            1689772415.7164607,
            1689772415.7172,
            1689772415.7336586,
            1689772415.7575777,
            1689772415.7602496,
            1689772415.7725823,
            1689772415.776669,
            1689772415.7772555,
            1689772415.786252,
            1689772415.798306,
            1689772415.8064263,
            1689772415.808065,
            1689772415.8209217,
            1689772415.8236141,
            1689772415.82725,
            1689772415.8351583,
            1689772415.8436508,
            1689772415.851442,
            1689772415.9026477,
            1689772415.9244933,
            1689772415.9260142,
            1689772415.9939284,
            1689772416.0292554,
            1689772416.0901895
      ]
}