{
      "start": [
            1689772444.4310973,
            1689772444.433773,
            1689772444.4351616,
            1689772444.4363945,
            1689772444.437589,
            1689772444.4388757,
            1689772444.4407609,
            1689772444.4420965,
            1689772444.4434483,
            1689772444.444774,
            1689772444.4460957,
            1689772444.447241,
            1689772444.4483907,
            1689772444.4495642,
            1689772444.4507804,
            1689772444.4519553,
            1689772444.4531937,
            1689772444.4545674,
            1689772444.455716,
            1689772444.4569275,
            1689772444.458121,
            1689772444.4593022,
            1689772444.4604924,
            1689772444.4616659,
            1689772444.4629638,
            1689772444.4641714,
            1689772444.4654553,
            1689772444.4666817,
            1689772444.4679897,
            1689772444.4691784,
            1689772444.4703755,
            1689772444.4715297,
            1689772444.4728305,
            1689772444.4741063,
            1689772444.475266,
            1689772444.4765377,
            1689772444.4777303,
            1689772444.479057,
            1689772444.480293,
            1689772444.4814754,
            1689772444.4828088,
            1689772444.4839675,
            1689772444.4851246,
            1689772444.4863505,
            1689772444.4876447,
            1689772444.4889019,
            1689772444.4902136,
            1689772444.491526,
            1689772444.492664,
            1689772444.4939082
      ],
      "end": [
            1689772446.6036553,
            1689772452.3013666,
            1689772452.3126245,
            1689772452.3219852,
            1689772452.3315535,
            1689772452.347153,
            1689772452.3497078,
            1689772452.3553123,
            1689772452.356949,
            1689772452.3651967,
            1689772452.3680425,
            1689772452.3784704,
            1689772452.3858979,
            1689772452.3926306,
            1689772452.3974905,
            1689772452.4053202,
            1689772452.416235,
            1689772452.4179,
            1689772452.4204452,
            1689772452.4247198,
            1689772452.4347386,
            1689772452.4353967,
            1689772452.4366481,
            1689772452.4482884,
            1689772452.4545245,
            1689772452.455137,
            1689772452.4827044,
            1689772452.4874325,
            1689772452.4880478,
            1689772452.488843,
            1689772452.500199,
            1689772452.5031884,
            1689772452.513033,
            1689772452.5241308,
            1689772452.5279279,
            1689772452.5313873,
            1689772452.536035,
            1689772452.5366552,
            1689772452.5477068,
            1689772452.5515666,
            1689772452.5533338,
            1689772452.558492,
            1689772452.561724,
            1689772452.568392,
            1689772452.573585,
            1689772452.5785446,
            1689772452.5824041,
            1689772452.6267438,
            1689772452.772033,
            1689772452.8520868
      ]
}