{
      "start": [
            1689772486.8932798,
            1689772486.896106,
            1689772486.8974245,
            1689772486.89871,
            1689772486.9001179,
            1689772486.9013114,
            1689772486.9029598,
            1689772486.9041932,
            1689772486.9053643,
            1689772486.9065444,
            1689772486.907747,
            1689772486.9089468,
            1689772486.9104166,
            1689772486.9115613,
            1689772486.9127285,
            1689772486.9139264,
            1689772486.9152246,
            1689772486.9164317,
            1689772486.917581,
            1689772486.9187748,
            1689772486.9201014,
            1689772486.9212856,
            1689772486.9224837,
            1689772486.9236305,
            1689772486.9248476,
            1689772486.926041,
            1689772486.9272192,
            1689772486.928373,
            1689772486.929695,
            1689772486.930868,
            1689772486.9320266,
            1689772486.9331808,
            1689772486.9343808,
            1689772486.9355917,
            1689772486.9367754,
            1689772486.9380524,
            1689772486.9392762,
            1689772486.9404113,
            1689772486.9416633,
            1689772486.9429052,
            1689772486.9441974,
            1689772486.9453495,
            1689772486.9465547,
            1689772486.9478905,
            1689772486.94903,
            1689772486.950328,
            1689772486.9514737,
            1689772486.9526265,
            1689772486.953779,
            1689772486.9549804
      ],
      "end": [
            1689772494.5902472,
            1689772494.6557453,
            1689772494.656437,
            1689772494.6653774,
            1689772494.6696305,
            1689772494.679228,
            1689772494.679869,
            1689772494.6812744,
            1689772494.6976259,
            1689772494.717324,
            1689772494.7202508,
            1689772494.72734,
            1689772494.7294245,
            1689772494.73442,
            1689772494.7372816,
            1689772494.7459295,
            1689772494.7507343,
            1689772494.7616622,
            1689772494.7631426,
            1689772494.795337,
            1689772494.7960398,
            1689772494.8027034,
            1689772494.8033822,
            1689772494.8400269,
            1689772494.8482797,
            1689772494.8500237,
            1689772494.8522038,
            1689772494.86235,
            1689772494.8637872,
            1689772494.8742468,
            1689772494.8800628,
            1689772494.8818798,
            1689772494.883759,
            1689772494.9013338,
            1689772494.9075143,
            1689772494.9115067,
            1689772494.9143484,
            1689772494.91722,
            1689772494.9573202,
            1689772494.9580796,
            1689772494.959178,
            1689772494.9597058,
            1689772494.9834623,
            1689772494.9870555,
            1689772495.0071275,
            1689772495.0221205,
            1689772495.0294566,
            1689772495.048411,
            1689772495.0672586,
            1689772495.1373553
      ]
}