{
      "start": [
            1689772523.577937,
            1689772523.5807884,
            1689772523.5822034,
            1689772523.5834591,
            1689772523.5847223,
            1689772523.5860958,
            1689772523.5873904,
            1689772523.5886474,
            1689772523.5901682,
            1689772523.5914454,
            1689772523.5926197,
            1689772523.59385,
            1689772523.5950482,
            1689772523.5962362,
            1689772523.5974336,
            1689772523.5986216,
            1689772523.5998878,
            1689772523.6012979,
            1689772523.6025224,
            1689772523.6037257,
            1689772523.6049268,
            1689772523.6062553,
            1689772523.6075556,
            1689772523.608762,
            1689772523.610164,
            1689772523.6114368,
            1689772523.6127057,
            1689772523.6139417,
            1689772523.615124,
            1689772523.6163101,
            1689772523.6174922,
            1689772523.6187167,
            1689772523.620233,
            1689772523.6214738,
            1689772523.622742,
            1689772523.623933,
            1689772523.6252413,
            1689772523.6265423,
            1689772523.6277125,
            1689772523.6290421,
            1689772523.6302776,
            1689772523.6314692,
            1689772523.6326683,
            1689772523.6338925,
            1689772523.635202,
            1689772523.636398,
            1689772523.637635,
            1689772523.6389365,
            1689772523.640137,
            1689772523.6413274
      ],
      "end": [
            1689772525.7474153,
            1689772531.2445784,
            1689772531.3346987,
            1689772531.3872547,
            1689772531.4239318,
            1689772531.424375,
            1689772531.4327385,
            1689772531.4401746,
            1689772531.4474928,
            1689772531.4522896,
            1689772531.4877913,
            1689772531.4900415,
            1689772531.4906895,
            1689772531.5044088,
            1689772531.5087807,
            1689772531.516247,
            1689772531.5242896,
            1689772531.5327063,
            1689772531.5366473,
            1689772531.5469377,
            1689772531.5488355,
            1689772531.5647252,
            1689772531.5713747,
            1689772531.5720086,
            1689772531.5749931,
            1689772531.576068,
            1689772531.5781446,
            1689772531.594698,
            1689772531.601193,
            1689772531.607862,
            1689772531.6092331,
            1689772531.6242144,
            1689772531.6260495,
            1689772531.6288567,
            1689772531.6540477,
            1689772531.6571362,
            1689772531.6670933,
            1689772531.6699862,
            1689772531.7001717,
            1689772531.7237177,
            1689772531.7582023,
            1689772531.7871246,
            1689772531.796183,
            1689772531.806325,
            1689772531.8082037,
            1689772531.8107033,
            1689772531.8160796,
            1689772531.8267028,
            1689772531.8400128,
            1689772531.8779783
      ]
}