{
      "start": [
            1689772566.0212607,
            1689772566.0239866,
            1689772566.0252428,
            1689772566.0264149,
            1689772566.0277102,
            1689772566.0288482,
            1689772566.0299869,
            1689772566.0311816,
            1689772566.0323021,
            1689772566.0334206,
            1689772566.0345597,
            1689772566.0357132,
            1689772566.03697,
            1689772566.0381207,
            1689772566.039282,
            1689772566.0404565,
            1689772566.0417032,
            1689772566.0429356,
            1689772566.0441234,
            1689772566.0453823,
            1689772566.0465233,
            1689772566.0476818,
            1689772566.0488098,
            1689772566.049964,
            1689772566.051113,
            1689772566.0523,
            1689772566.0534418,
            1689772566.0547233,
            1689772566.055849,
            1689772566.0569673,
            1689772566.0581067,
            1689772566.0593846,
            1689772566.0605903,
            1689772566.0617428,
            1689772566.0630205,
            1689772566.0641518,
            1689772566.065277,
            1689772566.0664313,
            1689772566.0676448,
            1689772566.0688062,
            1689772566.0699475,
            1689772566.07123,
            1689772566.072366,
            1689772566.073619,
            1689772566.074859,
            1689772566.0761614,
            1689772566.07737,
            1689772566.0786304,
            1689772566.0799732,
            1689772566.0811865
      ],
      "end": [
            1689772568.1913826,
            1689772573.5500534,
            1689772573.7313046,
            1689772573.807819,
            1689772573.8111074,
            1689772573.8118622,
            1689772573.8356009,
            1689772573.8461654,
            1689772573.869021,
            1689772573.9139965,
            1689772573.922014,
            1689772573.9336512,
            1689772573.9461691,
            1689772573.9610143,
            1689772573.963876,
            1689772573.9886649,
            1689772574.0052085,
            1689772574.006891,
            1689772574.0113325,
            1689772574.0186877,
            1689772574.0195944,
            1689772574.0212245,
            1689772574.0301752,
            1689772574.0307398,
            1689772574.0336218,
            1689772574.042916,
            1689772574.0661287,
            1689772574.0679193,
            1689772574.0691152,
            1689772574.080669,
            1689772574.083075,
            1689772574.0909178,
            1689772574.0968764,
            1689772574.0994053,
            1689772574.1000795,
            1689772574.101881,
            1689772574.106174,
            1689772574.1071124,
            1689772574.118547,
            1689772574.1231058,
            1689772574.1251628,
            1689772574.1360264,
            1689772574.1696846,
            1689772574.1802797,
            1689772574.193899,
            1689772574.195991,
            1689772574.203334,
            1689772574.2786462,
            1689772574.3405006,
            1689772574.3854713
      ]
}