{
      "start": [
            1689772608.5440035,
            1689772608.546643,
            1689772608.548098,
            1689772608.549269,
            1689772608.5504172,
            1689772608.551575,
            1689772608.5527215,
            1689772608.5539052,
            1689772608.5550578,
            1689772608.556177,
            1689772608.5574102,
            1689772608.5585382,
            1689772608.5597012,
            1689772608.5608351,
            1689772608.561994,
            1689772608.5631347,
            1689772608.5642424,
            1689772608.5655005,
            1689772608.5666368,
            1689772608.5677845,
            1689772608.5688934,
            1689772608.5700705,
            1689772608.5712268,
            1689772608.5723405,
            1689772608.5735722,
            1689772608.5746915,
            1689772608.5758257,
            1689772608.5769315,
            1689772608.578122,
            1689772608.5792747,
            1689772608.580397,
            1689772608.5821152,
            1689772608.5832694,
            1689772608.584381,
            1689772608.5854852,
            1689772608.586606,
            1689772608.5877929,
            1689772608.588945,
            1689772608.5901923,
            1689772608.5913196,
            1689772608.5924232,
            1689772608.5936408,
            1689772608.5947745,
            1689772608.5959198,
            1689772608.5970197,
            1689772608.5982711,
            1689772608.599416,
            1689772608.6006494,
            1689772608.601848,
            1689772608.603084
      ],
      "end": [
            1689772616.235434,
            1689772616.3834586,
            1689772616.385329,
            1689772616.3866005,
            1689772616.4020536,
            1689772616.4037151,
            1689772616.4155326,
            1689772616.428223,
            1689772616.4348867,
            1689772616.4529579,
            1689772616.4552515,
            1689772616.4596217,
            1689772616.4610286,
            1689772616.475735,
            1689772616.4777265,
            1689772616.4791782,
            1689772616.4867938,
            1689772616.494611,
            1689772616.4981813,
            1689772616.4995568,
            1689772616.5023046,
            1689772616.5036845,
            1689772616.526493,
            1689772616.530506,
            1689772616.5330892,
            1689772616.5335078,
            1689772616.541278,
            1689772616.546693,
            1689772616.5528297,
            1689772616.5548036,
            1689772616.5578876,
            1689772616.5651271,
            1689772616.565828,
            1689772616.582026,
            1689772616.58271,
            1689772616.5856938,
            1689772616.5912738,
            1689772616.6229875,
            1689772616.6236079,
            1689772616.6249354,
            1689772616.6661558,
            1689772616.6894624,
            1689772616.7099886,
            1689772616.7161925,
            1689772616.728967,
            1689772616.7373414,
            1689772616.7439883,
            1689772616.7446344,
            1689772616.7751088,
            1689772616.8030355
      ]
}