{
      "invocation_time": 0.6665711402893066,
      "time_download": 0.10156631469726562,
      "time_inference": 0.16251182556152344,
      "predictions": [
            {
                  "prob": 0.9834873080253601,
                  "label": "off"
            }
      ]
}