{
      "invocation_time": 0.7131073474884033,
      "time_download": 0.15199780464172363,
      "time_inference": 0.15891051292419434,
      "predictions": [
            {
                  "prob": 0.9834873080253601,
                  "label": "off"
            }
      ]
}