{
      "invocation_time": 0.7156500816345215,
      "time_download": 0.06160378456115723,
      "time_inference": 0.2282404899597168,
      "predictions": [
            {
                  "prob": 0.5929556488990784,
                  "label": "off"
            }
      ]
}