{
      "invocation_time": 0.6986913681030273,
      "time_download": 0.06488323211669922,
      "time_inference": 0.21549630165100098,
      "predictions": [
            {
                  "prob": 0.5929556488990784,
                  "label": "off"
            }
      ]
}