{
      "invocation_time": 0.6745846271514893,
      "time_download": 0.06143450736999512,
      "time_inference": 0.21584177017211914,
      "predictions": [
            {
                  "prob": 0.5929556488990784,
                  "label": "off"
            }
      ]
}