{
      "invocation_time": 0.7309000492095947,
      "time_download": 0.11258482933044434,
      "time_inference": 0.2169649600982666,
      "predictions": [
            {
                  "prob": 0.5929556488990784,
                  "label": "off"
            }
      ]
}