{
      "invocation_time": 0.6897451877593994,
      "time_download": 0.07122683525085449,
      "time_inference": 0.2168726921081543,
      "predictions": [
            {
                  "prob": 0.5929556488990784,
                  "label": "off"
            }
      ]
}