{
      "start": [
            1691055846.286923
      ],
      "end": [
            1691055857.6548488
      ]
}