{
      "start": [
            1689684274.2249575,
            1689684274.1137362,
            1689684274.1536543,
            1689684274.174391,
            1689684274.1888208,
            1689684274.1110787,
            1689684274.2745254,
            1689684274.2207148,
            1689684274.1019645,
            1689684274.2293832,
            1689684274.2791343,
            1689684274.1263764,
            1689684274.0966766,
            1689684274.1785161,
            1689684274.1912816,
            1689684274.1039782,
            1689684274.2030268,
            1689684274.1997225,
            1689684274.1566484,
            1689684274.2866938,
            1689684274.3239474,
            1689684274.258348,
            1689684274.2462106,
            1689684274.2504876,
            1689684274.3102427,
            1689684274.2014506,
            1689684274.3490357,
            1689684274.1948497,
            1689684274.38187,
            1689684274.0997987,
            1689684274.3290076,
            1689684274.3882072,
            1689684274.131338,
            1689684274.316493,
            1689684274.4143658,
            1689684274.3328404,
            1689684274.2831023,
            1689684274.4022346,
            1689684274.2812123,
            1689684274.379418,
            1689684274.3308396,
            1689684274.1338995,
            1689684274.4287043,
            1689684274.418963,
            1689684274.2648008,
            1689684274.4109712,
            1689684274.123038,
            1689684274.4207234,
            1689684274.3690555,
            1689684274.3337922
      ],
      "end": [
            1689684284.4457283,
            1689684284.8224506,
            1689684284.8535883,
            1689684284.8816557,
            1689684284.886288,
            1689684284.8893747,
            1689684284.9035692,
            1689684284.904355,
            1689684284.908081,
            1689684284.9183247,
            1689684284.9334335,
            1689684284.934244,
            1689684284.9364405,
            1689684284.9382722,
            1689684284.9443874,
            1689684284.9517674,
            1689684284.972821,
            1689684284.9875672,
            1689684284.9911273,
            1689684285.0005796,
            1689684285.0255651,
            1689684285.0293474,
            1689684285.0307264,
            1689684285.0314627,
            1689684285.03456,
            1689684285.0591862,
            1689684285.0600872,
            1689684285.0680065,
            1689684285.0731032,
            1689684285.0754294,
            1689684285.076378,
            1689684285.0847783,
            1689684285.0855196,
            1689684285.0899458,
            1689684285.095476,
            1689684285.1068985,
            1689684285.135858,
            1689684285.165066,
            1689684285.1705723,
            1689684285.1814537,
            1689684285.209947,
            1689684285.23369,
            1689684285.2620535,
            1689684285.2725394,
            1689684285.3020043,
            1689684285.3112583,
            1689684285.3199508,
            1689684285.3452659,
            1689684285.3624809,
            1689684285.451649
      ]
}