{
      "start": [
            1689684585.873287,
            1689684585.6496704,
            1689684585.6167822,
            1689684585.6016526,
            1689684585.7072716,
            1689684585.7119195,
            1689684585.604967,
            1689684585.7199445,
            1689684585.6935496,
            1689684585.6396081,
            1689684585.6078756,
            1689684585.749238,
            1689684585.602804,
            1689684585.7710292,
            1689684585.787673,
            1689684585.5986128,
            1689684585.8612163,
            1689684585.7393532,
            1689684585.704122,
            1689684585.6612012,
            1689684585.8325787,
            1689684585.7593508,
            1689684585.7404249,
            1689684585.7996721,
            1689684585.9130826,
            1689684585.8566785,
            1689684585.751315,
            1689684585.6749146,
            1689684585.8853817,
            1689684585.781218,
            1689684585.835486,
            1689684585.91737,
            1689684585.8938582,
            1689684585.8183877,
            1689684585.8882895,
            1689684585.9182346,
            1689684585.666739,
            1689684585.838227,
            1689684585.8758762,
            1689684585.8412726,
            1689684585.763977,
            1689684585.89034,
            1689684585.8106658,
            1689684585.644693,
            1689684585.6098685,
            1689684585.6774654,
            1689684585.6381779,
            1689684585.7320848,
            1689684585.7972562,
            1689684585.6800673
      ],
      "end": [
            1689684596.2872381,
            1689684596.3112884,
            1689684596.322925,
            1689684596.3281815,
            1689684596.3382652,
            1689684596.36006,
            1689684596.3646946,
            1689684596.3849304,
            1689684596.3884213,
            1689684596.3991706,
            1689684596.4137347,
            1689684596.4179707,
            1689684596.4212701,
            1689684596.4347076,
            1689684596.443042,
            1689684596.4446898,
            1689684596.4496205,
            1689684596.4780421,
            1689684596.4841828,
            1689684596.4895399,
            1689684596.4956787,
            1689684596.500825,
            1689684596.513287,
            1689684596.5265095,
            1689684596.5443356,
            1689684596.5640965,
            1689684596.565596,
            1689684596.5716233,
            1689684596.5843146,
            1689684596.6093276,
            1689684596.6153479,
            1689684596.616042,
            1689684596.6189744,
            1689684596.6364872,
            1689684596.6382916,
            1689684596.644762,
            1689684596.696907,
            1689684596.699169,
            1689684596.713661,
            1689684596.7182193,
            1689684596.731732,
            1689684596.753451,
            1689684596.8030603,
            1689684596.8569446,
            1689684596.9018393,
            1689684596.9419107,
            1689684596.9450414,
            1689684597.1485007,
            1689684597.2422528,
            1689684597.7563987
      ]
}