{
      "start": [
            1689684848.5866373,
            1689684848.4176984,
            1689684848.421641,
            1689684848.5845635,
            1689684848.5433729,
            1689684848.4558342,
            1689684848.415814,
            1689684848.4866827,
            1689684848.5031447,
            1689684848.4464402,
            1689684848.667246,
            1689684848.6025279,
            1689684848.4264934,
            1689684848.5787525,
            1689684848.452274,
            1689684848.6255388,
            1689684848.4637046,
            1689684848.5082312,
            1689684848.6392875,
            1689684848.5257812,
            1689684848.5228093,
            1689684848.6542532,
            1689684848.420825,
            1689684848.699191,
            1689684848.5151858,
            1689684848.6858828,
            1689684848.7232347,
            1689684848.6518068,
            1689684848.6723871,
            1689684848.6355126,
            1689684848.7260203,
            1689684848.5812495,
            1689684848.4829428,
            1689684848.5956566,
            1689684848.712111,
            1689684848.7400084,
            1689684848.7358115,
            1689684848.6815677,
            1689684848.6847434,
            1689684848.5712147,
            1689684848.5512555,
            1689684848.4793794,
            1689684848.6157582,
            1689684848.6380856,
            1689684848.5617898,
            1689684848.50592,
            1689684848.6692023,
            1689684848.4623408,
            1689684848.4227357,
            1689684848.7088656
      ],
      "end": [
            1689684858.8549538,
            1689684859.098118,
            1689684859.119649,
            1689684859.1339693,
            1689684859.1356492,
            1689684859.1364474,
            1689684859.1399534,
            1689684859.14887,
            1689684859.1794627,
            1689684859.2074916,
            1689684859.214872,
            1689684859.219315,
            1689684859.2745383,
            1689684859.288092,
            1689684859.2912862,
            1689684859.2957788,
            1689684859.297001,
            1689684859.3119583,
            1689684859.3135643,
            1689684859.3160548,
            1689684859.3243241,
            1689684859.335705,
            1689684859.345683,
            1689684859.3490965,
            1689684859.3610725,
            1689684859.4091945,
            1689684859.4142168,
            1689684859.4193165,
            1689684859.4226427,
            1689684859.4242976,
            1689684859.4267635,
            1689684859.4375951,
            1689684859.4657514,
            1689684859.47031,
            1689684859.470493,
            1689684859.4761388,
            1689684859.5249782,
            1689684859.5321262,
            1689684859.5422118,
            1689684859.60847,
            1689684859.6161416,
            1689684859.6364946,
            1689684859.6721976,
            1689684859.6948833,
            1689684859.702828,
            1689684859.7746825,
            1689684859.888869,
            1689684859.8975797,
            1689684860.094766,
            1689684860.3548844
      ]
}