{
      "start": [
            1689683939.1601262,
            1689683939.14287,
            1689683939.1645153,
            1689683939.1359167,
            1689683939.216276,
            1689683939.1327007,
            1689683939.3434236,
            1689683939.2197042,
            1689683939.184931,
            1689683939.1420298,
            1689683939.2639394,
            1689683939.325016,
            1689683939.2838907,
            1689683939.2828903,
            1689683939.2038548,
            1689683939.3658257,
            1689683939.3599505,
            1689683939.1773453,
            1689683939.214881,
            1689683939.240213,
            1689683939.1797156,
            1689683939.2671204,
            1689683939.233639,
            1689683939.2785864,
            1689683939.1371362,
            1689683939.3962064,
            1689683939.404312,
            1689683939.3721385,
            1689683939.1817553,
            1689683939.4387116,
            1689683939.3130734,
            1689683939.4320068,
            1689683939.230009,
            1689683939.293612,
            1689683939.2486095,
            1689683939.1396987,
            1689683939.3397822,
            1689683939.4569666,
            1689683939.4120576,
            1689683939.4281178,
            1689683939.3010995,
            1689683939.3459444,
            1689683939.451924,
            1689683939.3872287,
            1689683939.3044,
            1689683939.412981,
            1689683939.3727386,
            1689683939.3630264,
            1689683939.4058115,
            1689683939.2812135
      ],
      "end": [
            1689683949.7917747,
            1689683949.79198,
            1689683949.7985296,
            1689683949.8206582,
            1689683949.8710856,
            1689683949.8894172,
            1689683949.9114866,
            1689683949.9122708,
            1689683949.92085,
            1689683949.9361746,
            1689683949.9432678,
            1689683949.9544141,
            1689683949.9670615,
            1689683949.9941792,
            1689683950.0012078,
            1689683950.022622,
            1689683950.0331757,
            1689683950.0405076,
            1689683950.049637,
            1689683950.0621495,
            1689683950.0622826,
            1689683950.0644116,
            1689683950.0651205,
            1689683950.0761428,
            1689683950.0897768,
            1689683950.0905502,
            1689683950.109165,
            1689683950.1231244,
            1689683950.1239429,
            1689683950.131965,
            1689683950.1538758,
            1689683950.157613,
            1689683950.1808999,
            1689683950.1855698,
            1689683950.1953323,
            1689683950.2182932,
            1689683950.2375617,
            1689683950.2383285,
            1689683950.2396638,
            1689683950.2425284,
            1689683950.253227,
            1689683950.2637563,
            1689683950.2655082,
            1689683950.2961051,
            1689683950.3164213,
            1689683950.3276043,
            1689683950.358184,
            1689683950.3740785,
            1689683950.841751,
            1689683950.922465
      ]
}