{
      "start": [
            1689684961.2247646,
            1689684961.2174466,
            1689684961.290076,
            1689684961.4454496,
            1689684961.3709612,
            1689684961.220408,
            1689684961.304661,
            1689684961.2511477,
            1689684961.357258,
            1689684961.2387226,
            1689684961.21943,
            1689684961.3888423,
            1689684961.3320246,
            1689684961.2864523,
            1689684961.260525,
            1689684961.4205363,
            1689684961.2682624,
            1689684961.4493217,
            1689684961.3648279,
            1689684961.427884,
            1689684961.5067403,
            1689684961.492486,
            1689684961.4166763,
            1689684961.3302896,
            1689684961.4118474,
            1689684961.2949078,
            1689684961.5456,
            1689684961.5099561,
            1689684961.4007018,
            1689684961.5766475,
            1689684961.4717133,
            1689684961.4737713,
            1689684961.2412527,
            1689684961.54782,
            1689684961.5321295,
            1689684961.5238495,
            1689684961.3810573,
            1689684961.4841344,
            1689684961.331363,
            1689684961.549788,
            1689684961.3265216,
            1689684961.2533228,
            1689684961.334128,
            1689684961.5205562,
            1689684961.4642215,
            1689684961.37706,
            1689684961.258389,
            1689684961.467012,
            1689684961.4049056,
            1689684961.5432844
      ],
      "end": [
            1689684971.8680408,
            1689684971.878389,
            1689684971.898229,
            1689684971.982463,
            1689684971.983266,
            1689684972.0116224,
            1689684972.012457,
            1689684972.0368829,
            1689684972.0418413,
            1689684972.07469,
            1689684972.0863314,
            1689684972.0919373,
            1689684972.0920978,
            1689684972.1119518,
            1689684972.1137147,
            1689684972.115847,
            1689684972.1165488,
            1689684972.1554368,
            1689684972.186422,
            1689684972.2047749,
            1689684972.2199156,
            1689684972.2207348,
            1689684972.234714,
            1689684972.2406468,
            1689684972.2423797,
            1689684972.2433398,
            1689684972.246812,
            1689684972.252613,
            1689684972.2527373,
            1689684972.270253,
            1689684972.2745457,
            1689684972.2798285,
            1689684972.2930455,
            1689684972.3071904,
            1689684972.3102624,
            1689684972.310406,
            1689684972.3136134,
            1689684972.354184,
            1689684972.358993,
            1689684972.4139733,
            1689684972.4187849,
            1689684972.4364333,
            1689684972.4598627,
            1689684972.4686697,
            1689684972.5101986,
            1689684972.5145624,
            1689684972.6304088,
            1689684972.6459377,
            1689684972.7083776,
            1689684972.8871582
      ]
}