{
      "start": [
            1689685036.5058124,
            1689685036.4740207,
            1689685036.5562983,
            1689685036.534443,
            1689685036.5024889,
            1689685036.468919,
            1689685036.4721682,
            1689685036.606578,
            1689685036.6480193,
            1689685036.473145,
            1689685036.565613,
            1689685036.6009207,
            1689685036.6248212,
            1689685036.5299532,
            1689685036.7895415,
            1689685036.510353,
            1689685036.7460837,
            1689685036.5139494,
            1689685036.5115163,
            1689685036.5905862,
            1689685036.571607,
            1689685036.7215128,
            1689685036.6237032,
            1689685036.6665292,
            1689685036.7479515,
            1689685036.748881,
            1689685036.6102686,
            1689685036.786477,
            1689685036.7159464,
            1689685036.787602,
            1689685036.5690336,
            1689685036.4917753,
            1689685036.5776522,
            1689685036.4782052,
            1689685036.7728589,
            1689685036.709528,
            1689685036.6860626,
            1689685036.6134896,
            1689685036.7431214,
            1689685036.6701534,
            1689685036.673124,
            1689685036.673843,
            1689685036.5730202,
            1689685036.603596,
            1689685036.6936455,
            1689685036.7825449,
            1689685036.7239363,
            1689685036.6301508,
            1689685036.7327232,
            1689685036.7688847
      ],
      "end": [
            1689685047.0046391,
            1689685047.0402634,
            1689685047.214279,
            1689685047.2482045,
            1689685047.2494621,
            1689685047.2527614,
            1689685047.276962,
            1689685047.2780542,
            1689685047.2787375,
            1689685047.3249032,
            1689685047.3250585,
            1689685047.3300247,
            1689685047.3335278,
            1689685047.335386,
            1689685047.3360326,
            1689685047.3389356,
            1689685047.3449671,
            1689685047.3522668,
            1689685047.3660226,
            1689685047.3679836,
            1689685047.37079,
            1689685047.3799884,
            1689685047.3934639,
            1689685047.3945346,
            1689685047.4315958,
            1689685047.4329965,
            1689685047.472947,
            1689685047.487242,
            1689685047.491994,
            1689685047.5111017,
            1689685047.5153112,
            1689685047.5170722,
            1689685047.5259302,
            1689685047.5299628,
            1689685047.5500603,
            1689685047.550807,
            1689685047.5628738,
            1689685047.5654447,
            1689685047.5731869,
            1689685047.5812116,
            1689685047.5865276,
            1689685047.5986922,
            1689685047.6067455,
            1689685047.6099825,
            1689685047.6132805,
            1689685047.6742349,
            1689685047.6865566,
            1689685047.7410448,
            1689685047.996135,
            1689685048.1710627
      ]
}