{
      "start": [
            1689685110.8544328,
            1689685110.9542565,
            1689685110.8563015,
            1689685111.126636,
            1689685110.9662042,
            1689685111.0755904,
            1689685110.90758,
            1689685110.857274,
            1689685110.8798807,
            1689685111.0252845,
            1689685110.8636775,
            1689685111.0889826,
            1689685111.0623631,
            1689685111.0491843,
            1689685111.0222187,
            1689685111.106911,
            1689685110.861735,
            1689685111.0879207,
            1689685111.0350945,
            1689685110.9881585,
            1689685110.905998,
            1689685110.9834993,
            1689685111.1818073,
            1689685111.1411433,
            1689685110.9424615,
            1689685110.8750062,
            1689685111.1049135,
            1689685110.9464715,
            1689685111.0310016,
            1689685111.1211543,
            1689685111.1509962,
            1689685111.0028543,
            1689685110.9193492,
            1689685110.8891304,
            1689685111.1752841,
            1689685111.0449533,
            1689685111.0528045,
            1689685110.9341178,
            1689685111.0065522,
            1689685111.1441247,
            1689685110.9022026,
            1689685111.101255,
            1689685111.1075776,
            1689685110.9583833,
            1689685111.078943,
            1689685110.9844534,
            1689685110.985641,
            1689685111.1856842,
            1689685110.9166343,
            1689685111.1628711
      ],
      "end": [
            1689685121.61214,
            1689685121.634383,
            1689685121.65682,
            1689685121.6630847,
            1689685121.6680443,
            1689685121.67093,
            1689685121.6792972,
            1689685121.7115045,
            1689685121.7160113,
            1689685121.717052,
            1689685121.7246604,
            1689685121.7300198,
            1689685121.7370934,
            1689685121.738238,
            1689685121.741904,
            1689685121.7479424,
            1689685121.7541914,
            1689685121.754341,
            1689685121.7651398,
            1689685121.771652,
            1689685121.7729676,
            1689685121.7731104,
            1689685121.7833881,
            1689685121.7954376,
            1689685121.799201,
            1689685121.810697,
            1689685121.8142364,
            1689685121.8149266,
            1689685121.8298442,
            1689685121.8336492,
            1689685121.8379226,
            1689685121.8483865,
            1689685121.8563123,
            1689685121.8646276,
            1689685121.8949459,
            1689685121.9015975,
            1689685121.928396,
            1689685121.9315462,
            1689685121.9351811,
            1689685121.9496336,
            1689685121.9530368,
            1689685121.9644325,
            1689685121.9668329,
            1689685121.98335,
            1689685121.9894736,
            1689685122.0004144,
            1689685122.0367186,
            1689685122.0444427,
            1689685122.0555272,
            1689685122.1821086
      ]
}