{
      "start": [
            1689683976.616731,
            1689683976.647766,
            1689683976.6125436,
            1689683976.6155043,
            1689683976.6595597,
            1689683976.6759539,
            1689683976.7696264,
            1689683976.64576,
            1689683976.6963983,
            1689683976.6081934,
            1689683976.726296,
            1689683976.695403,
            1689683976.8550727,
            1689683976.6825993,
            1689683976.8897738,
            1689683976.7063758,
            1689683976.906425,
            1689683976.8080919,
            1689683977.0036778,
            1689683976.6791863,
            1689683976.9479523,
            1689683976.6883397,
            1689683976.6282594,
            1689683976.6662316,
            1689683977.0017092,
            1689683976.793802,
            1689683976.913623,
            1689683976.9943306,
            1689683976.9289856,
            1689683976.8265994,
            1689683976.998491,
            1689683976.6114795,
            1689683976.7679605,
            1689683976.8865247,
            1689683976.9871993,
            1689683976.9084537,
            1689683976.7795498,
            1689683976.9041173,
            1689683976.9736967,
            1689683976.823322,
            1689683976.8061337,
            1689683976.978456,
            1689683976.7964284,
            1689683976.738617,
            1689683976.8755846,
            1689683977.0005481,
            1689683976.9247148,
            1689683976.9173734,
            1689683976.7815936,
            1689683976.9599402
      ],
      "end": [
            1689683987.2840004,
            1689683987.2860413,
            1689683987.358996,
            1689683987.3868022,
            1689683987.4125047,
            1689683987.4187942,
            1689683987.432331,
            1689683987.442736,
            1689683987.4488266,
            1689683987.4717052,
            1689683987.4883397,
            1689683987.501484,
            1689683987.5116284,
            1689683987.5352015,
            1689683987.542138,
            1689683987.5423324,
            1689683987.5484862,
            1689683987.5500958,
            1689683987.5689478,
            1689683987.5761344,
            1689683987.5941372,
            1689683987.5949552,
            1689683987.602187,
            1689683987.6032147,
            1689683987.6355128,
            1689683987.6371055,
            1689683987.6432679,
            1689683987.6471753,
            1689683987.649457,
            1689683987.6532216,
            1689683987.6758232,
            1689683987.676661,
            1689683987.7152507,
            1689683987.7304215,
            1689683987.7370179,
            1689683987.7427795,
            1689683987.7598667,
            1689683987.762125,
            1689683987.774714,
            1689683987.7990682,
            1689683987.811025,
            1689683987.8271277,
            1689683987.8535023,
            1689683987.8712406,
            1689683987.964762,
            1689683988.0541592,
            1689683988.0760634,
            1689683988.083291,
            1689683988.113111,
            1689683988.1266701
      ]
}