{
      "start": [
            1689684013.863342,
            1689684013.791587,
            1689684013.8672543,
            1689684013.9058611,
            1689684013.7898555,
            1689684013.8487763,
            1689684013.8259802,
            1689684013.803274,
            1689684013.7933657,
            1689684014.0488517,
            1689684013.8954232,
            1689684013.829487,
            1689684014.0124009,
            1689684013.8228621,
            1689684013.8393347,
            1689684013.8864515,
            1689684013.9092977,
            1689684013.7865276,
            1689684013.8940709,
            1689684013.8894193,
            1689684013.8386786,
            1689684013.795695,
            1689684013.9388285,
            1689684013.9788303,
            1689684013.9578876,
            1689684013.9328718,
            1689684013.973349,
            1689684013.9045923,
            1689684013.9282136,
            1689684013.8587234,
            1689684014.0357776,
            1689684014.0742712,
            1689684014.026588,
            1689684014.0464091,
            1689684014.001715,
            1689684013.9956694,
            1689684014.06038,
            1689684013.942733,
            1689684014.0024972,
            1689684014.0387223,
            1689684014.0884187,
            1689684014.0969098,
            1689684014.0976713,
            1689684014.0523267,
            1689684013.8576753,
            1689684014.0929615,
            1689684014.0636933,
            1689684013.9606671,
            1689684013.9435627,
            1689684013.984763
      ],
      "end": [
            1689684024.4545603,
            1689684024.4597015,
            1689684024.489202,
            1689684024.532036,
            1689684024.5337508,
            1689684024.5608056,
            1689684024.5615473,
            1689684024.567802,
            1689684024.6046379,
            1689684024.6075041,
            1689684024.6146412,
            1689684024.6236758,
            1689684024.6295402,
            1689684024.6334324,
            1689684024.6433146,
            1689684024.661138,
            1689684024.6636565,
            1689684024.677523,
            1689684024.6784923,
            1689684024.679696,
            1689684024.6798348,
            1689684024.6815104,
            1689684024.6886482,
            1689684024.7183912,
            1689684024.7217295,
            1689684024.7256348,
            1689684024.7426395,
            1689684024.742809,
            1689684024.7433698,
            1689684024.7440405,
            1689684024.7592893,
            1689684024.7614434,
            1689684024.7833755,
            1689684024.8001554,
            1689684024.805818,
            1689684024.8202567,
            1689684024.844382,
            1689684024.9110513,
            1689684024.924744,
            1689684024.9657018,
            1689684024.966506,
            1689684024.968906,
            1689684025.0209575,
            1689684025.026691,
            1689684025.0325148,
            1689684025.1712291,
            1689684025.263718,
            1689684025.2792227,
            1689684025.3779664,
            1689684025.389858
      ]
}