{
      "start": [
            1689684125.3753796,
            1689684125.452892,
            1689684125.38041,
            1689684125.3842297,
            1689684125.3821747,
            1689684125.4343061,
            1689684125.6007586,
            1689684125.4573746,
            1689684125.4389317,
            1689684125.4083138,
            1689684125.4473984,
            1689684125.4856021,
            1689684125.615225,
            1689684125.6778831,
            1689684125.377315,
            1689684125.4971635,
            1689684125.5785375,
            1689684125.527142,
            1689684125.435366,
            1689684125.6049907,
            1689684125.5503132,
            1689684125.422659,
            1689684125.4105973,
            1689684125.6815805,
            1689684125.3980644,
            1689684125.4498055,
            1689684125.514646,
            1689684125.5653906,
            1689684125.503306,
            1689684125.559224,
            1689684125.4944053,
            1689684125.4734604,
            1689684125.502176,
            1689684125.5565379,
            1689684125.5967941,
            1689684125.685043,
            1689684125.6065319,
            1689684125.6637366,
            1689684125.512546,
            1689684125.6568954,
            1689684125.5749695,
            1689684125.6890016,
            1689684125.5959477,
            1689684125.3910744,
            1689684125.551594,
            1689684125.643478,
            1689684125.6606362,
            1689684125.642188,
            1689684125.680085,
            1689684125.6391823
      ],
      "end": [
            1689684135.7810574,
            1689684136.0455658,
            1689684136.069448,
            1689684136.1669078,
            1689684136.1851213,
            1689684136.2094657,
            1689684136.2217286,
            1689684136.2294436,
            1689684136.2436285,
            1689684136.2584,
            1689684136.260941,
            1689684136.2616582,
            1689684136.264457,
            1689684136.299982,
            1689684136.3017948,
            1689684136.3024886,
            1689684136.3074498,
            1689684136.337946,
            1689684136.3388512,
            1689684136.339533,
            1689684136.34138,
            1689684136.35155,
            1689684136.3523824,
            1689684136.3595233,
            1689684136.365741,
            1689684136.366484,
            1689684136.3825746,
            1689684136.3917465,
            1689684136.3996055,
            1689684136.4095297,
            1689684136.4108357,
            1689684136.419135,
            1689684136.4223053,
            1689684136.4261537,
            1689684136.4281566,
            1689684136.4750385,
            1689684136.4902415,
            1689684136.5086823,
            1689684136.5137017,
            1689684136.5269988,
            1689684136.5438032,
            1689684136.54774,
            1689684136.5688822,
            1689684136.605835,
            1689684136.6061816,
            1689684136.6218307,
            1689684136.637154,
            1689684136.6543558,
            1689684136.6702464,
            1689684136.6848621
      ]
}