{
      "invocation_times": {
            "start": [
                  1691061415.5101998
            ],
            "end": [
                  1691061416.1922235
            ]
      },
      "invocation_time": 0.6820237636566162,
      "time_model_init": 0.36393308639526367,
      "time_download": 0.05501103401184082,
      "time_inference": 0.20528125762939453,
      "predictions": [
            {
                  "prob": 0.6756355166435242,
                  "label": "off"
            }
      ]
}