{
      "invocation_times": {
            "start": [
                  1691061417.65462
            ],
            "end": [
                  1691061418.3044362
            ]
      },
      "invocation_time": 0.6498162746429443,
      "time_model_init": 0.3385591506958008,
      "time_download": 0.05349111557006836,
      "time_inference": 0.20423340797424316,
      "predictions": [
            {
                  "prob": 0.6756355166435242,
                  "label": "off"
            }
      ]
}