{
      "invocation_times": {
            "start": [
                  1691061437.8256366
            ],
            "end": [
                  1691061438.4789958
            ]
      },
      "invocation_time": 0.6533591747283936,
      "time_model_init": 0.3407433032989502,
      "time_download": 0.05194711685180664,
      "time_inference": 0.20930099487304688,
      "predictions": [
            {
                  "prob": 0.6756355166435242,
                  "label": "off"
            }
      ]
}