{
      "invocation_times": {
            "start": [
                  1691061446.5272474
            ],
            "end": [
                  1691061447.1753428
            ]
      },
      "invocation_time": 0.6480953693389893,
      "time_model_init": 0.3395864963531494,
      "time_download": 0.05462026596069336,
      "time_inference": 0.1995096206665039,
      "predictions": [
            {
                  "prob": 0.6756355166435242,
                  "label": "off"
            }
      ]
}