{
      "invocation_times": {
            "start": [
                  1691061453.7411
            ],
            "end": [
                  1691061454.391957
            ]
      },
      "invocation_time": 0.6508569717407227,
      "time_model_init": 0.3381619453430176,
      "time_download": 0.05816531181335449,
      "time_inference": 0.20156431198120117,
      "predictions": [
            {
                  "prob": 0.6756355166435242,
                  "label": "off"
            }
      ]
}