{
      "invocation_times": {
            "start": [
                  1691061459.956788
            ],
            "end": [
                  1691061460.6050212
            ]
      },
      "invocation_time": 0.64823317527771,
      "time_model_init": 0.3392295837402344,
      "time_download": 0.05404257774353027,
      "time_inference": 0.20149660110473633,
      "predictions": [
            {
                  "prob": 0.6756355166435242,
                  "label": "off"
            }
      ]
}