{
      "invocation_times": {
            "start": [
                  1691061465.483117
            ],
            "end": [
                  1691061466.1568203
            ]
      },
      "invocation_time": 0.6737031936645508,
      "time_model_init": 0.3397979736328125,
      "time_download": 0.07124757766723633,
      "time_inference": 0.20514678955078125,
      "predictions": [
            {
                  "prob": 0.6756355166435242,
                  "label": "off"
            }
      ]
}