{
      "invocation_times": {
            "start": [
                  1691061467.4727283
            ],
            "end": [
                  1691061468.1844847
            ]
      },
      "invocation_time": 0.7117564678192139,
      "time_model_init": 0.3395833969116211,
      "time_download": 0.1179351806640625,
      "time_inference": 0.2031559944152832,
      "predictions": [
            {
                  "prob": 0.6756355166435242,
                  "label": "off"
            }
      ]
}