{
      "invocation_times": {
            "start": [
                  1691061421.3345408
            ],
            "end": [
                  1691061421.998638
            ]
      },
      "invocation_time": 0.6640970706939697,
      "time_model_init": 0.34046125411987305,
      "time_download": 0.05510067939758301,
      "time_inference": 0.2160813808441162,
      "predictions": [
            {
                  "prob": 0.6756355166435242,
                  "label": "off"
            }
      ]
}