{
      "invocation_time": 0.6566390991210938,
      "time_download": 0.08104133605957031,
      "time_inference": 0.17705512046813965,
      "predictions": [
            {
                  "prob": 0.5929555892944336,
                  "label": "off"
            },
            {
                  "prob": 0.5929555892944336,
                  "label": "off"
            }
      ]
}