{
      "invocation_time": 0.6726627349853516,
      "time_download": 0.07617068290710449,
      "time_inference": 0.19202351570129395,
      "predictions": [
            {
                  "prob": 0.5929555892944336,
                  "label": "off"
            },
            {
                  "prob": 0.5929555892944336,
                  "label": "off"
            }
      ]
}