{
      "invocation_time": 0.6751904487609863,
      "time_download": 0.07872867584228516,
      "time_inference": 0.18689703941345215,
      "predictions": [
            {
                  "prob": 0.5929555892944336,
                  "label": "off"
            },
            {
                  "prob": 0.5929555892944336,
                  "label": "off"
            }
      ]
}