{
      "invocation_time": 0.6574645042419434,
      "time_download": 0.07998132705688477,
      "time_inference": 0.18039989471435547,
      "predictions": [
            {
                  "prob": 0.5929555892944336,
                  "label": "off"
            },
            {
                  "prob": 0.5929555892944336,
                  "label": "off"
            }
      ]
}