{
      "invocation_time": 0.6825079917907715,
      "time_download": 0.1043710708618164,
      "time_inference": 0.1763906478881836,
      "predictions": [
            {
                  "prob": 0.5929555892944336,
                  "label": "off"
            },
            {
                  "prob": 0.5929555892944336,
                  "label": "off"
            }
      ]
}