{
      "invocation_time": 0.7372133731842041,
      "time_download": 0.0914306640625,
      "time_inference": 0.24266672134399414,
      "predictions": [
            {
                  "prob": 0.9834873080253601,
                  "label": "off"
            }
      ]
}