{
      "invocation_times": {
            "start": [
                  1691063859.8138802
            ],
            "end": [
                  1691063875.0576313
            ]
      },
      "invocation_time": 15.243751049041748,
      "time_model_init": 8.931829690933228,
      "time_download": 0.055442094802856445,
      "time_inference": 0.301471471786499,
      "predictions": [
            {
                  "prob": 0.6756355166435242,
                  "label": "off"
            }
      ]
}