{
      "invocation_times": {
            "start": [
                  1691064149.4475155
            ],
            "end": [
                  1691064164.6836197
            ]
      },
      "invocation_time": 15.236104249954224,
      "time_model_init": 8.899058818817139,
      "time_download": 0.059207916259765625,
      "time_inference": 0.29515552520751953,
      "predictions": [
            {
                  "prob": 0.6756355166435242,
                  "label": "off"
            }
      ]
}