{
      "invocation_times": {
            "start": [
                  1691064273.1759093
            ],
            "end": [
                  1691064288.7222564
            ]
      },
      "invocation_time": 15.54634714126587,
      "time_model_init": 8.905370712280273,
      "time_download": 0.09509539604187012,
      "time_inference": 0.31058359146118164,
      "predictions": [
            {
                  "prob": 0.6756355166435242,
                  "label": "off"
            }
      ]
}