{
      "invocation_times": {
            "start": [
                  1691064314.452636
            ],
            "end": [
                  1691064329.7800572
            ]
      },
      "invocation_time": 15.327421188354492,
      "time_model_init": 8.92664909362793,
      "time_download": 0.06344461441040039,
      "time_inference": 0.28920745849609375,
      "predictions": [
            {
                  "prob": 0.6756355166435242,
                  "label": "off"
            }
      ]
}