{
      "invocation_times": {
            "start": [
                  1691064437.7985902
            ],
            "end": [
                  1691064453.0986872
            ]
      },
      "invocation_time": 15.300096988677979,
      "time_model_init": 8.953932285308838,
      "time_download": 0.05773282051086426,
      "time_inference": 0.293032169342041,
      "predictions": [
            {
                  "prob": 0.6756355166435242,
                  "label": "off"
            }
      ]
}