{
      "invocation_times": {
            "start": [
                  1691064891.5674517
            ],
            "end": [
                  1691064906.9421422
            ]
      },
      "invocation_time": 15.374690532684326,
      "time_model_init": 8.901251077651978,
      "time_download": 0.05573439598083496,
      "time_inference": 0.3347294330596924,
      "predictions": [
            {
                  "prob": 0.6756355166435242,
                  "label": "off"
            }
      ]
}