{
      "invocation_times": {
            "start": [
                  1691065097.697166
            ],
            "end": [
                  1691065114.329668
            ]
      },
      "invocation_time": 16.63250207901001,
      "time_model_init": 9.045271873474121,
      "time_download": 0.057756662368774414,
      "time_inference": 0.32526159286499023,
      "predictions": [
            {
                  "prob": 0.6756355166435242,
                  "label": "off"
            }
      ]
}