{
      "invocation_times": {
            "start": [
                  1691065222.776038
            ],
            "end": [
                  1691065238.1324968
            ]
      },
      "invocation_time": 15.356458902359009,
      "time_model_init": 8.89815640449524,
      "time_download": 0.08618044853210449,
      "time_inference": 0.2988548278808594,
      "predictions": [
            {
                  "prob": 0.6756355166435242,
                  "label": "off"
            }
      ]
}