{
      "invocation_time": 14.998457670211792,
      "time_download": 0.08759903907775879,
      "time_inference": 0.279796838760376,
      "predictions": [
            {
                  "prob": 0.5929556488990784,
                  "label": "off"
            }
      ]
}