{
      "start": [
            1691058839.9241295,
            1691058840.0552087,
            1691058840.1388972,
            1691058839.9644144,
            1691058840.045004,
            1691058840.159574,
            1691058840.1251116,
            1691058839.8969126,
            1691058840.0340788,
            1691058839.8848631,
            1691058839.9214861,
            1691058840.0363257,
            1691058840.031051,
            1691058840.0025678,
            1691058839.908309,
            1691058840.0972724,
            1691058839.9992425,
            1691058839.9142432,
            1691058839.8804986,
            1691058839.9549649,
            1691058840.0560062,
            1691058840.0822456,
            1691058839.8821704,
            1691058839.8939114,
            1691058840.1637306,
            1691058840.166219,
            1691058839.9389741,
            1691058839.8911288,
            1691058840.1763446,
            1691058840.085366,
            1691058840.1317806,
            1691058840.059199,
            1691058839.9821146,
            1691058840.1203563,
            1691058840.183823,
            1691058839.976965,
            1691058839.8857,
            1691058840.180295,
            1691058840.2109754,
            1691058840.0940793,
            1691058840.1567748,
            1691058840.1772854,
            1691058839.9262211,
            1691058840.122139,
            1691058839.9038956,
            1691058840.0388541,
            1691058840.1171532,
            1691058840.067623,
            1691058840.1830695,
            1691058840.0201862
      ],
      "end": [
            1691058859.4618657,
            1691058859.536824,
            1691058859.5740173,
            1691058859.6127663,
            1691058859.6567585,
            1691058859.7116666,
            1691058859.744572,
            1691058859.800378,
            1691058859.8338416,
            1691058859.895451,
            1691058859.8998108,
            1691058859.9122744,
            1691058859.9353569,
            1691058859.9404461,
            1691058859.9690568,
            1691058859.971589,
            1691058859.9754252,
            1691058859.976959,
            1691058859.9787455,
            1691058860.0620458,
            1691058860.0640273,
            1691058860.0724697,
            1691058860.079385,
            1691058860.0800476,
            1691058860.1409965,
            1691058860.1489706,
            1691058860.152309,
            1691058860.1566386,
            1691058860.1597962,
            1691058860.1644552,
            1691058860.1686213,
            1691058860.1740096,
            1691058860.178366,
            1691058860.1880178,
            1691058860.1992998,
            1691058860.208927,
            1691058860.225776,
            1691058860.2259302,
            1691058860.2306805,
            1691058860.2321384,
            1691058860.234367,
            1691058860.2520807,
            1691058860.275913,
            1691058860.2784867,
            1691058860.3359134,
            1691058860.4760163,
            1691058860.5407004,
            1691058860.6214473,
            1691058860.6987967,
            1691058860.737804
      ]
}