{
      "invocation_time": 15.57075023651123,
      "time_download": 0.08043122291564941,
      "time_inference": 0.43772244453430176,
      "predictions": [
            {
                  "prob": 0.5929555892944336,
                  "label": "off"
            },
            {
                  "prob": 0.5929555892944336,
                  "label": "off"
            }
      ]
}