{
      "invocation_time": 15.360815048217773,
      "time_download": 0.09677648544311523,
      "time_inference": 0.42992091178894043,
      "predictions": [
            {
                  "prob": 0.5929555892944336,
                  "label": "off"
            },
            {
                  "prob": 0.5929555892944336,
                  "label": "off"
            }
      ]
}