{
      "invocation_time": 14.962065696716309,
      "time_download": 0.07734847068786621,
      "time_inference": 0.4217391014099121,
      "predictions": [
            {
                  "prob": 0.5929555892944336,
                  "label": "off"
            },
            {
                  "prob": 0.5929555892944336,
                  "label": "off"
            }
      ]
}