{
      "invocation_time": 15.132918357849121,
      "time_download": 0.08995652198791504,
      "time_inference": 0.4318115711212158,
      "predictions": [
            {
                  "prob": 0.5929555892944336,
                  "label": "off"
            },
            {
                  "prob": 0.5929555892944336,
                  "label": "off"
            }
      ]
}