{
      "invocation_time": 15.40397834777832,
      "time_download": 0.11572933197021484,
      "time_inference": 0.45232629776000977,
      "predictions": [
            {
                  "prob": 0.5929555892944336,
                  "label": "off"
            },
            {
                  "prob": 0.5929555892944336,
                  "label": "off"
            }
      ]
}