{
      "start": [
            1689755891.555635,
            1689755891.5572906,
            1689755891.5594814,
            1689755891.5743756,
            1689755891.569789,
            1689755891.5586276,
            1689755891.5435016,
            1689755891.600684,
            1689755891.5887847,
            1689755891.5708737
      ],
      "end": [
            1689755891.6345568,
            1689755891.6372268,
            1689755891.6450324,
            1689755891.6509056,
            1689755891.6532989,
            1689755891.6549027,
            1689755891.6616542,
            1689755891.6627238,
            1689755891.6640131,
            1689755891.6664495
      ]
}