{
      "statusCode": 200,
      "body": [
            {
                  "predictions": [
                        {
                              "prob": 0.8288852572441101,
                              "label": "off"
                        },
                        {
                              "prob": 0.7079270482063293,
                              "label": "off"
                        }
                  ]
            }
      ],
      "total_time": 0.37971949577331543
}