dataset,durations,batch_size,download_stream_size,inference_stream_size,total_time,total_std,failed_executions
percentile_90,"[0.2761716842651367, 0.4588136672973633, 0.272857666015625, 0.2602050304412842, 0.2611386775970459, 0.26850461959838867, 0.2655823230743408, 0.2725048065185547, 0.2672252655029297, 0.29291796684265137, 0.2582840919494629, 0.27120161056518555, 0.42987895011901855, 0.2626793384552002, 0.2837679386138916, 0.2717125415802002, 0.41140127182006836, 0.26891016960144043, 0.29407525062561035, 0.2678689956665039, 0.2699863910675049, 0.25905776023864746, 0.26949286460876465, 0.27367234230041504, 0.27603960037231445, 0.29674267768859863, 0.2585015296936035, 0.26265525817871094, 0.26149725914001465, 0.2764923572540283]",001,001,001,0.28732799688975014,0.050045299111013755,0
