dataset,durations,batch_size,download_stream_size,inference_stream_size,total_time,total_std,failed_executions
percentile_90,"[3.7648353576660156, 3.9923551082611084, 3.5649850368499756, 3.511706590652466, 3.5885658264160156, 3.5074422359466553, 3.4852516651153564, 3.7436556816101074, 3.6848833560943604, 3.6924688816070557, 3.504227638244629, 3.476508140563965, 3.817532539367676, 3.595562219619751, 3.4660441875457764, 3.559868574142456, 4.143984317779541, 3.7764978408813477, 3.8666439056396484, 3.589428424835205, 3.654572010040283, 3.5335378646850586, 3.673649549484253, 3.4962854385375977, 3.668839931488037, 3.697232961654663, 3.587297201156616, 3.716397762298584, 3.9242234230041504, 3.825955390930176]",032,001,008,3.670347968737284,0.16301143741394125,0
