{
      "start": [
            1689772294.458811,
            1689772294.4616103,
            1689772294.4629545,
            1689772294.464381,
            1689772294.4655662,
            1689772294.466779,
            1689772294.4679365,
            1689772294.4691133,
            1689772294.4703047,
            1689772294.4717844,
            1689772294.4730382,
            1689772294.4742217,
            1689772294.4753985,
            1689772294.4765656,
            1689772294.4777853,
            1689772294.4789832,
            1689772294.4801402,
            1689772294.4814742,
            1689772294.4827187,
            1689772294.4838738,
            1689772294.4850178,
            1689772294.4862452,
            1689772294.48739,
            1689772294.4887154,
            1689772294.4900048,
            1689772294.4912183,
            1689772294.492414,
            1689772294.4964485,
            1689772294.4991176,
            1689772294.500305,
            1689772294.501535,
            1689772294.502725,
            1689772294.506341,
            1689772294.5077212,
            1689772294.5088933,
            1689772294.5100744,
            1689772294.5112283,
            1689772294.5123923,
            1689772294.5135527,
            1689772294.5147314,
            1689772294.5160801,
            1689772294.5173166,
            1689772294.518512,
            1689772294.5197186,
            1689772294.5208871,
            1689772294.522148,
            1689772294.5232875,
            1689772294.5245688,
            1689772294.5257907,
            1689772294.5269923
      ],
      "end": [
            1689772296.6233633,
            1689772296.6254346,
            1689772296.6265326,
            1689772296.6279113,
            1689772296.6285527,
            1689772296.6290336,
            1689772296.6295707,
            1689772296.6301146,
            1689772296.632662,
            1689772296.633252,
            1689772296.6337566,
            1689772296.6341987,
            1689772296.6346087,
            1689772296.6350086,
            1689772296.6353621,
            1689772296.6357007,
            1689772296.636039,
            1689772296.6363728,
            1689772296.636721,
            1689772296.6370833,
            1689772296.6374242,
            1689772296.6377757,
            1689772296.6381164,
            1689772296.6384487,
            1689772296.6387782,
            1689772296.6391203,
            1689772296.6394503,
            1689772296.6397896,
            1689772296.6415207,
            1689772296.641889,
            1689772296.6422293,
            1689772296.6425576,
            1689772296.6428924,
            1689772296.6432323,
            1689772296.6435704,
            1689772296.6439083,
            1689772296.6442401,
            1689772296.6445765,
            1689772296.6449237,
            1689772296.6452868,
            1689772296.6456392,
            1689772296.645997,
            1689772296.6471636,
            1689772296.647515,
            1689772296.6478589,
            1689772296.6482017,
            1689772296.648531,
            1689772296.6488588,
            1689772296.6492138,
            1689772296.6495488
      ]
}