{
      "start": [
            1689773036.5752485,
            1689773036.5779092,
            1689773036.5792503,
            1689773036.5806236,
            1689773036.5835865,
            1689773036.585051,
            1689773036.5862436,
            1689773036.5873988,
            1689773036.588781,
            1689773036.5899587,
            1689773036.5911496,
            1689773036.5923235,
            1689773036.5934925,
            1689773036.5946589,
            1689773036.595833,
            1689773036.5970442,
            1689773036.5983114,
            1689773036.5994914,
            1689773036.600668,
            1689773036.601896,
            1689773036.6030436,
            1689773036.6043122,
            1689773036.605512,
            1689773036.6067874,
            1689773036.6079636,
            1689773036.6091502,
            1689773036.610325,
            1689773036.611485,
            1689773036.612694,
            1689773036.6138892,
            1689773036.6150446,
            1689773036.6163535,
            1689773036.617537,
            1689773036.6187234,
            1689773036.6198642,
            1689773036.621087,
            1689773036.6222396,
            1689773036.6233943,
            1689773036.6246333,
            1689773036.6279683,
            1689773036.6291707,
            1689773036.63036,
            1689773036.6315353,
            1689773036.6326854,
            1689773036.6338787,
            1689773036.635055,
            1689773036.636342,
            1689773036.6375496,
            1689773036.6387057,
            1689773036.6398687
      ],
      "end": [
            1689773038.7407753,
            1689773038.7423193,
            1689773038.7438664,
            1689773038.7466016,
            1689773038.747141,
            1689773038.7484264,
            1689773038.748965,
            1689773038.7495053,
            1689773038.7499585,
            1689773038.7504764,
            1689773038.7509127,
            1689773038.7513554,
            1689773038.7517505,
            1689773038.7525957,
            1689773038.7530282,
            1689773038.7533736,
            1689773038.7558181,
            1689773038.7561817,
            1689773038.756585,
            1689773038.7569525,
            1689773038.757289,
            1689773038.7576606,
            1689773038.758012,
            1689773038.758339,
            1689773038.7586613,
            1689773038.7589848,
            1689773038.7593102,
            1689773038.7596312,
            1689773038.7599518,
            1689773038.760297,
            1689773038.7606192,
            1689773038.7609677,
            1689773038.7613015,
            1689773038.7616231,
            1689773038.7619448,
            1689773038.7622697,
            1689773038.762591,
            1689773038.7629132,
            1689773038.76324,
            1689773038.763582,
            1689773038.7639077,
            1689773038.7642455,
            1689773038.7645688,
            1689773038.7649121,
            1689773038.7658172,
            1689773038.7661572,
            1689773038.766494,
            1689773038.7671654,
            1689773038.7675025,
            1689773038.7678347
      ]
}