{
      "start": [
            1689773039.183815,
            1689773039.187224,
            1689773039.1886384,
            1689773039.1900063,
            1689773039.1911967,
            1689773039.1924047,
            1689773039.1937664,
            1689773039.1949394,
            1689773039.1961265,
            1689773039.1973667,
            1689773039.1985538,
            1689773039.1997235,
            1689773039.2009506,
            1689773039.2022507,
            1689773039.2034123,
            1689773039.2046778,
            1689773039.2058601,
            1689773039.2070208,
            1689773039.2082071,
            1689773039.2094083,
            1689773039.2105944,
            1689773039.2119498,
            1689773039.2131908,
            1689773039.2144065,
            1689773039.2155685,
            1689773039.2167475,
            1689773039.2179432,
            1689773039.219102,
            1689773039.2203932,
            1689773039.2216017,
            1689773039.2227635,
            1689773039.2239404,
            1689773039.2251496,
            1689773039.2263117,
            1689773039.2274852,
            1689773039.2287855,
            1689773039.2299955,
            1689773039.231163,
            1689773039.2324069,
            1689773039.23361,
            1689773039.234767,
            1689773039.2359345,
            1689773039.2391732,
            1689773039.240416,
            1689773039.2416046,
            1689773039.242782,
            1689773039.243943,
            1689773039.245147,
            1689773039.2463076,
            1689773039.2474687
      ],
      "end": [
            1689773041.343508,
            1689773041.344769,
            1689773041.3467436,
            1689773041.3471954,
            1689773041.347791,
            1689773041.349709,
            1689773041.3501794,
            1689773041.3506722,
            1689773041.3510299,
            1689773041.3513634,
            1689773041.3516924,
            1689773041.3520377,
            1689773041.352374,
            1689773041.3527036,
            1689773041.3530533,
            1689773041.3534439,
            1689773041.3538353,
            1689773041.3554692,
            1689773041.3558884,
            1689773041.3562431,
            1689773041.3565762,
            1689773041.3569293,
            1689773041.3572683,
            1689773041.3575969,
            1689773041.3579237,
            1689773041.3582478,
            1689773041.3585737,
            1689773041.3588984,
            1689773041.3592257,
            1689773041.3611581,
            1689773041.361611,
            1689773041.3619564,
            1689773041.3622878,
            1689773041.3626142,
            1689773041.3629396,
            1689773041.3632667,
            1689773041.3635893,
            1689773041.3639212,
            1689773041.3642826,
            1689773041.3646054,
            1689773041.3649511,
            1689773041.3652856,
            1689773041.365615,
            1689773041.3659244,
            1689773041.3662345,
            1689773041.3665445,
            1689773041.3668551,
            1689773041.367164,
            1689773041.3677144,
            1689773041.368228
      ]
}