{
      "start": [
            1689773041.703843,
            1689773041.70658,
            1689773041.7078671,
            1689773041.7091541,
            1689773041.7103715,
            1689773041.7116086,
            1689773041.7127924,
            1689773041.714018,
            1689773041.7152019,
            1689773041.716587,
            1689773041.7178812,
            1689773041.71908,
            1689773041.720267,
            1689773041.721489,
            1689773041.7226977,
            1689773041.723893,
            1689773041.7251408,
            1689773041.7264762,
            1689773041.7276626,
            1689773041.729032,
            1689773041.7302234,
            1689773041.7314332,
            1689773041.7326505,
            1689773041.7338686,
            1689773041.7350543,
            1689773041.7363882,
            1689773041.7376332,
            1689773041.7388172,
            1689773041.7400453,
            1689773041.7412713,
            1689773041.7424717,
            1689773041.7436726,
            1689773041.7449985,
            1689773041.7462463,
            1689773041.747419,
            1689773041.7486577,
            1689773041.7499285,
            1689773041.7511938,
            1689773041.7523696,
            1689773041.7535906,
            1689773041.754921,
            1689773041.7561085,
            1689773041.7573671,
            1689773041.7585635,
            1689773041.7597644,
            1689773041.7609742,
            1689773041.7621975,
            1689773041.76558,
            1689773041.7668316,
            1689773041.7680573
      ],
      "end": [
            1689773043.8673685,
            1689773043.86805,
            1689773043.869774,
            1689773043.8703048,
            1689773043.8718143,
            1689773043.8722005,
            1689773043.8725405,
            1689773043.8733513,
            1689773043.873816,
            1689773043.874738,
            1689773043.8752296,
            1689773043.8769274,
            1689773043.8772957,
            1689773043.877637,
            1689773043.878045,
            1689773043.8783987,
            1689773043.878784,
            1689773043.8791611,
            1689773043.8795483,
            1689773043.8798954,
            1689773043.8802402,
            1689773043.8806403,
            1689773043.8810153,
            1689773043.8813581,
            1689773043.8816895,
            1689773043.8832684,
            1689773043.8836074,
            1689773043.8839388,
            1689773043.8842888,
            1689773043.884613,
            1689773043.8849545,
            1689773043.8853376,
            1689773043.885685,
            1689773043.886031,
            1689773043.886357,
            1689773043.886687,
            1689773043.8870425,
            1689773043.8873699,
            1689773043.8877058,
            1689773043.888062,
            1689773043.8891425,
            1689773043.889479,
            1689773043.8897974,
            1689773043.8901339,
            1689773043.89045,
            1689773043.890762,
            1689773043.8910768,
            1689773043.8913856,
            1689773043.8916962,
            1689773043.8921962
      ]
}