{
      "start": [
            1689773044.3179624,
            1689773044.320611,
            1689773044.321964,
            1689773044.3231115,
            1689773044.3242726,
            1689773044.3254602,
            1689773044.326734,
            1689773044.3278635,
            1689773044.3290243,
            1689773044.330139,
            1689773044.3316278,
            1689773044.33279,
            1689773044.333937,
            1689773044.3350666,
            1689773044.3363354,
            1689773044.3375041,
            1689773044.338623,
            1689773044.339746,
            1689773044.3409097,
            1689773044.3420632,
            1689773044.3431857,
            1689773044.344436,
            1689773044.3455927,
            1689773044.3467538,
            1689773044.3478718,
            1689773044.3490353,
            1689773044.3501623,
            1689773044.3512845,
            1689773044.3524268,
            1689773044.3536947,
            1689773044.35482,
            1689773044.3559341,
            1689773044.3571005,
            1689773044.3582184,
            1689773044.359382,
            1689773044.3605132,
            1689773044.361748,
            1689773044.3628728,
            1689773044.3639977,
            1689773044.3651402,
            1689773044.3663073,
            1689773044.3674252,
            1689773044.3685558,
            1689773044.371805,
            1689773044.3729699,
            1689773044.3740854,
            1689773044.3752105,
            1689773044.3763716,
            1689773044.3775122,
            1689773044.3786275
      ],
      "end": [
            1689773046.4657154,
            1689773046.4664824,
            1689773046.4668298,
            1689773046.4674096,
            1689773046.4678962,
            1689773046.4690263,
            1689773046.469321,
            1689773046.4696977,
            1689773046.4701753,
            1689773046.4708612,
            1689773046.471206,
            1689773046.4715357,
            1689773046.4724648,
            1689773046.4728117,
            1689773046.4731705,
            1689773046.4735117,
            1689773046.4738426,
            1689773046.4741726,
            1689773046.4748425,
            1689773046.4751813,
            1689773046.4755087,
            1689773046.4772274,
            1689773046.4775724,
            1689773046.4779062,
            1689773046.47824,
            1689773046.478586,
            1689773046.4789236,
            1689773046.4792523,
            1689773046.4795744,
            1689773046.4799006,
            1689773046.4802482,
            1689773046.4805734,
            1689773046.4809182,
            1689773046.4812608,
            1689773046.4816253,
            1689773046.4819522,
            1689773046.482281,
            1689773046.483467,
            1689773046.483808,
            1689773046.4841564,
            1689773046.4844966,
            1689773046.484827,
            1689773046.4851763,
            1689773046.485499,
            1689773046.4858248,
            1689773046.486147,
            1689773046.4864733,
            1689773046.4870398,
            1689773046.4873712,
            1689773046.4885325
      ]
}