{
      "start": [
            1689773046.8149261,
            1689773046.8176653,
            1689773046.8190618,
            1689773046.8203313,
            1689773046.8216202,
            1689773046.822798,
            1689773046.824,
            1689773046.8251932,
            1689773046.826368,
            1689773046.8277864,
            1689773046.828979,
            1689773046.830181,
            1689773046.831355,
            1689773046.8326056,
            1689773046.8338218,
            1689773046.834999,
            1689773046.8361905,
            1689773046.8375127,
            1689773046.838703,
            1689773046.8400195,
            1689773046.8411968,
            1689773046.8423533,
            1689773046.8435073,
            1689773046.8447008,
            1689773046.845903,
            1689773046.8471801,
            1689773046.8483622,
            1689773046.8495986,
            1689773046.8507667,
            1689773046.8519058,
            1689773046.85312,
            1689773046.854288,
            1689773046.855562,
            1689773046.8569932,
            1689773046.8582442,
            1689773046.859434,
            1689773046.8606212,
            1689773046.8618762,
            1689773046.86303,
            1689773046.8642256,
            1689773046.8655345,
            1689773046.866706,
            1689773046.8678403,
            1689773046.8690288,
            1689773046.8701792,
            1689773046.8713307,
            1689773046.872526,
            1689773046.8737218,
            1689773046.877219,
            1689773046.878435
      ],
      "end": [
            1689773048.97454,
            1689773048.9752855,
            1689773048.9758213,
            1689773048.976494,
            1689773048.9772668,
            1689773048.9777164,
            1689773048.9788458,
            1689773048.9792898,
            1689773048.9795449,
            1689773048.9801247,
            1689773048.9811318,
            1689773048.9815412,
            1689773048.9819984,
            1689773048.9836798,
            1689773048.9841862,
            1689773048.9845448,
            1689773048.9849076,
            1689773048.985249,
            1689773048.9855862,
            1689773048.9860344,
            1689773048.9864013,
            1689773048.9867475,
            1689773048.9870927,
            1689773048.9874287,
            1689773048.9877658,
            1689773048.9892218,
            1689773048.9895694,
            1689773048.9899058,
            1689773048.9902394,
            1689773048.990567,
            1689773048.990894,
            1689773048.9912217,
            1689773048.99155,
            1689773048.9918787,
            1689773048.9922295,
            1689773048.9925566,
            1689773048.9929104,
            1689773048.9944081,
            1689773048.9947536,
            1689773048.9950857,
            1689773048.9954169,
            1689773048.9957466,
            1689773048.9960947,
            1689773048.996427,
            1689773048.9967577,
            1689773048.997122,
            1689773048.9974575,
            1689773048.9977856,
            1689773048.9981124,
            1689773048.9984434
      ]
}