{
      "start": [
            1689773049.4492807,
            1689773049.4520624,
            1689773049.4535189,
            1689773049.4547715,
            1689773049.4559915,
            1689773049.4573267,
            1689773049.4584827,
            1689773049.4596558,
            1689773049.4608393,
            1689773049.4621062,
            1689773049.4632642,
            1689773049.4644694,
            1689773049.465712,
            1689773049.4670067,
            1689773049.4681873,
            1689773049.4693842,
            1689773049.4705708,
            1689773049.4717333,
            1689773049.4729507,
            1689773049.4741514,
            1689773049.475445,
            1689773049.4766355,
            1689773049.4778314,
            1689773049.4790018,
            1689773049.4801786,
            1689773049.481374,
            1689773049.4826472,
            1689773049.4839554,
            1689773049.4851499,
            1689773049.4863436,
            1689773049.4874907,
            1689773049.488738,
            1689773049.4900796,
            1689773049.4912188,
            1689773049.4924142,
            1689773049.4937243,
            1689773049.4949093,
            1689773049.496102,
            1689773049.4972997,
            1689773049.4985082,
            1689773049.4996874,
            1689773049.5009189,
            1689773049.5022752,
            1689773049.503454,
            1689773049.504666,
            1689773049.5058467,
            1689773049.5070302,
            1689773049.5082157,
            1689773049.5094113,
            1689773049.5128489
      ],
      "end": [
            1689773051.612517,
            1689773051.6135724,
            1689773051.6142995,
            1689773051.6147397,
            1689773051.6158638,
            1689773051.616358,
            1689773051.6168473,
            1689773051.617354,
            1689773051.6177917,
            1689773051.6182432,
            1689773051.6187367,
            1689773051.619168,
            1689773051.6202128,
            1689773051.620681,
            1689773051.621093,
            1689773051.6214895,
            1689773051.621853,
            1689773051.6242514,
            1689773051.6245992,
            1689773051.6249545,
            1689773051.625304,
            1689773051.625639,
            1689773051.6259656,
            1689773051.6262884,
            1689773051.6266117,
            1689773051.6269376,
            1689773051.6272624,
            1689773051.627592,
            1689773051.6279366,
            1689773051.6282704,
            1689773051.6285963,
            1689773051.6289482,
            1689773051.6292856,
            1689773051.6296132,
            1689773051.6299546,
            1689773051.6302948,
            1689773051.6306198,
            1689773051.6309485,
            1689773051.631277,
            1689773051.6316016,
            1689773051.631942,
            1689773051.6322749,
            1689773051.6325996,
            1689773051.6337223,
            1689773051.6340656,
            1689773051.6343973,
            1689773051.634725,
            1689773051.6350505,
            1689773051.6353743,
            1689773051.635701
      ]
}