{
      "start": [
            1689773051.9672441,
            1689773051.9699728,
            1689773051.9712439,
            1689773051.9724846,
            1689773051.9737163,
            1689773051.9748871,
            1689773051.9760704,
            1689773051.977248,
            1689773051.9784114,
            1689773051.979771,
            1689773051.98098,
            1689773051.9821463,
            1689773051.9833047,
            1689773051.9849858,
            1689773051.9861279,
            1689773051.987278,
            1689773051.9884458,
            1689773051.9898117,
            1689773051.9909718,
            1689773051.992167,
            1689773051.9933553,
            1689773051.9945362,
            1689773051.9957125,
            1689773051.996954,
            1689773051.99813,
            1689773051.9994276,
            1689773052.0005996,
            1689773052.001806,
            1689773052.0029624,
            1689773052.0041447,
            1689773052.0053246,
            1689773052.0064795,
            1689773052.0077264,
            1689773052.0089297,
            1689773052.010085,
            1689773052.0112915,
            1689773052.0124881,
            1689773052.0136733,
            1689773052.0148315,
            1689773052.0160158,
            1689773052.0173223,
            1689773052.018468,
            1689773052.0196342,
            1689773052.0207987,
            1689773052.0219848,
            1689773052.0231411,
            1689773052.0243134,
            1689773052.0277276,
            1689773052.0290437,
            1689773052.0302372
      ],
      "end": [
            1689773054.258226,
            1689773054.2586565,
            1689773054.2593696,
            1689773054.2597175,
            1689773054.2600782,
            1689773054.2609174,
            1689773054.2612727,
            1689773054.2616067,
            1689773054.2619455,
            1689773054.2624934,
            1689773054.2637465,
            1689773054.2641156,
            1689773054.2644558,
            1689773054.264791,
            1689773054.2651544,
            1689773054.2654893,
            1689773054.2658267,
            1689773054.2661605,
            1689773054.2664912,
            1689773054.2668216,
            1689773054.2671528,
            1689773054.2684572,
            1689773054.2688057,
            1689773054.2691808,
            1689773054.269535,
            1689773054.2698736,
            1689773054.2702177,
            1689773054.27056,
            1689773054.2708962,
            1689773054.2712295,
            1689773054.2731607,
            1689773054.2735147,
            1689773054.2738733,
            1689773054.2742076,
            1689773054.2745407,
            1689773054.2748725,
            1689773054.2752168,
            1689773054.275547,
            1689773054.2758877,
            1689773054.2762265,
            1689773054.2765598,
            1689773054.276927,
            1689773054.2772665,
            1689773054.2775962,
            1689773054.277926,
            1689773054.2782576,
            1689773054.2785923,
            1689773054.278923,
            1689773054.2797003,
            1689773054.280069
      ]
}