{
      "start": [
            1689773054.6351063,
            1689773054.6380093,
            1689773054.6393409,
            1689773054.6405685,
            1689773054.6418087,
            1689773054.6430216,
            1689773054.6442323,
            1689773054.645515,
            1689773054.6467214,
            1689773054.6481345,
            1689773054.649421,
            1689773054.650623,
            1689773054.6517951,
            1689773054.653011,
            1689773054.6542184,
            1689773054.6554222,
            1689773054.6565893,
            1689773054.6579762,
            1689773054.659152,
            1689773054.660353,
            1689773054.6615477,
            1689773054.662774,
            1689773054.663991,
            1689773054.665219,
            1689773054.6665173,
            1689773054.6677022,
            1689773054.6689317,
            1689773054.6701376,
            1689773054.67133,
            1689773054.6725252,
            1689773054.6737158,
            1689773054.6749148,
            1689773054.6762586,
            1689773054.6774657,
            1689773054.6786363,
            1689773054.6798112,
            1689773054.6810265,
            1689773054.6821826,
            1689773054.6834135,
            1689773054.6846259,
            1689773054.6859727,
            1689773054.6871617,
            1689773054.6883695,
            1689773054.6895354,
            1689773054.6907072,
            1689773054.6919093,
            1689773054.6930842,
            1689773054.6966863,
            1689773054.6979222,
            1689773054.6991313
      ],
      "end": [
            1689773056.7980661,
            1689773056.7991357,
            1689773056.7995694,
            1689773056.7999475,
            1689773056.8002954,
            1689773056.8006377,
            1689773056.8015437,
            1689773056.8019679,
            1689773056.8025484,
            1689773056.8032475,
            1689773056.8046691,
            1689773056.8050997,
            1689773056.8055124,
            1689773056.8059833,
            1689773056.8063884,
            1689773056.8068583,
            1689773056.8072639,
            1689773056.8076797,
            1689773056.8081777,
            1689773056.8085463,
            1689773056.8089147,
            1689773056.8097558,
            1689773056.8101583,
            1689773056.8105035,
            1689773056.8108327,
            1689773056.8127482,
            1689773056.8131788,
            1689773056.8135161,
            1689773056.813845,
            1689773056.8141716,
            1689773056.8145003,
            1689773056.8148258,
            1689773056.8151524,
            1689773056.815481,
            1689773056.8158054,
            1689773056.8161511,
            1689773056.8164783,
            1689773056.8168008,
            1689773056.8171573,
            1689773056.817485,
            1689773056.8178055,
            1689773056.8181586,
            1689773056.8184893,
            1689773056.8188891,
            1689773056.8192549,
            1689773056.8200407,
            1689773056.8203866,
            1689773056.8207247,
            1689773056.8213725,
            1689773056.8217137
      ]
}