{
      "start": [
            1689773057.3304894,
            1689773057.333324,
            1689773057.3345957,
            1689773057.3356907,
            1689773057.3368437,
            1689773057.3379872,
            1689773057.3390772,
            1689773057.3402073,
            1689773057.341401,
            1689773057.342671,
            1689773057.3437967,
            1689773057.3449864,
            1689773057.346105,
            1689773057.3472438,
            1689773057.348388,
            1689773057.3495486,
            1689773057.3507998,
            1689773057.3519278,
            1689773057.353066,
            1689773057.3542552,
            1689773057.3553855,
            1689773057.3565242,
            1689773057.3576732,
            1689773057.3589258,
            1689773057.360052,
            1689773057.3611872,
            1689773057.3623095,
            1689773057.363424,
            1689773057.3645632,
            1689773057.3656926,
            1689773057.366908,
            1689773057.3680708,
            1689773057.369215,
            1689773057.3703725,
            1689773057.3715088,
            1689773057.372637,
            1689773057.373783,
            1689773057.3750315,
            1689773057.3761613,
            1689773057.3773012,
            1689773057.3784575,
            1689773057.3795786,
            1689773057.3807101,
            1689773057.381857,
            1689773057.3831182,
            1689773057.3842452,
            1689773057.3853796,
            1689773057.3864925,
            1689773057.3876095,
            1689773057.3887482
      ],
      "end": [
            1689773059.4841318,
            1689773059.4851873,
            1689773059.4856145,
            1689773059.4866471,
            1689773059.487136,
            1689773059.4875796,
            1689773059.4880037,
            1689773059.4887521,
            1689773059.4891355,
            1689773059.4896228,
            1689773059.490862,
            1689773059.4912307,
            1689773059.4917545,
            1689773059.4922938,
            1689773059.492698,
            1689773059.49315,
            1689773059.4936054,
            1689773059.4946363,
            1689773059.4949875,
            1689773059.4953914,
            1689773059.4957647,
            1689773059.4961197,
            1689773059.496456,
            1689773059.4968696,
            1689773059.4989202,
            1689773059.4992921,
            1689773059.499638,
            1689773059.4999893,
            1689773059.5003328,
            1689773059.5006633,
            1689773059.5010245,
            1689773059.5013697,
            1689773059.5017073,
            1689773059.5020428,
            1689773059.5023773,
            1689773059.5027108,
            1689773059.5030434,
            1689773059.5033734,
            1689773059.5037053,
            1689773059.5040622,
            1689773059.5043945,
            1689773059.5047367,
            1689773059.5050888,
            1689773059.5054245,
            1689773059.5061767,
            1689773059.5065172,
            1689773059.5068507,
            1689773059.5071805,
            1689773059.5078585,
            1689773059.5082102
      ]
}