{
      "start": [
            1689772416.6028132,
            1689772416.6055708,
            1689772416.6069686,
            1689772416.6082542,
            1689772416.609545,
            1689772416.6109934,
            1689772416.6122162,
            1689772416.616054,
            1689772416.6172028,
            1689772416.6184087,
            1689772416.619536,
            1689772416.6207309,
            1689772416.6219273,
            1689772416.6230764,
            1689772416.6243439,
            1689772416.625519,
            1689772416.626691,
            1689772416.6278155,
            1689772416.6289406,
            1689772416.6301107,
            1689772416.63126,
            1689772416.632837,
            1689772416.6340797,
            1689772416.635205,
            1689772416.6365755,
            1689772416.6378448,
            1689772416.6390545,
            1689772416.6402204,
            1689772416.6414804,
            1689772416.642757,
            1689772416.6438828,
            1689772416.6450386,
            1689772416.6462176,
            1689772416.647329,
            1689772416.648441,
            1689772416.6497684,
            1689772416.6509104,
            1689772416.6520262,
            1689772416.6533089,
            1689772416.6544757,
            1689772416.6555827,
            1689772416.6566975,
            1689772416.6579852,
            1689772416.659189,
            1689772416.6603625,
            1689772416.6615205,
            1689772416.6626625,
            1689772416.6638124,
            1689772416.6649272,
            1689772416.666382
      ],
      "end": [
            1689772418.7628567,
            1689772418.7633882,
            1689772418.7646701,
            1689772418.7650971,
            1689772418.7656403,
            1689772418.766068,
            1689772418.7666163,
            1689772418.7680333,
            1689772418.7685738,
            1689772418.7689545,
            1689772418.769294,
            1689772418.769703,
            1689772418.7700875,
            1689772418.7704813,
            1689772418.7709506,
            1689772418.7729094,
            1689772418.7733119,
            1689772418.773688,
            1689772418.7740774,
            1689772418.7744875,
            1689772418.7748551,
            1689772418.7753992,
            1689772418.7757664,
            1689772418.7761073,
            1689772418.7764413,
            1689772418.7767751,
            1689772418.777112,
            1689772418.7774796,
            1689772418.7778704,
            1689772418.7782185,
            1689772418.7785776,
            1689772418.7789438,
            1689772418.779286,
            1689772418.7796245,
            1689772418.7812471,
            1689772418.7816,
            1689772418.7820413,
            1689772418.782391,
            1689772418.7827263,
            1689772418.783068,
            1689772418.7834058,
            1689772418.783739,
            1689772418.784071,
            1689772418.7844038,
            1689772418.7847307,
            1689772418.7850635,
            1689772418.7853947,
            1689772418.7857466,
            1689772418.786536,
            1689772418.7868857
      ]
}