{
      "start": [
            1689772495.7093258,
            1689772495.712261,
            1689772495.713681,
            1689772495.7150037,
            1689772495.716412,
            1689772495.7176132,
            1689772495.7188592,
            1689772495.7201295,
            1689772495.7213123,
            1689772495.7225118,
            1689772495.723695,
            1689772495.7250211,
            1689772495.726235,
            1689772495.7273986,
            1689772495.7286232,
            1689772495.729822,
            1689772495.7310386,
            1689772495.7321672,
            1689772495.7335901,
            1689772495.7347786,
            1689772495.7359245,
            1689772495.7370834,
            1689772495.7382722,
            1689772495.7393963,
            1689772495.7405136,
            1689772495.741801,
            1689772495.743001,
            1689772495.7441714,
            1689772495.7453651,
            1689772495.7465355,
            1689772495.7476778,
            1689772495.7488208,
            1689772495.750166,
            1689772495.7514577,
            1689772495.7526052,
            1689772495.7537851,
            1689772495.7549896,
            1689772495.7561395,
            1689772495.7573411,
            1689772495.7586627,
            1689772495.759804,
            1689772495.7609484,
            1689772495.7620893,
            1689772495.7632554,
            1689772495.7644458,
            1689772495.7655911,
            1689772495.766873,
            1689772495.76805,
            1689772495.7692149,
            1689772495.7704556
      ],
      "end": [
            1689772497.8716059,
            1689772497.8732915,
            1689772497.8749282,
            1689772497.8755362,
            1689772497.8760288,
            1689772497.876607,
            1689772497.8771956,
            1689772497.8784058,
            1689772497.879124,
            1689772497.8811433,
            1689772497.8815641,
            1689772497.8819778,
            1689772497.8823707,
            1689772497.882781,
            1689772497.883281,
            1689772497.88366,
            1689772497.8840175,
            1689772497.8844876,
            1689772497.8849266,
            1689772497.8853796,
            1689772497.8859425,
            1689772497.8864052,
            1689772497.8867607,
            1689772497.8872032,
            1689772497.8875875,
            1689772497.8880427,
            1689772497.8884988,
            1689772497.8905773,
            1689772497.8909557,
            1689772497.8913054,
            1689772497.891648,
            1689772497.8919945,
            1689772497.892356,
            1689772497.892716,
            1689772497.8930712,
            1689772497.893486,
            1689772497.8939056,
            1689772497.8943095,
            1689772497.894719,
            1689772497.8951328,
            1689772497.8955617,
            1689772497.895934,
            1689772497.8972273,
            1689772497.8976228,
            1689772497.8979955,
            1689772497.898441,
            1689772497.8989296,
            1689772497.8993454,
            1689772497.8996947,
            1689772497.900112
      ]
}