{
      "start": [
            1689772617.1625376,
            1689772617.1652994,
            1689772617.166784,
            1689772617.1680949,
            1689772617.1693783,
            1689772617.1705513,
            1689772617.171742,
            1689772617.1729515,
            1689772617.17435,
            1689772617.1755393,
            1689772617.176741,
            1689772617.1779413,
            1689772617.1792014,
            1689772617.1805356,
            1689772617.1817179,
            1689772617.1829395,
            1689772617.1843028,
            1689772617.185568,
            1689772617.1867876,
            1689772617.1880052,
            1689772617.1892095,
            1689772617.190383,
            1689772617.191744,
            1689772617.1929057,
            1689772617.1942172,
            1689772617.19543,
            1689772617.1966226,
            1689772617.197861,
            1689772617.1990297,
            1689772617.2001884,
            1689772617.2013566,
            1689772617.20271,
            1689772617.2039447,
            1689772617.2050982,
            1689772617.2063322,
            1689772617.2076707,
            1689772617.2088053,
            1689772617.210021,
            1689772617.211197,
            1689772617.2124593,
            1689772617.2136416,
            1689772617.2147899,
            1689772617.2159872,
            1689772617.2171638,
            1689772617.218336,
            1689772617.219525,
            1689772617.220649,
            1689772617.2220254,
            1689772617.2232544,
            1689772617.2244103
      ],
      "end": [
            1689772619.319457,
            1689772619.3222418,
            1689772619.3224258,
            1689772619.3235712,
            1689772619.32429,
            1689772619.3250418,
            1689772619.3262572,
            1689772619.3267767,
            1689772619.3273091,
            1689772619.3277464,
            1689772619.3291335,
            1689772619.3295856,
            1689772619.3300254,
            1689772619.330391,
            1689772619.3307962,
            1689772619.331263,
            1689772619.3316767,
            1689772619.332055,
            1689772619.3324022,
            1689772619.3327374,
            1689772619.334753,
            1689772619.3351254,
            1689772619.3354723,
            1689772619.3358061,
            1689772619.3361373,
            1689772619.3364723,
            1689772619.3368,
            1689772619.3371258,
            1689772619.3374522,
            1689772619.3377964,
            1689772619.3381286,
            1689772619.3384526,
            1689772619.3387787,
            1689772619.3391235,
            1689772619.3394537,
            1689772619.3397772,
            1689772619.3401022,
            1689772619.3404253,
            1689772619.3407454,
            1689772619.3420093,
            1689772619.3423908,
            1689772619.3427331,
            1689772619.3430858,
            1689772619.3434365,
            1689772619.3437746,
            1689772619.3441057,
            1689772619.344434,
            1689772619.3447638,
            1689772619.3450887,
            1689772619.3454146
      ]
}