dataset,durations,batch_size,download_stream_size,inference_stream_size,total_time,total_std,failed_executions
percentile_90,"[21.404210329055786, 21.733039379119873, 21.362584829330444, 21.348384141921997, 21.215941429138184, 21.308740377426147, 21.50687336921692, 20.96878170967102, 21.95195198059082]",128,001,064,21.422278616163467,0.269723729465995,1
