dataset,durations,batch_size,download_stream_size,inference_stream_size,total_time,total_std,failed_executions
percentile_90,"[4.183409929275513, 4.2819883823394775, 4.4037463665008545, 4.206959247589111, 4.306731462478638, 4.232794284820557, 4.265969753265381, 4.293803453445435, 4.391364574432373, 4.1513049602508545, 4.301896810531616, 4.155428647994995, 4.303652048110962, 4.122730255126953, 4.177669286727905, 4.256935119628906, 4.443055152893066, 4.210144281387329, 4.135311841964722, 4.385350942611694]",032,001,008,4.260512340068817,0.09232434240460656,0
percentile_90,"[16.566304683685303, 16.539134979248047, 16.400694847106934, 16.447290897369385, 16.358598709106445, 16.2063627243042, 16.073747873306274, 16.377525806427002, 16.85487985610962, 16.755228757858276, 16.690839290618896, 16.231398582458496, 16.567478895187378, 16.577361583709717, 16.384324312210083, 16.609617948532104, 16.3895366191864, 16.711719512939453, 16.165239572525024, 16.319427013397217, 17.319022178649902, 16.456130743026733, 16.23393225669861, 16.22540307044983, 16.364129781723022, 16.18954300880432, 16.40995979309082, 16.45764660835266, 16.419633388519287, 16.251960515975952]",128,001,008,16.451802460352578,0.24499741355732316,3
