dataset,durations,batch_size,stream_size,total_time,total_std,failed_executions
percentile_90,"[4.204958438873291, 4.17092227935791, 4.140499114990234, 4.32088828086853, 4.154037714004517, 4.296924114227295, 4.258359909057617, 4.246805906295776, 4.452429294586182, 4.08517050743103, 4.292630434036255, 4.064703941345215, 4.354514122009277, 4.217392683029175, 4.487398147583008]",032,008,4.2498423258463545,0.1181610917409291,0
