dataset,durations,batch_size,download_stream_size,inference_stream_size,total_time,total_std,failed_executions
percentile_90,"[4.423166751861572, 4.36656928062439, 4.360322952270508, 4.318617820739746, 4.355417013168335, 4.170646667480469, 4.327724456787109, 4.173614263534546, 4.3925371170043945, 4.387502431869507, 4.222645998001099, 4.300287961959839, 4.376813173294067, 4.329554796218872, 4.4744791984558105, 4.310155153274536, 4.298382043838501, 4.217447280883789, 4.7123329639434814, 4.401178598403931]",032,001,008,4.345969796180725,0.11499226562230089,0
percentile_90,"[5.536292552947998, 5.530683279037476, 5.480860710144043, 5.569446802139282, 5.521417856216431, 5.644622564315796, 5.515938997268677, 5.701371908187866, 5.5783607959747314]",032,002,008,5.5643328295813665,0.06542076561184727,1
percentile_90,"[5.554602384567261, 5.384347200393677, 5.421850204467773, 5.520696640014648, 5.376319169998169, 5.42375373840332, 5.4553139209747314, 5.463157892227173, 5.39654278755188, 5.3645007610321045, 5.3624653816223145, 5.337808132171631, 5.39748215675354, 5.400362253189087, 5.477384328842163, 5.498931646347046, 5.341781854629517, 5.470565557479858, 5.887233734130859]",032,004,008,5.449215776041934,0.11908435560686818,1
percentile_90,"[4.557047367095947, 4.318054914474487, 4.645968437194824, 4.356688022613525, 4.372556209564209, 4.276282548904419, 4.4901063442230225, 4.423983335494995, 4.368246078491211, 4.35085916519165, 4.209705352783203, 4.388458251953125, 4.331081867218018, 4.369456768035889, 4.290607929229736, 4.429280996322632, 4.252962350845337, 4.418254852294922]",032,008,008,4.380533377329509,0.10325696467778638,1
