{
      "invocation_times": 0.7976369857788086,
      "time_download": 0.06626033782958984,
      "time_inference": 0.335407018661499,
      "predictions": [
            {
                  "prob": 0.696439802646637,
                  "label": "off"
            },
            {
                  "prob": 0.8140199780464172,
                  "label": "off"
            }
      ]
}