{
      "invocation_times": 0.8021042346954346,
      "time_download": 0.05945849418640137,
      "time_inference": 0.3479936122894287,
      "predictions": [
            {
                  "prob": 0.696439802646637,
                  "label": "off"
            },
            {
                  "prob": 0.8140199780464172,
                  "label": "off"
            }
      ]
}