{
      "invocation_times": 0.8200991153717041,
      "time_download": 0.07891345024108887,
      "time_inference": 0.3428354263305664,
      "predictions": [
            {
                  "prob": 0.696439802646637,
                  "label": "off"
            },
            {
                  "prob": 0.8140199780464172,
                  "label": "off"
            }
      ]
}