{
      "invocation_times": 0.8183002471923828,
      "time_download": 0.07005500793457031,
      "time_inference": 0.33343982696533203,
      "predictions": [
            {
                  "prob": 0.696439802646637,
                  "label": "off"
            },
            {
                  "prob": 0.8140199780464172,
                  "label": "off"
            }
      ]
}