{
      "start": [
            1689757626.0753624,
            1689757626.078091,
            1689757626.079429,
            1689757626.0806231,
            1689757626.0817952,
            1689757626.0829911,
            1689757626.0844705,
            1689757626.0856817,
            1689757626.0868413,
            1689757626.088042,
            1689757626.0893767,
            1689757626.090527,
            1689757626.0917037,
            1689757626.0930164,
            1689757626.0941823,
            1689757626.0954573,
            1689757626.0966165,
            1689757626.0977974,
            1689757626.0989363,
            1689757626.1001863,
            1689757626.1014585,
            1689757626.1026196,
            1689757626.1037805,
            1689757626.1049566,
            1689757626.1060789,
            1689757626.1071844,
            1689757626.1083179,
            1689757626.1096,
            1689757626.1108627,
            1689757626.111977,
            1689757626.1131334,
            1689757626.1142495,
            1689757626.1154206,
            1689757626.1165977,
            1689757626.1177483,
            1689757626.1189723,
            1689757626.1200948,
            1689757626.1213472,
            1689757626.1225023,
            1689757626.1236167,
            1689757626.1247516,
            1689757626.125883,
            1689757626.1273005,
            1689757626.1284478,
            1689757626.1296067,
            1689757626.1307302,
            1689757626.1318493,
            1689757626.1330435,
            1689757626.1341867,
            1689757626.1354063
      ],
      "end": [
            1689757631.2340093,
            1689757631.2349548,
            1689757631.2364948,
            1689757631.2371225,
            1689757631.2376547,
            1689757631.238133,
            1689757631.2385337,
            1689757631.2388835,
            1689757631.239294,
            1689757631.2396472,
            1689757631.2409434,
            1689757631.241297,
            1689757631.2416978,
            1689757631.2420542,
            1689757631.24247,
            1689757631.2428436,
            1689757631.2431743,
            1689757631.2435045,
            1689757631.2460222,
            1689757631.2463632,
            1689757631.2466934,
            1689757631.2470183,
            1689757631.247345,
            1689757631.2477386,
            1689757631.2480924,
            1689757631.2484217,
            1689757631.2487466,
            1689757631.249164,
            1689757631.2495024,
            1689757631.2498288,
            1689757631.250155,
            1689757631.2504807,
            1689757631.2508128,
            1689757631.2511451,
            1689757631.2514732,
            1689757631.2518003,
            1689757631.2521453,
            1689757631.2524788,
            1689757631.252807,
            1689757631.253174,
            1689757631.2535033,
            1689757631.253832,
            1689757631.254158,
            1689757631.254486,
            1689757631.25481,
            1689757631.2551327,
            1689757631.2558863,
            1689757631.2562375,
            1689757631.2565644,
            1689757631.257172
      ]
}