{
      "start": [
            1689757631.6004276,
            1689757631.6032622,
            1689757631.604651,
            1689757631.6058795,
            1689757631.6070762,
            1689757631.6083133,
            1689757631.6095,
            1689757631.6106951,
            1689757631.61186,
            1689757631.6132412,
            1689757631.6143844,
            1689757631.6155176,
            1689757631.6167212,
            1689757631.617898,
            1689757631.6190457,
            1689757631.6202514,
            1689757631.6214447,
            1689757631.6227727,
            1689757631.623939,
            1689757631.625107,
            1689757631.6262639,
            1689757631.6274054,
            1689757631.6285539,
            1689757631.6297317,
            1689757631.6311045,
            1689757631.6322815,
            1689757631.6334326,
            1689757631.63457,
            1689757631.6357474,
            1689757631.6369503,
            1689757631.6381118,
            1689757631.6392674,
            1689757631.640543,
            1689757631.6417227,
            1689757631.6428843,
            1689757631.6440358,
            1689757631.6452193,
            1689757631.6463401,
            1689757631.6475077,
            1689757631.6486697,
            1689757631.6500497,
            1689757631.6511672,
            1689757631.6523511,
            1689757631.6535697,
            1689757631.6547198,
            1689757631.6558676,
            1689757631.6570733,
            1689757631.6583633,
            1689757631.6595185,
            1689757631.6606977
      ],
      "end": [
            1689757636.7524586,
            1689757636.7540185,
            1689757636.7550647,
            1689757636.7556224,
            1689757636.7562413,
            1689757636.756787,
            1689757636.7589371,
            1689757636.7594965,
            1689757636.7600534,
            1689757636.7605991,
            1689757636.7623906,
            1689757636.7628307,
            1689757636.7634952,
            1689757636.7638993,
            1689757636.7651544,
            1689757636.7655427,
            1689757636.7659223,
            1689757636.766283,
            1689757636.7666607,
            1689757636.767066,
            1689757636.7674148,
            1689757636.7677596,
            1689757636.7680984,
            1689757636.768427,
            1689757636.7699013,
            1689757636.7702403,
            1689757636.770571,
            1689757636.7708967,
            1689757636.7712448,
            1689757636.7715786,
            1689757636.7719145,
            1689757636.7722716,
            1689757636.772599,
            1689757636.7729826,
            1689757636.7733216,
            1689757636.7736797,
            1689757636.774013,
            1689757636.7754161,
            1689757636.7757816,
            1689757636.7761607,
            1689757636.7765203,
            1689757636.7768993,
            1689757636.7773318,
            1689757636.777719,
            1689757636.778056,
            1689757636.7783816,
            1689757636.7787042,
            1689757636.7790306,
            1689757636.7793612,
            1689757636.7799826
      ]
}