{
      "start": [
            1691066261.9148488,
            1691066261.9026706,
            1691066261.8893497,
            1691066261.9134755,
            1691066261.9157083,
            1691066261.9035604,
            1691066261.9108381,
            1691066261.8962097,
            1691066261.9087365,
            1691066261.9227784
      ],
      "end": [
            1691066267.3283956,
            1691066267.3367915,
            1691066267.3411422,
            1691066267.3417578,
            1691066267.3447902,
            1691066267.3448832,
            1691066267.3468618,
            1691066267.3469617,
            1691066267.3494985,
            1691066267.3517702
      ]
}