{
      "invocation_time": 17.48916244506836,
      "time_download": 0.1104438304901123,
      "time_inference": 0.3507192134857178,
      "predictions": [
            {
                  "prob": 0.5929556488990784,
                  "label": "off"
            }
      ]
}