{
      "invocation_time": 15.73052716255188,
      "time_download": 0.06512331962585449,
      "time_inference": 0.3023681640625,
      "predictions": [
            {
                  "prob": 0.5929556488990784,
                  "label": "off"
            }
      ]
}