{
      "invocation_time": 16.671528100967407,
      "time_download": 0.08245539665222168,
      "time_inference": 0.32331037521362305,
      "predictions": [
            {
                  "prob": 0.5929556488990784,
                  "label": "off"
            }
      ]
}