{
      "invocation_time": 14.931204795837402,
      "time_download": 0.0648953914642334,
      "time_inference": 0.3082699775695801,
      "predictions": [
            {
                  "prob": 0.5929556488990784,
                  "label": "off"
            }
      ]
}