{
      "invocation_time": 15.296550273895264,
      "time_download": 0.10314226150512695,
      "time_inference": 0.33301687240600586,
      "predictions": [
            {
                  "prob": 0.5929556488990784,
                  "label": "off"
            }
      ]
}