{
      "invocation_time": 15.452919960021973,
      "time_download": 0.06707620620727539,
      "time_inference": 0.30498266220092773,
      "predictions": [
            {
                  "prob": 0.5929556488990784,
                  "label": "off"
            }
      ]
}