{
      "invocation_time": 15.45170259475708,
      "time_download": 0.09054160118103027,
      "time_inference": 0.42196130752563477,
      "predictions": [
            {
                  "prob": 0.5929556488990784,
                  "label": "off"
            }
      ]
}