{
      "invocation_time": 15.633955955505371,
      "time_download": 0.09545540809631348,
      "time_inference": 0.3133244514465332,
      "predictions": [
            {
                  "prob": 0.5929556488990784,
                  "label": "off"
            }
      ]
}