{
      "invocation_time": 15.109465599060059,
      "time_download": 0.06326746940612793,
      "time_inference": 0.32190561294555664,
      "predictions": [
            {
                  "prob": 0.5929556488990784,
                  "label": "off"
            }
      ]
}