{
      "start": [
            1690287628.1148732,
            1690287628.1344936,
            1690287628.1218796,
            1690287628.1367745,
            1690287628.101894,
            1690287628.1685908,
            1690287628.155107,
            1690287628.1648297,
            1690287628.1783574,
            1690287628.1678433
      ],
      "end": [
            1690287633.1834376,
            1690287633.187306,
            1690287633.1925647,
            1690287633.1994195,
            1690287633.2058487,
            1690287633.2177799,
            1690287633.2185538,
            1690287633.219227,
            1690287633.223969,
            1690287633.2420125
      ]
}