{
      "start": [
            1690287633.5021827,
            1690287633.4960263,
            1690287633.4971156,
            1690287633.5041938,
            1690287633.4807673,
            1690287633.508416,
            1690287633.5513155,
            1690287633.5095184,
            1690287633.5341282,
            1690287633.5415666
      ],
      "end": [
            1690287638.564519,
            1690287638.5653248,
            1690287638.5750113,
            1690287638.5806692,
            1690287638.5814376,
            1690287638.590105,
            1690287638.5963624,
            1690287638.5995553,
            1690287638.6043558,
            1690287638.605348
      ]
}