{
      "start": [
            1690287639.011936,
            1690287638.9962127,
            1690287638.9972289,
            1690287638.9865246,
            1690287639.0128703,
            1690287639.003189,
            1690287639.0329132,
            1690287639.0431073,
            1690287639.0500255,
            1690287639.0533903
      ],
      "end": [
            1690287644.0627303,
            1690287644.0639293,
            1690287644.0666203,
            1690287644.067413,
            1690287644.0743089,
            1690287644.0814798,
            1690287644.0881236,
            1690287644.0959413,
            1690287644.0997458,
            1690287644.1024592
      ]
}