{
      "start": [
            1690287644.3582294,
            1690287644.367129,
            1690287644.3611972,
            1690287644.387842,
            1690287644.3810768,
            1690287644.3860345,
            1690287644.3602283,
            1690287644.4199839,
            1690287644.3799078,
            1690287644.4117866
      ],
      "end": [
            1690287649.4574409,
            1690287649.458287,
            1690287649.4594169,
            1690287649.468226,
            1690287649.4721913,
            1690287649.4729457,
            1690287649.4737675,
            1690287649.4801922,
            1690287649.4833276,
            1690287649.4846363
      ]
}