{
      "start": [
            1690287649.742651,
            1690287649.762513,
            1690287649.7699792,
            1690287649.7398586,
            1690287649.748501,
            1690287649.741856,
            1690287649.7731488,
            1690287649.7634993,
            1690287649.7722065,
            1690287649.75037
      ],
      "end": [
            1690287654.8271308,
            1690287654.833522,
            1690287654.8448758,
            1690287654.8586848,
            1690287654.8588324,
            1690287654.8594143,
            1690287654.8605957,
            1690287654.8630257,
            1690287654.863655,
            1690287654.8695216
      ]
}