{
      "start": [
            1690287655.1169796,
            1690287655.1288865,
            1690287655.1357946,
            1690287655.1415563,
            1690287655.1404388,
            1690287655.1442354,
            1690287655.1721,
            1690287655.1619668,
            1690287655.1797693,
            1690287655.1853929
      ],
      "end": [
            1690287660.1799316,
            1690287660.2042477,
            1690287660.2102041,
            1690287660.2121694,
            1690287660.2198253,
            1690287660.2266772,
            1690287660.2301679,
            1690287660.2358868,
            1690287660.2360377,
            1690287660.2383454
      ]
}