{
      "start": [
            1690287660.6964936,
            1690287660.6934206,
            1690287660.6848538,
            1690287660.685992,
            1690287660.700185,
            1690287660.690534,
            1690287660.698378,
            1690287660.7340896,
            1690287660.731626,
            1690287660.6694076
      ],
      "end": [
            1690287665.7389998,
            1690287665.7505047,
            1690287665.7516558,
            1690287665.7695577,
            1690287665.7741115,
            1690287665.7772486,
            1690287665.7782693,
            1690287665.7888482,
            1690287665.7896357,
            1690287665.7909076
      ]
}