{
      "start": [
            1690287666.0381677,
            1690287666.0464604,
            1690287666.0534275,
            1690287666.0453641,
            1690287666.0809386,
            1690287666.0625513,
            1690287666.0604923,
            1690287666.0864186,
            1690287666.1043873,
            1690287666.0544488
      ],
      "end": [
            1690287671.133856,
            1690287671.1440446,
            1690287671.144848,
            1690287671.1455114,
            1690287671.147013,
            1690287671.1503234,
            1690287671.1604059,
            1690287671.1655347,
            1690287671.1666174,
            1690287671.1712976
      ]
}