{
      "start": [
            1690287671.4328313,
            1690287671.4399014,
            1690287671.4181013,
            1690287671.4410799,
            1690287671.4504423,
            1690287671.469612,
            1690287671.485325,
            1690287671.486267,
            1690287671.4841883,
            1690287671.4820495
      ],
      "end": [
            1690287676.4827158,
            1690287676.4962325,
            1690287676.5030599,
            1690287676.5128648,
            1690287676.5137174,
            1690287676.516504,
            1690287676.5363462,
            1690287676.5394757,
            1690287676.540292,
            1690287676.5483193
      ]
}