dataset,batch_size,durations,time_download_mean,time_download_std,time_inference_mean,time_inference_std,total_time,total_std
percentile90,1,"[0.25827455520629883, 0.250659704208374, 0.20519208908081055, 0.23516178131103516, 0.20330810546875, 0.21306681632995605]",0.08241013685862224,0.02260036722616001,0.14520037174224854,0.0037603688455191075,0.22761050860087076,0.021730478628570974
percentile90,2,"[0.38720011711120605, 0.3400416374206543, 0.33777475357055664, 0.2848210334777832, 0.28532886505126953, 0.379030704498291]",0.09288183848063152,0.009846128703701015,0.24281768004099527,0.04165731482022895,0.33569951852162677,0.04016401146478081
percentile90,4,"[0.43829965591430664, 0.557875394821167, 0.4270343780517578, 0.4036686420440674, 0.42778515815734863, 0.432389497756958]",0.11488850911458333,0.01907210079051591,0.33295361200968426,0.03226726521352414,0.4478421211242676,0.050371459711740264
percentile90,8,"[0.8230600357055664, 0.8360793590545654, 0.7813205718994141, 0.7159953117370605, 0.7130374908447266, 0.697113037109375]",0.22966579596201578,0.05289951188573772,0.5314351717631022,0.005075271462713254,0.761100967725118,0.05523976668541248
percentile90,16,"[1.4082818031311035, 1.594820499420166, 1.4051539897918701, 1.3931667804718018, 1.3491425514221191, 1.3329341411590576]",0.3874727090199788,0.08553000269650836,1.0264439185460408,0.021615830530154447,1.4139166275660198,0.0856535133725579
percentile90,32,"[3.100762128829956, 3.760774612426758, 2.857253074645996, 3.056303024291992, 2.760073184967041, 3.3662073612213135]",0.853468100229899,0.29869549937489503,2.2967607975006104,0.10669583431533507,3.1502288977305093,0.3338507926370872
percentile90,64,"[6.314462423324585, 7.29779314994812, 6.130741834640503, 6.307871580123901, 6.517620325088501, 6.727500915527344]",1.6029343207677205,0.2918034973194059,4.9463973840077715,0.11017983118561377,6.549331704775493,0.383325028471736
percentile90,128,"[13.314895391464233, 15.467241764068604, 13.755764722824097, 14.140950202941895, 13.830871105194092, 13.332214593887329]",3.523979385693868,0.6866322005834516,10.449676911036173,0.12217635003060329,13.973656296730042,0.7271018425518904
percentile90,256,"[28.12691879272461, 28.441904306411743, 26.566357374191284, 26.066997528076172, 32.89498424530029]",7.537464189529419,2.0532956071335677,20.8819682598114,0.3839841059982163,28.41943244934082,2.4118238076156864
