{
      "start": [
            1689683864.2470329,
            1689683864.3466003,
            1689683864.2491212,
            1689683864.3923893,
            1689683864.2403078,
            1689683864.3472369,
            1689683864.4634755,
            1689683864.2429647,
            1689683864.3621244,
            1689683864.471691,
            1689683864.312208,
            1689683864.2990348,
            1689683864.2921784,
            1689683864.2560134,
            1689683864.2951818,
            1689683864.3572636,
            1689683864.3433027,
            1689683864.3930678,
            1689683864.2730217,
            1689683864.41892,
            1689683864.2420824,
            1689683864.3202431,
            1689683864.434239,
            1689683864.423828,
            1689683864.3324993,
            1689683864.301596,
            1689683864.3407264,
            1689683864.2762384,
            1689683864.2601032,
            1689683864.3844628,
            1689683864.473211,
            1689683864.514327,
            1689683864.5512955,
            1689683864.4998884,
            1689683864.539441,
            1689683864.4612718,
            1689683864.4016442,
            1689683864.4573202,
            1689683864.5451207,
            1689683864.4829829,
            1689683864.494216,
            1689683864.358334,
            1689683864.5009367,
            1689683864.491466,
            1689683864.397321,
            1689683864.4260373,
            1689683864.3943925,
            1689683864.5170586,
            1689683864.5468624,
            1689683864.5187957
      ],
      "end": [
            1689683874.935768,
            1689683874.981984,
            1689683874.982734,
            1689683874.983518,
            1689683874.996684,
            1689683875.0047085,
            1689683875.0061412,
            1689683875.012754,
            1689683875.0483663,
            1689683875.0520468,
            1689683875.0635824,
            1689683875.0690732,
            1689683875.069709,
            1689683875.0723143,
            1689683875.0778878,
            1689683875.1008968,
            1689683875.1110737,
            1689683875.1179807,
            1689683875.121277,
            1689683875.1371493,
            1689683875.1531134,
            1689683875.1532943,
            1689683875.1679523,
            1689683875.1693525,
            1689683875.1700802,
            1689683875.1747625,
            1689683875.1840973,
            1689683875.2026134,
            1689683875.2071152,
            1689683875.2078357,
            1689683875.2116659,
            1689683875.2236874,
            1689683875.2313066,
            1689683875.2449687,
            1689683875.288379,
            1689683875.2902138,
            1689683875.2909222,
            1689683875.2948189,
            1689683875.3021142,
            1689683875.3366916,
            1689683875.347694,
            1689683875.3612883,
            1689683875.3683364,
            1689683875.4207802,
            1689683875.4410057,
            1689683875.5029058,
            1689683875.5157807,
            1689683875.5759687,
            1689683875.6133542,
            1689683875.7660182
      ]
}