{
      "start": [
            1689684311.1660986,
            1689684311.1225893,
            1689684311.162969,
            1689684311.091253,
            1689684311.1508014,
            1689684311.2222426,
            1689684311.1366165,
            1689684311.10728,
            1689684311.4063835,
            1689684311.1858644,
            1689684311.0941596,
            1689684311.2181504,
            1689684311.1038911,
            1689684311.0893857,
            1689684311.1427968,
            1689684311.1756995,
            1689684311.2161353,
            1689684311.305352,
            1689684311.0859795,
            1689684311.1827404,
            1689684311.2914746,
            1689684311.2868285,
            1689684311.3406212,
            1689684311.295787,
            1689684311.2308302,
            1689684311.196718,
            1689684311.3755538,
            1689684311.260575,
            1689684311.2644112,
            1689684311.3862298,
            1689684311.1695678,
            1689684311.3167505,
            1689684311.2789543,
            1689684311.1203249,
            1689684311.2595255,
            1689684311.308768,
            1689684311.4184256,
            1689684311.3773727,
            1689684311.3197205,
            1689684311.3376868,
            1689684311.3833978,
            1689684311.4228818,
            1689684311.093175,
            1689684311.3575745,
            1689684311.3748415,
            1689684311.302416,
            1689684311.3349175,
            1689684311.2497606,
            1689684311.246844,
            1689684311.366837
      ],
      "end": [
            1689684321.8037064,
            1689684321.8721204,
            1689684321.8984034,
            1689684321.9019778,
            1689684321.915944,
            1689684321.9315143,
            1689684321.9322238,
            1689684321.9544573,
            1689684321.9677472,
            1689684321.9790134,
            1689684321.9802783,
            1689684321.9904854,
            1689684321.9944837,
            1689684322.0081067,
            1689684322.0207086,
            1689684322.0294821,
            1689684322.0359704,
            1689684322.0415094,
            1689684322.054415,
            1689684322.0631378,
            1689684322.0710454,
            1689684322.0769434,
            1689684322.0878441,
            1689684322.091785,
            1689684322.1148503,
            1689684322.1291971,
            1689684322.1326127,
            1689684322.140345,
            1689684322.1418812,
            1689684322.1431746,
            1689684322.143307,
            1689684322.143921,
            1689684322.1542244,
            1689684322.1550996,
            1689684322.1623652,
            1689684322.1770823,
            1689684322.1861372,
            1689684322.191703,
            1689684322.2253838,
            1689684322.2371275,
            1689684322.2877147,
            1689684322.3562527,
            1689684322.3911018,
            1689684322.3988419,
            1689684322.3996058,
            1689684322.4205003,
            1689684322.4624825,
            1689684322.5324414,
            1689684322.6494265,
            1689684322.748187
      ]
}