{
      "start": [
            1689684509.8547664,
            1689684509.9042532,
            1689684509.9635565,
            1689684509.8628368,
            1689684509.8806357,
            1689684509.927801,
            1689684509.86162,
            1689684509.897036,
            1689684509.8994317,
            1689684509.9693327,
            1689684510.1413603,
            1689684510.0648713,
            1689684509.9371855,
            1689684509.8580525,
            1689684509.859136,
            1689684509.9455385,
            1689684509.981121,
            1689684509.8711824,
            1689684509.9164402,
            1689684510.0530982,
            1689684510.0627599,
            1689684509.9777377,
            1689684509.9017212,
            1689684509.985756,
            1689684510.0396833,
            1689684510.0821767,
            1689684510.0843968,
            1689684510.032283,
            1689684510.024326,
            1689684510.1109667,
            1689684510.0792086,
            1689684510.0998795,
            1689684510.0408287,
            1689684510.142334,
            1689684510.1613111,
            1689684510.037115,
            1689684509.9973135,
            1689684510.1021662,
            1689684509.92432,
            1689684510.1599622,
            1689684510.157899,
            1689684510.1089418,
            1689684510.0047977,
            1689684510.1225784,
            1689684510.121555,
            1689684509.9496064,
            1689684510.138393,
            1689684510.018892,
            1689684510.054071,
            1689684510.1527128
      ],
      "end": [
            1689684520.485155,
            1689684520.4919636,
            1689684520.504634,
            1689684520.528956,
            1689684520.5714507,
            1689684520.5723305,
            1689684520.591204,
            1689684520.6025932,
            1689684520.6083856,
            1689684520.6156194,
            1689684520.6187437,
            1689684520.6236413,
            1689684520.632921,
            1689684520.6497738,
            1689684520.6506011,
            1689684520.6512117,
            1689684520.6538327,
            1689684520.6913002,
            1689684520.6927304,
            1689684520.7006803,
            1689684520.7095776,
            1689684520.712697,
            1689684520.7134511,
            1689684520.7405593,
            1689684520.760803,
            1689684520.7669907,
            1689684520.7683392,
            1689684520.7864296,
            1689684520.8211083,
            1689684520.8269281,
            1689684520.8354142,
            1689684520.851885,
            1689684520.8563685,
            1689684520.8686295,
            1689684520.8712611,
            1689684520.8777766,
            1689684520.8810582,
            1689684520.891917,
            1689684520.9054606,
            1689684520.9118373,
            1689684520.920049,
            1689684520.929743,
            1689684520.932558,
            1689684520.953942,
            1689684520.954745,
            1689684520.957674,
            1689684520.9850729,
            1689684521.041351,
            1689684521.0825262,
            1689684521.3589005
      ]
}