{
      "start": [
            1689684773.8075094,
            1689684773.826728,
            1689684773.8132412,
            1689684773.819392,
            1689684773.837557,
            1689684773.8366787,
            1689684773.8689158,
            1689684773.8349683,
            1689684773.8433344,
            1689684773.8449192,
            1689684773.8633358,
            1689684773.8648353,
            1689684774.0211327,
            1689684773.857101,
            1689684773.8150895,
            1689684774.1885278,
            1689684773.8479705,
            1689684773.8554354,
            1689684773.8292809,
            1689684773.8525052,
            1689684773.8110244,
            1689684773.8601854,
            1689684773.8780317,
            1689684773.8251889,
            1689684774.1910079,
            1689684773.8641372,
            1689684773.8509626,
            1689684773.8586257,
            1689684773.8712177,
            1689684773.9528692,
            1689684773.8300815,
            1689684773.8284304,
            1689684773.8696427,
            1689684773.8763602,
            1689684773.859472,
            1689684773.8464558,
            1689684774.160215,
            1689684773.8494365,
            1689684773.868144,
            1689684773.8539379,
            1689684773.818401,
            1689684773.82197,
            1689684773.9873257,
            1689684774.0388258,
            1689684773.8202689,
            1689684774.1037405,
            1689684773.964122,
            1689684773.8333185,
            1689684773.8167834,
            1689684773.8744566
      ],
      "end": [
            1689684784.5020242,
            1689684784.5997765,
            1689684784.762689,
            1689684784.7714806,
            1689684784.7767203,
            1689684784.7908108,
            1689684784.8058038,
            1689684784.818153,
            1689684784.825397,
            1689684784.8368914,
            1689684784.8388803,
            1689684784.8396232,
            1689684784.851212,
            1689684784.864692,
            1689684784.8704073,
            1689684784.8735607,
            1689684784.8813207,
            1689684784.8854582,
            1689684784.8882718,
            1689684784.8908498,
            1689684784.8951197,
            1689684784.9032547,
            1689684784.909054,
            1689684784.9104383,
            1689684784.9115171,
            1689684784.9174938,
            1689684784.920869,
            1689684784.9313393,
            1689684784.9441833,
            1689684784.9507806,
            1689684784.960768,
            1689684784.966108,
            1689684784.9763348,
            1689684784.9889076,
            1689684784.9904635,
            1689684785.047159,
            1689684785.0605335,
            1689684785.0771885,
            1689684785.1258411,
            1689684785.1408765,
            1689684785.1439416,
            1689684785.1491199,
            1689684785.150378,
            1689684785.157176,
            1689684785.1697302,
            1689684785.1800482,
            1689684785.2610981,
            1689684785.265475,
            1689684785.296552,
            1689684785.3979394
      ]
}