{
      "start": [
            1689684811.1631417,
            1689684811.1293714,
            1689684811.097361,
            1689684811.4238315,
            1689684811.2093832,
            1689684811.2259762,
            1689684811.0924585,
            1689684811.1262329,
            1689684811.1449523,
            1689684811.0955808,
            1689684811.1663008,
            1689684811.3086116,
            1689684811.2053502,
            1689684811.1498535,
            1689684811.207554,
            1689684811.315543,
            1689684811.186669,
            1689684811.3874314,
            1689684811.1325989,
            1689684811.1640773,
            1689684811.0965536,
            1689684811.2124233,
            1689684811.2351544,
            1689684811.2167404,
            1689684811.4065354,
            1689684811.3336222,
            1689684811.3000884,
            1689684811.36934,
            1689684811.268744,
            1689684811.2631383,
            1689684811.1012354,
            1689684811.2698727,
            1689684811.3653696,
            1689684811.2666976,
            1689684811.2430682,
            1689684811.3680267,
            1689684811.2599797,
            1689684811.3261294,
            1689684811.3439136,
            1689684811.323709,
            1689684811.3633258,
            1689684811.1779866,
            1689684811.418742,
            1689684811.4008036,
            1689684811.2888322,
            1689684811.2718995,
            1689684811.422809,
            1689684811.1223047,
            1689684811.1092455,
            1689684811.3450196
      ],
      "end": [
            1689684821.8535664,
            1689684821.8747973,
            1689684821.8760004,
            1689684821.8873847,
            1689684821.8924546,
            1689684821.8939915,
            1689684821.9177744,
            1689684821.9222958,
            1689684821.9238997,
            1689684821.9353433,
            1689684821.9379218,
            1689684821.9385734,
            1689684821.940419,
            1689684821.9479728,
            1689684821.9481149,
            1689684821.952009,
            1689684821.9526603,
            1689684821.9638953,
            1689684821.9737089,
            1689684821.9811885,
            1689684822.0015898,
            1689684822.013998,
            1689684822.0214305,
            1689684822.0372553,
            1689684822.0626836,
            1689684822.078381,
            1689684822.0956712,
            1689684822.096422,
            1689684822.1033657,
            1689684822.1051419,
            1689684822.1058657,
            1689684822.1122031,
            1689684822.1274161,
            1689684822.1349497,
            1689684822.1381242,
            1689684822.140114,
            1689684822.1474931,
            1689684822.1593163,
            1689684822.1727989,
            1689684822.1849997,
            1689684822.1886442,
            1689684822.193418,
            1689684822.197192,
            1689684822.2158298,
            1689684822.2246823,
            1689684822.2433343,
            1689684822.2445261,
            1689684822.3093598,
            1689684822.7436695,
            1689684822.8018322
      ]
}