{
      "start": [
            1689684885.9840972,
            1689684885.999705,
            1689684886.0891678,
            1689684885.9904845,
            1689684886.0149486,
            1689684886.0420141,
            1689684886.2478323,
            1689684886.0264368,
            1689684885.9860237,
            1689684886.051102,
            1689684886.0711231,
            1689684886.0397222,
            1689684886.1726367,
            1689684886.1496394,
            1689684885.989422,
            1689684886.0448365,
            1689684886.0616713,
            1689684886.0216792,
            1689684886.143864,
            1689684886.2147086,
            1689684886.110971,
            1689684886.1466599,
            1689684886.0932465,
            1689684886.1291833,
            1689684886.1080053,
            1689684886.2063804,
            1689684886.1126704,
            1689684886.2559597,
            1689684886.2026181,
            1689684886.0123434,
            1689684886.1637049,
            1689684886.2017334,
            1689684886.2420754,
            1689684886.2528226,
            1689684886.05435,
            1689684886.294469,
            1689684886.191743,
            1689684886.0729444,
            1689684886.26976,
            1689684886.2919462,
            1689684886.0596905,
            1689684886.2006905,
            1689684886.1996703,
            1689684886.245269,
            1689684886.2811632,
            1689684886.1830413,
            1689684886.1806173,
            1689684886.2887588,
            1689684886.3076785,
            1689684886.31245
      ],
      "end": [
            1689684896.5630639,
            1689684896.6345658,
            1689684896.6415093,
            1689684896.6508405,
            1689684896.6833234,
            1689684896.7193282,
            1689684896.7227826,
            1689684896.727868,
            1689684896.7346838,
            1689684896.7420197,
            1689684896.7570732,
            1689684896.7620978,
            1689684896.7762032,
            1689684896.7769573,
            1689684896.7846231,
            1689684896.8087707,
            1689684896.831986,
            1689684896.8366363,
            1689684896.838923,
            1689684896.8563175,
            1689684896.8696778,
            1689684896.872387,
            1689684896.8738549,
            1689684896.8739798,
            1689684896.8745785,
            1689684896.88784,
            1689684896.9259062,
            1689684896.928233,
            1689684896.9327264,
            1689684896.9401531,
            1689684896.953892,
            1689684896.9856226,
            1689684896.9863846,
            1689684896.999612,
            1689684897.0107884,
            1689684897.0136926,
            1689684897.0329008,
            1689684897.0347412,
            1689684897.03574,
            1689684897.0536726,
            1689684897.065504,
            1689684897.0668159,
            1689684897.0740561,
            1689684897.1176386,
            1689684897.1292639,
            1689684897.1314564,
            1689684897.1322114,
            1689684897.1853426,
            1689684897.2209618,
            1689684897.7220235
      ]
}