{
      "start": [
            1689685184.832104,
            1689685184.7656238,
            1689685184.730717,
            1689685184.7689059,
            1689685184.6941495,
            1689685184.868612,
            1689685184.7230968,
            1689685184.7850196,
            1689685184.7404213,
            1689685184.7894847,
            1689685184.7001078,
            1689685184.7084098,
            1689685184.6898737,
            1689685184.6990843,
            1689685184.77703,
            1689685184.7621696,
            1689685184.6931481,
            1689685184.8661144,
            1689685184.860863,
            1689685184.7384932,
            1689685184.8549147,
            1689685184.8697062,
            1689685184.9501412,
            1689685184.8095975,
            1689685184.6950235,
            1689685184.8650982,
            1689685184.9877038,
            1689685184.950817,
            1689685184.8124669,
            1689685184.7695212,
            1689685184.8931284,
            1689685185.0151086,
            1689685184.9894075,
            1689685184.737129,
            1689685184.9553869,
            1689685184.9001858,
            1689685184.793398,
            1689685184.909205,
            1689685184.9309146,
            1689685184.9823773,
            1689685184.9913414,
            1689685185.012562,
            1689685184.985736,
            1689685184.9399564,
            1689685184.974729,
            1689685184.9637167,
            1689685184.9074051,
            1689685184.8281448,
            1689685184.9269328,
            1689685184.842162
      ],
      "end": [
            1689685195.3660028,
            1689685195.3919733,
            1689685195.4090555,
            1689685195.410837,
            1689685195.421529,
            1689685195.4359713,
            1689685195.4394588,
            1689685195.4577005,
            1689685195.462042,
            1689685195.4627907,
            1689685195.4753387,
            1689685195.492144,
            1689685195.50444,
            1689685195.525462,
            1689685195.5291326,
            1689685195.5389934,
            1689685195.5430622,
            1689685195.5444472,
            1689685195.549883,
            1689685195.5592642,
            1689685195.5910003,
            1689685195.6096869,
            1689685195.6128635,
            1689685195.6225145,
            1689685195.6278338,
            1689685195.631565,
            1689685195.634809,
            1689685195.6399715,
            1689685195.6412108,
            1689685195.6488078,
            1689685195.656424,
            1689685195.657334,
            1689685195.6642838,
            1689685195.6824315,
            1689685195.6887863,
            1689685195.699769,
            1689685195.7005615,
            1689685195.7034597,
            1689685195.7035801,
            1689685195.7057412,
            1689685195.7410007,
            1689685195.7562983,
            1689685195.762725,
            1689685195.7712643,
            1689685195.7880666,
            1689685195.8091445,
            1689685195.8339825,
            1689685195.920189,
            1689685196.121017,
            1689685196.2518516
      ]
}