{
      "start": [
            1689685565.7984703,
            1689685565.9679081,
            1689685565.8527129,
            1689685565.854833,
            1689685565.902671,
            1689685565.802435,
            1689685566.1050787,
            1689685565.8563921,
            1689685565.9148386,
            1689685566.0066931,
            1689685566.0699701,
            1689685565.9114718,
            1689685565.808283,
            1689685565.9137917,
            1689685565.9896975,
            1689685565.9583218,
            1689685565.946451,
            1689685566.0458817,
            1689685565.8359296,
            1689685565.9193268,
            1689685566.0009027,
            1689685565.8250813,
            1689685565.7811987,
            1689685565.867663,
            1689685565.7770936,
            1689685565.9863207,
            1689685565.8797338,
            1689685565.775908,
            1689685565.8948984,
            1689685566.0900066,
            1689685565.846675,
            1689685566.0501928,
            1689685565.772406,
            1689685565.971838,
            1689685566.0841131,
            1689685566.120414,
            1689685565.9646764,
            1689685565.7901702,
            1689685566.1181064,
            1689685565.9737139,
            1689685566.0417922,
            1689685566.0650575,
            1689685566.11889,
            1689685566.0732334,
            1689685566.0744836,
            1689685566.0304604,
            1689685565.9981048,
            1689685566.0210543,
            1689685565.8110588,
            1689685565.7801926
      ],
      "end": [
            1689685576.6784441,
            1689685576.6824186,
            1689685576.6968951,
            1689685576.7077932,
            1689685576.7150793,
            1689685576.7158935,
            1689685576.734972,
            1689685576.7502553,
            1689685576.7533722,
            1689685576.7607737,
            1689685576.7609024,
            1689685576.764396,
            1689685576.7805676,
            1689685576.795157,
            1689685576.7996716,
            1689685576.803305,
            1689685576.814804,
            1689685576.8162022,
            1689685576.8227584,
            1689685576.8258731,
            1689685576.8311055,
            1689685576.8447812,
            1689685576.8586586,
            1689685576.8678982,
            1689685576.8688447,
            1689685576.8695257,
            1689685576.8703368,
            1689685576.8836362,
            1689685576.8843517,
            1689685576.9041116,
            1689685576.9095066,
            1689685576.9158428,
            1689685576.9166338,
            1689685576.9235666,
            1689685576.9328973,
            1689685576.9552538,
            1689685576.9564185,
            1689685577.0022323,
            1689685577.0647514,
            1689685577.0711546,
            1689685577.0897033,
            1689685577.1839108,
            1689685577.3477826,
            1689685577.3590438,
            1689685577.3894067,
            1689685577.462375,
            1689685577.6106675,
            1689685577.7260928,
            1689685577.7862008,
            1689685577.8076181
      ]
}