{
      "start": [
            1689684088.027786,
            1689684087.9573991,
            1689684087.895967,
            1689684087.8991022,
            1689684087.9985983,
            1689684087.967188,
            1689684087.9255564,
            1689684088.0046718,
            1689684087.9050398,
            1689684087.9935093,
            1689684087.996304,
            1689684087.9598067,
            1689684087.9174988,
            1689684088.0538673,
            1689684087.9366677,
            1689684088.157485,
            1689684087.9337404,
            1689684088.1770444,
            1689684087.930135,
            1689684088.0625517,
            1689684087.8999774,
            1689684087.9025576,
            1689684088.2141063,
            1689684088.061015,
            1689684087.9972775,
            1689684088.0593143,
            1689684088.0979176,
            1689684088.0986977,
            1689684088.048334,
            1689684088.211463,
            1689684088.0401046,
            1689684088.03548,
            1689684088.1362033,
            1689684087.9809113,
            1689684088.1335475,
            1689684088.0938504,
            1689684088.1087077,
            1689684088.179591,
            1689684088.0931144,
            1689684088.1959293,
            1689684088.0970862,
            1689684088.1622212,
            1689684088.0209394,
            1689684087.9652991,
            1689684088.166765,
            1689684088.1002007,
            1689684088.0796616,
            1689684088.2301695,
            1689684088.205534,
            1689684088.0994277
      ],
      "end": [
            1689684098.2001905,
            1689684098.4585412,
            1689684098.481586,
            1689684098.5884166,
            1689684098.5974658,
            1689684098.6136906,
            1689684098.6454194,
            1689684098.666688,
            1689684098.667507,
            1689684098.6778264,
            1689684098.6797454,
            1689684098.6830773,
            1689684098.6847124,
            1689684098.6854863,
            1689684098.6876712,
            1689684098.7163374,
            1689684098.721381,
            1689684098.7268066,
            1689684098.7303243,
            1689684098.7414894,
            1689684098.7517846,
            1689684098.755523,
            1689684098.7599654,
            1689684098.7650483,
            1689684098.7830398,
            1689684098.7849422,
            1689684098.7887545,
            1689684098.7953384,
            1689684098.8016818,
            1689684098.816584,
            1689684098.8194833,
            1689684098.8202093,
            1689684098.8215847,
            1689684098.8222902,
            1689684098.8229675,
            1689684098.8254936,
            1689684098.8433442,
            1689684098.8610399,
            1689684098.8699443,
            1689684098.9058778,
            1689684098.9067168,
            1689684098.919193,
            1689684098.931742,
            1689684098.9402342,
            1689684098.9496887,
            1689684098.9582822,
            1689684099.0324047,
            1689684099.0504038,
            1689684099.1746614,
            1689684099.7693098
      ]
}