{
      "start": [
            1689681312.9762325,
            1689681312.968103,
            1689681312.982233,
            1689681312.9752152,
            1689681312.9914048,
            1689681313.0166492,
            1689681313.0275118,
            1689681313.020372,
            1689681313.037769,
            1689681313.0285518,
            1689681313.04975,
            1689681313.0041394,
            1689681313.0565457,
            1689681313.0510142,
            1689681313.073994,
            1689681313.05196,
            1689681313.0921602,
            1689681313.0803277,
            1689681313.0774407,
            1689681313.0958974,
            1689681313.084412,
            1689681313.1188343,
            1689681313.0953567,
            1689681313.132916,
            1689681313.1343558,
            1689681313.1424665,
            1689681313.1491673,
            1689681313.1523318,
            1689681313.1541088,
            1689681313.1642184,
            1689681313.1716468,
            1689681313.1737554,
            1689681313.1808054,
            1689681313.1885042,
            1689681313.1908991,
            1689681313.1904006,
            1689681313.210882,
            1689681313.2321079,
            1689681313.213116,
            1689681313.2085087,
            1689681313.219507,
            1689681313.2300196,
            1689681313.2520862,
            1689681313.2493353,
            1689681313.265932,
            1689681313.2685883,
            1689681313.2528942,
            1689681313.2705128,
            1689681313.2721984,
            1689681313.2800562
      ],
      "end": [
            1689681318.0329664,
            1689681318.0370078,
            1689681318.0376842,
            1689681318.0388148,
            1689681318.0587063,
            1689681318.0773523,
            1689681318.0820425,
            1689681318.0828269,
            1689681318.0840564,
            1689681318.085237,
            1689681318.0913863,
            1689681318.10102,
            1689681318.1012008,
            1689681318.1127079,
            1689681318.1278753,
            1689681318.1326513,
            1689681318.1420393,
            1689681318.14638,
            1689681318.149798,
            1689681318.1512089,
            1689681318.1558597,
            1689681318.1599958,
            1689681318.1619556,
            1689681318.1748111,
            1689681318.176924,
            1689681318.183143,
            1689681318.1907089,
            1689681318.193557,
            1689681318.1974492,
            1689681318.2071807,
            1689681318.2270014,
            1689681318.227816,
            1689681318.2286413,
            1689681318.2369578,
            1689681318.2394235,
            1689681318.2405322,
            1689681318.2502139,
            1689681318.267601,
            1689681318.2694309,
            1689681318.2721949,
            1689681318.276053,
            1689681318.2818646,
            1689681318.2909625,
            1689681318.3020866,
            1689681318.3156195,
            1689681318.3163917,
            1689681318.3183832,
            1689681318.3193429,
            1689681318.3221097,
            1689681318.3306985
      ]
}