{
      "start": [
            1689681318.8495018,
            1689681318.8565137,
            1689681318.850667,
            1689681318.8607266,
            1689681318.836229,
            1689681318.8618157,
            1689681318.892431,
            1689681318.8749726,
            1689681318.9002037,
            1689681318.8828654,
            1689681318.913422,
            1689681318.915692,
            1689681318.916349,
            1689681318.9367583,
            1689681318.9331458,
            1689681318.935751,
            1689681318.9508853,
            1689681318.9295835,
            1689681318.941917,
            1689681318.9410095,
            1689681318.958463,
            1689681318.980212,
            1689681318.9790828,
            1689681318.9750056,
            1689681318.9832585,
            1689681319.000061,
            1689681319.0168777,
            1689681319.0220973,
            1689681319.0121808,
            1689681319.0248947,
            1689681319.0212417,
            1689681319.040604,
            1689681319.0512192,
            1689681319.06329,
            1689681319.074871,
            1689681319.0544198,
            1689681319.0727825,
            1689681319.0767136,
            1689681319.091324,
            1689681319.0986748,
            1689681319.1007452,
            1689681319.1029515,
            1689681319.1172638,
            1689681319.1217482,
            1689681319.1233861,
            1689681319.1409414,
            1689681319.1358047,
            1689681319.143074,
            1689681319.1555154,
            1689681319.152807
      ],
      "end": [
            1689681323.9010885,
            1689681323.9121232,
            1689681323.9217176,
            1689681323.9224076,
            1689681323.9244719,
            1689681323.9289412,
            1689681323.9390416,
            1689681323.939202,
            1689681323.9431198,
            1689681323.951121,
            1689681323.9579625,
            1689681323.963302,
            1689681323.9757335,
            1689681323.9806762,
            1689681324.00202,
            1689681324.0080857,
            1689681324.0136464,
            1689681324.016986,
            1689681324.019933,
            1689681324.0319066,
            1689681324.033136,
            1689681324.0347414,
            1689681324.043169,
            1689681324.045694,
            1689681324.0492532,
            1689681324.0597832,
            1689681324.063918,
            1689681324.0689173,
            1689681324.076033,
            1689681324.0874827,
            1689681324.0967531,
            1689681324.0973928,
            1689681324.0980432,
            1689681324.117401,
            1689681324.1181376,
            1689681324.1209705,
            1689681324.1379726,
            1689681324.138101,
            1689681324.1398826,
            1689681324.1458313,
            1689681324.1567945,
            1689681324.160218,
            1689681324.1679108,
            1689681324.1755223,
            1689681324.1852837,
            1689681324.192501,
            1689681324.193835,
            1689681324.1974034,
            1689681324.2049434,
            1689681324.211006
      ]
}