{
      "start": [
            1689681324.461548,
            1689681324.4685583,
            1689681324.4625952,
            1689681324.4738312,
            1689681324.4704936,
            1689681324.4774797,
            1689681324.475352,
            1689681324.4520197,
            1689681324.5037887,
            1689681324.5344436,
            1689681324.5240014,
            1689681324.5336297,
            1689681324.5118384,
            1689681324.5169947,
            1689681324.554046,
            1689681324.5515802,
            1689681324.538456,
            1689681324.5610712,
            1689681324.576745,
            1689681324.5970414,
            1689681324.5914426,
            1689681324.5937002,
            1689681324.5837774,
            1689681324.5928936,
            1689681324.6155765,
            1689681324.6177776,
            1689681324.63685,
            1689681324.648429,
            1689681324.642577,
            1689681324.6532104,
            1689681324.6684031,
            1689681324.6705744,
            1689681324.6715696,
            1689681324.6842952,
            1689681324.6748505,
            1689681324.6886094,
            1689681324.6891835,
            1689681324.7101872,
            1689681324.7143826,
            1689681324.700385,
            1689681324.7166274,
            1689681324.731622,
            1689681324.73898,
            1689681324.7415864,
            1689681324.756972,
            1689681324.7500303,
            1689681324.7702422,
            1689681324.7772741,
            1689681324.7731094,
            1689681324.7897534
      ],
      "end": [
            1689681329.517968,
            1689681329.5305057,
            1689681329.5382915,
            1689681329.5389464,
            1689681329.5467017,
            1689681329.5532703,
            1689681329.5580308,
            1689681329.5598166,
            1689681329.5652964,
            1689681329.5856931,
            1689681329.5998693,
            1689681329.604043,
            1689681329.6046917,
            1689681329.6052804,
            1689681329.6083548,
            1689681329.6089978,
            1689681329.6157188,
            1689681329.6200635,
            1689681329.6313019,
            1689681329.651125,
            1689681329.658325,
            1689681329.6589622,
            1689681329.6608984,
            1689681329.6642616,
            1689681329.6743288,
            1689681329.6750426,
            1689681329.680605,
            1689681329.6861417,
            1689681329.686824,
            1689681329.6952164,
            1689681329.7105322,
            1689681329.7156699,
            1689681329.7247314,
            1689681329.732265,
            1689681329.7329597,
            1689681329.7365057,
            1689681329.7514157,
            1689681329.7550764,
            1689681329.7647378,
            1689681329.7654128,
            1689681329.7738142,
            1689681329.7843225,
            1689681329.7956762,
            1689681329.7989004,
            1689681329.803177,
            1689681329.8063288,
            1689681329.8181436,
            1689681329.821451,
            1689681329.8274379,
            1689681329.8293796
      ]
}