{
      "start": [
            1689681358.4853,
            1689681358.5010626,
            1689681358.517668,
            1689681358.5192904,
            1689681358.4942255,
            1689681358.5081615,
            1689681358.5206826,
            1689681358.502958,
            1689681358.5364215,
            1689681358.5336196,
            1689681358.5640318,
            1689681358.5546083,
            1689681358.5715485,
            1689681358.5809963,
            1689681358.5742745,
            1689681358.5826535,
            1689681358.6164353,
            1689681358.603739,
            1689681358.608609,
            1689681358.63005,
            1689681358.6225479,
            1689681358.6457984,
            1689681358.6466796,
            1689681358.6502316,
            1689681358.6355045,
            1689681358.6646006,
            1689681358.6790226,
            1689681358.649142,
            1689681358.6921434,
            1689681358.6820672,
            1689681358.7011995,
            1689681358.7053852,
            1689681358.7261212,
            1689681358.725065,
            1689681358.7176948,
            1689681358.7439902,
            1689681358.7371893,
            1689681358.7422538,
            1689681358.740062,
            1689681358.7628093,
            1689681358.7656248,
            1689681358.7794743,
            1689681358.7837477,
            1689681358.777019,
            1689681358.7807412,
            1689681358.803604,
            1689681358.810816,
            1689681358.8099754,
            1689681358.8010964,
            1689681358.804503
      ],
      "end": [
            1689681363.566847,
            1689681363.578519,
            1689681363.5840633,
            1689681363.5847397,
            1689681363.586335,
            1689681363.5880625,
            1689681363.5889332,
            1689681363.5906816,
            1689681363.592862,
            1689681363.6101115,
            1689681363.6211932,
            1689681363.6217945,
            1689681363.6295118,
            1689681363.6419463,
            1689681363.6450684,
            1689681363.6564894,
            1689681363.6620977,
            1689681363.666463,
            1689681363.6670485,
            1689681363.6783922,
            1689681363.6874595,
            1689681363.7003086,
            1689681363.7070994,
            1689681363.711736,
            1689681363.712602,
            1689681363.7137856,
            1689681363.7369962,
            1689681363.7376807,
            1689681363.738933,
            1689681363.7427115,
            1689681363.744887,
            1689681363.7603137,
            1689681363.7704287,
            1689681363.7746458,
            1689681363.7775815,
            1689681363.7812908,
            1689681363.791382,
            1689681363.794108,
            1689681363.8045287,
            1689681363.8098748,
            1689681363.8124268,
            1689681363.8252673,
            1689681363.8281054,
            1689681363.8326228,
            1689681363.8510177,
            1689681363.8548474,
            1689681363.858617,
            1689681363.8600893,
            1689681363.8635678,
            1689681363.8672125
      ]
}