{
      "start": [
            1689681364.1245627,
            1689681364.1255662,
            1689681364.114134,
            1689681364.1037881,
            1689681364.1277516,
            1689681364.1620674,
            1689681364.1152089,
            1689681364.1267414,
            1689681364.1715055,
            1689681364.1500776,
            1689681364.164951,
            1689681364.1807168,
            1689681364.1697822,
            1689681364.2011304,
            1689681364.2101924,
            1689681364.199083,
            1689681364.2094495,
            1689681364.219961,
            1689681364.229082,
            1689681364.2345302,
            1689681364.2554805,
            1689681364.265048,
            1689681364.2529824,
            1689681364.2414186,
            1689681364.2713687,
            1689681364.2909536,
            1689681364.2813523,
            1689681364.2783055,
            1689681364.2936275,
            1689681364.3148205,
            1689681364.2894187,
            1689681364.325425,
            1689681364.318043,
            1689681364.3364174,
            1689681364.3390286,
            1689681364.3385143,
            1689681364.3262768,
            1689681364.3457775,
            1689681364.3571887,
            1689681364.3730621,
            1689681364.3751578,
            1689681364.3796582,
            1689681364.3933306,
            1689681364.3804848,
            1689681364.4045472,
            1689681364.4002893,
            1689681364.4190617,
            1689681364.4170194,
            1689681364.4140728,
            1689681364.437984
      ],
      "end": [
            1689681369.191157,
            1689681369.193714,
            1689681369.194563,
            1689681369.1990945,
            1689681369.2070522,
            1689681369.2182825,
            1689681369.2183952,
            1689681369.218933,
            1689681369.2197113,
            1689681369.221046,
            1689681369.223131,
            1689681369.2378001,
            1689681369.2521787,
            1689681369.262555,
            1689681369.2627292,
            1689681369.2703865,
            1689681369.2713,
            1689681369.2773516,
            1689681369.280616,
            1689681369.2904441,
            1689681369.2943442,
            1689681369.3073487,
            1689681369.3109014,
            1689681369.321533,
            1689681369.3243337,
            1689681369.3349566,
            1689681369.3355641,
            1689681369.3401253,
            1689681369.3428295,
            1689681369.356317,
            1689681369.3575513,
            1689681369.3676324,
            1689681369.378899,
            1689681369.3888435,
            1689681369.396621,
            1689681369.3982391,
            1689681369.401762,
            1689681369.4026117,
            1689681369.4122636,
            1689681369.437333,
            1689681369.4379978,
            1689681369.4396443,
            1689681369.4414356,
            1689681369.4530094,
            1689681369.4594698,
            1689681369.4621205,
            1689681369.4651494,
            1689681369.4697397,
            1689681369.4719124,
            1689681369.4740763
      ]
}