{
      "start": [
            1689681369.715414,
            1689681369.7358134,
            1689681369.7272887,
            1689681369.726197,
            1689681369.750162,
            1689681369.760862,
            1689681369.7631555,
            1689681369.7666557,
            1689681369.78366,
            1689681369.753538,
            1689681369.785014,
            1689681369.8013673,
            1689681369.7971632,
            1689681369.800287,
            1689681369.8041008,
            1689681369.8132007,
            1689681369.815133,
            1689681369.831823,
            1689681369.842038,
            1689681369.8491979,
            1689681369.8572743,
            1689681369.8654249,
            1689681369.8732579,
            1689681369.8933496,
            1689681369.876044,
            1689681369.87139,
            1689681369.8923328,
            1689681369.8969088,
            1689681369.9123547,
            1689681369.910385,
            1689681369.9215589,
            1689681369.9349554,
            1689681369.9367552,
            1689681369.9291477,
            1689681369.9419706,
            1689681369.9332776,
            1689681369.9408588,
            1689681369.9736102,
            1689681369.9691403,
            1689681369.9892657,
            1689681369.99306,
            1689681369.981763,
            1689681369.9985166,
            1689681369.9964204,
            1689681370.0170617,
            1689681370.0044203,
            1689681370.021796,
            1689681370.037938,
            1689681370.0153258,
            1689681370.0360913
      ],
      "end": [
            1689681374.7792346,
            1689681374.7811491,
            1689681374.7835202,
            1689681374.784091,
            1689681374.7965238,
            1689681374.8126054,
            1689681374.8158202,
            1689681374.8236067,
            1689681374.8360436,
            1689681374.8376894,
            1689681374.8419664,
            1689681374.8587737,
            1689681374.864083,
            1689681374.871844,
            1689681374.8726435,
            1689681374.8734906,
            1689681374.878003,
            1689681374.885785,
            1689681374.9026425,
            1689681374.9032936,
            1689681374.908645,
            1689681374.9128482,
            1689681374.917967,
            1689681374.9384418,
            1689681374.942767,
            1689681374.9486651,
            1689681374.9546304,
            1689681374.955211,
            1689681374.9595382,
            1689681374.963983,
            1689681374.9707775,
            1689681374.994705,
            1689681374.9948268,
            1689681374.9960175,
            1689681375.001122,
            1689681375.0022025,
            1689681375.0042617,
            1689681375.0175014,
            1689681375.0191548,
            1689681375.0381331,
            1689681375.0438137,
            1689681375.0567334,
            1689681375.0574882,
            1689681375.0581188,
            1689681375.0648086,
            1689681375.0704713,
            1689681375.0800505,
            1689681375.0812228,
            1689681375.081897,
            1689681375.090297
      ]
}