{
      "start": [
            1689681403.8501794,
            1689681403.8348916,
            1689681403.8542128,
            1689681403.8759353,
            1689681403.8553774,
            1689681403.87512,
            1689681403.8580675,
            1689681403.8975067,
            1689681403.9005177,
            1689681403.8920841,
            1689681403.9124362,
            1689681403.9146376,
            1689681403.9225855,
            1689681403.9218605,
            1689681403.938621,
            1689681403.9373739,
            1689681403.9310124,
            1689681403.9459572,
            1689681403.9612956,
            1689681403.9715302,
            1689681403.978062,
            1689681403.9837835,
            1689681403.9817617,
            1689681404.00099,
            1689681403.9986172,
            1689681404.0118546,
            1689681404.0296764,
            1689681404.0032525,
            1689681404.0368984,
            1689681404.033609,
            1689681404.057776,
            1689681404.0525558,
            1689681404.070199,
            1689681404.073157,
            1689681404.061291,
            1689681404.0940976,
            1689681404.103579,
            1689681404.090028,
            1689681404.0930276,
            1689681404.0958223,
            1689681404.1106567,
            1689681404.1247056,
            1689681404.119475,
            1689681404.1351385,
            1689681404.1386912,
            1689681404.152135,
            1689681404.1699002,
            1689681404.1636894,
            1689681404.1659653,
            1689681404.1717985
      ],
      "end": [
            1689681408.9042585,
            1689681408.9073813,
            1689681408.9104474,
            1689681408.9165134,
            1689681408.928401,
            1689681408.9321682,
            1689681408.932832,
            1689681408.9438012,
            1689681408.9516869,
            1689681408.9639459,
            1689681408.9664233,
            1689681408.967269,
            1689681408.9695976,
            1689681408.992344,
            1689681408.997989,
            1689681408.9986172,
            1689681408.9994514,
            1689681409.0006862,
            1689681409.0106847,
            1689681409.0214157,
            1689681409.0350046,
            1689681409.0388627,
            1689681409.0394907,
            1689681409.0523715,
            1689681409.0583215,
            1689681409.063839,
            1689681409.0806627,
            1689681409.0854573,
            1689681409.0874002,
            1689681409.0893676,
            1689681409.1001995,
            1689681409.1065712,
            1689681409.119899,
            1689681409.1262093,
            1689681409.127643,
            1689681409.1463244,
            1689681409.150077,
            1689681409.1522517,
            1689681409.1573088,
            1689681409.166312,
            1689681409.1737618,
            1689681409.1754513,
            1689681409.1807091,
            1689681409.1828017,
            1689681409.199604,
            1689681409.2109325,
            1689681409.2145061,
            1689681409.215124,
            1689681409.2163107,
            1689681409.224405
      ]
}