{
      "start": [
            1689681447.8669596,
            1689681447.8788679,
            1689681447.8858144,
            1689681447.879883,
            1689681447.889494,
            1689681447.9057155,
            1689681447.9180162,
            1689681447.9213202,
            1689681447.9231682,
            1689681447.9420333,
            1689681447.9471562,
            1689681447.9453826,
            1689681447.9438848,
            1689681447.9325068,
            1689681447.9557514,
            1689681447.9379284,
            1689681447.9837246,
            1689681448.0009763,
            1689681447.978442,
            1689681447.9989414,
            1689681448.0059483,
            1689681448.0140157,
            1689681448.0345442,
            1689681448.0049386,
            1689681448.0158873,
            1689681448.0432549,
            1689681448.033895,
            1689681448.0582573,
            1689681448.0620203,
            1689681448.0659082,
            1689681448.085563,
            1689681448.084804,
            1689681448.0824533,
            1689681448.0901496,
            1689681448.1018243,
            1689681448.1121843,
            1689681448.1108477,
            1689681448.1234052,
            1689681448.1350005,
            1689681448.1366303,
            1689681448.1389048,
            1689681448.152359,
            1689681448.1542873,
            1689681448.1397634,
            1689681448.166249,
            1689681448.183676,
            1689681448.177984,
            1689681448.1737015,
            1689681448.1911445,
            1689681448.1956124
      ],
      "end": [
            1689681452.9340763,
            1689681452.9393559,
            1689681452.9404893,
            1689681452.9441566,
            1689681452.949885,
            1689681452.9549656,
            1689681452.9739175,
            1689681452.985455,
            1689681452.9870572,
            1689681453.0039499,
            1689681453.0057034,
            1689681453.0195808,
            1689681453.0206425,
            1689681453.0221863,
            1689681453.025911,
            1689681453.0298054,
            1689681453.0350838,
            1689681453.0434456,
            1689681453.054817,
            1689681453.0554821,
            1689681453.0560079,
            1689681453.0641022,
            1689681453.078867,
            1689681453.0796058,
            1689681453.0838985,
            1689681453.0981927,
            1689681453.1012402,
            1689681453.1019433,
            1689681453.1025696,
            1689681453.123023,
            1689681453.1331372,
            1689681453.1338391,
            1689681453.1468523,
            1689681453.1489031,
            1689681453.1555185,
            1689681453.1561203,
            1689681453.1670582,
            1689681453.1672075,
            1689681453.18469,
            1689681453.1873345,
            1689681453.1937287,
            1689681453.1989343,
            1689681453.2157965,
            1689681453.2214127,
            1689681453.222804,
            1689681453.2265742,
            1689681453.2344377,
            1689681453.2357602,
            1689681453.2373261,
            1689681453.2419584
      ]
}