{
      "start": [
            1689681453.5228565,
            1689681453.5273955,
            1689681453.5292003,
            1689681453.5083308,
            1689681453.549907,
            1689681453.5301194,
            1689681453.5360947,
            1689681453.5531528,
            1689681453.5649405,
            1689681453.5779936,
            1689681453.5799656,
            1689681453.5986161,
            1689681453.591074,
            1689681453.585921,
            1689681453.6097326,
            1689681453.6116233,
            1689681453.6210945,
            1689681453.6231928,
            1689681453.6258788,
            1689681453.635308,
            1689681453.6240425,
            1689681453.652405,
            1689681453.6722887,
            1689681453.6605072,
            1689681453.6636558,
            1689681453.6857207,
            1689681453.6991997,
            1689681453.6920986,
            1689681453.7027118,
            1689681453.7233455,
            1689681453.7018452,
            1689681453.7342021,
            1689681453.7254848,
            1689681453.7207608,
            1689681453.7531922,
            1689681453.7515254,
            1689681453.742174,
            1689681453.7581818,
            1689681453.762879,
            1689681453.7555175,
            1689681453.7736077,
            1689681453.7926579,
            1689681453.7986057,
            1689681453.814029,
            1689681453.7967818,
            1689681453.811108,
            1689681453.8202286,
            1689681453.8183854,
            1689681453.8329766,
            1689681453.840301
      ],
      "end": [
            1689681458.573841,
            1689681458.5803888,
            1689681458.5871067,
            1689681458.5893567,
            1689681458.599321,
            1689681458.6017356,
            1689681458.6084383,
            1689681458.6137466,
            1689681458.6185336,
            1689681458.6225312,
            1689681458.64053,
            1689681458.643384,
            1689681458.645751,
            1689681458.6483014,
            1689681458.6607206,
            1689681458.6775153,
            1689681458.6810243,
            1689681458.682351,
            1689681458.6845353,
            1689681458.6972136,
            1689681458.7010155,
            1689681458.7032201,
            1689681458.7161334,
            1689681458.7221746,
            1689681458.72947,
            1689681458.74017,
            1689681458.749249,
            1689681458.7509542,
            1689681458.7574155,
            1689681458.7634895,
            1689681458.7659404,
            1689681458.7812448,
            1689681458.782775,
            1689681458.7969706,
            1689681458.8153079,
            1689681458.8193245,
            1689681458.8194344,
            1689681458.819979,
            1689681458.8271968,
            1689681458.8292577,
            1689681458.8387818,
            1689681458.842159,
            1689681458.8557563,
            1689681458.8642588,
            1689681458.8654418,
            1689681458.867174,
            1689681458.8725176,
            1689681458.8830128,
            1689681458.8835943,
            1689681458.884537
      ]
}