{
      "start": [
            1691058637.1106074
      ],
      "end": [
            1691058642.554031
      ]
}