{
      "invocation_time": 16.786357641220093,
      "time_download": 0.0811610221862793,
      "time_inference": 0.5733754634857178,
      "predictions": [
            {
                  "prob": 0.5929555892944336,
                  "label": "off"
            },
            {
                  "prob": 0.5929555892944336,
                  "label": "off"
            }
      ]
}