{
      "invocation_time": 15.564815998077393,
      "time_download": 0.10624241828918457,
      "time_inference": 0.45224499702453613,
      "predictions": [
            {
                  "prob": 0.5929555892944336,
                  "label": "off"
            },
            {
                  "prob": 0.5929555892944336,
                  "label": "off"
            }
      ]
}