{
      "invocation_time": 15.363941192626953,
      "time_download": 0.09885644912719727,
      "time_inference": 0.4423525333404541,
      "predictions": [
            {
                  "prob": 0.5929555892944336,
                  "label": "off"
            },
            {
                  "prob": 0.5929555892944336,
                  "label": "off"
            }
      ]
}