{
      "invocation_time": 0.9603066444396973,
      "time_download": 0.11235785484313965,
      "time_inference": 0.4494903087615967,
      "predictions": [
            {
                  "prob": 0.0010608657030388713,
                  "label": "on"
            },
            {
                  "prob": 0.0010608657030388713,
                  "label": "on"
            }
      ]
}