{
      "invocation_time": 0.996434211730957,
      "time_download": 0.11818432807922363,
      "time_inference": 0.47381091117858887,
      "predictions": [
            {
                  "prob": 0.0010608657030388713,
                  "label": "on"
            },
            {
                  "prob": 0.0010608657030388713,
                  "label": "on"
            }
      ]
}