{
      "invocation_time": 0.9273331165313721,
      "time_download": 0.12303638458251953,
      "time_inference": 0.4064910411834717,
      "predictions": [
            {
                  "prob": 0.0010608657030388713,
                  "label": "on"
            },
            {
                  "prob": 0.0010608657030388713,
                  "label": "on"
            }
      ]
}