{
      "invocation_time": 0.883887529373169,
      "time_download": 0.08081936836242676,
      "time_inference": 0.40436768531799316,
      "predictions": [
            {
                  "prob": 0.0010608657030388713,
                  "label": "on"
            },
            {
                  "prob": 0.0010608657030388713,
                  "label": "on"
            }
      ]
}