{
      "invocation_time": 0.9319038391113281,
      "time_download": 0.10300922393798828,
      "time_inference": 0.42623305320739746,
      "predictions": [
            {
                  "prob": 0.0010608657030388713,
                  "label": "on"
            },
            {
                  "prob": 0.0010608657030388713,
                  "label": "on"
            }
      ]
}