{
      "invocation_time": 0.6794440746307373,
      "time_download": 0.08073782920837402,
      "time_inference": 0.1888594627380371,
      "predictions": [
            {
                  "prob": 0.0010608657030388713,
                  "label": "on"
            }
      ]
}