{
      "invocation_time": 0.6736705303192139,
      "time_download": 0.0986337661743164,
      "time_inference": 0.17185354232788086,
      "predictions": [
            {
                  "prob": 0.0010608657030388713,
                  "label": "on"
            }
      ]
}