{
      "invocation_time": 0.8088891506195068,
      "time_download": 0.07588768005371094,
      "time_inference": 0.3327775001525879,
      "predictions": [
            {
                  "prob": 0.5929555892944336,
                  "label": "off"
            },
            {
                  "prob": 0.5929555892944336,
                  "label": "off"
            }
      ]
}