{
      "invocation_time": 0.8219249248504639,
      "time_download": 0.07610678672790527,
      "time_inference": 0.33512234687805176,
      "predictions": [
            {
                  "prob": 0.5929555892944336,
                  "label": "off"
            },
            {
                  "prob": 0.5929555892944336,
                  "label": "off"
            }
      ]
}