{
      "invocation_time": 0.5904355049133301,
      "time_download": 0.057424306869506836,
      "time_inference": 0.1325359344482422,
      "predictions": [
            {
                  "prob": 0.5929556488990784,
                  "label": "off"
            }
      ]
}