{
      "invocation_time": 0.6236841678619385,
      "time_download": 0.0896148681640625,
      "time_inference": 0.13277816772460938,
      "predictions": [
            {
                  "prob": 0.5929556488990784,
                  "label": "off"
            }
      ]
}