{
      "invocation_time": 0.606154203414917,
      "time_download": 0.07158422470092773,
      "time_inference": 0.13679242134094238,
      "predictions": [
            {
                  "prob": 0.5929556488990784,
                  "label": "off"
            }
      ]
}