{
      "invocation_time": 0.6042871475219727,
      "time_download": 0.0667874813079834,
      "time_inference": 0.1300961971282959,
      "predictions": [
            {
                  "prob": 0.5929556488990784,
                  "label": "off"
            }
      ]
}