{
      "invocation_time": 0.5919234752655029,
      "time_download": 0.05714535713195801,
      "time_inference": 0.13601398468017578,
      "predictions": [
            {
                  "prob": 0.5929556488990784,
                  "label": "off"
            }
      ]
}