{
      "start": [
            1689681290.5214968,
            1689681290.534761,
            1689681290.5116067,
            1689681290.5286717,
            1689681290.5226748,
            1689681290.5357695,
            1689681290.572884,
            1689681290.5526083,
            1689681290.5425029,
            1689681290.5860775,
            1689681290.5684853,
            1689681290.5952456,
            1689681290.5887709,
            1689681290.609526,
            1689681290.6211371,
            1689681290.6137197,
            1689681290.6117554,
            1689681290.6189744,
            1689681290.6368444,
            1689681290.6393914,
            1689681290.6571429,
            1689681290.6501734,
            1689681290.668438,
            1689681290.677454,
            1689681290.6815922,
            1689681290.6806383,
            1689681290.6764,
            1689681290.6900346,
            1689681290.7046175,
            1689681290.6972778,
            1689681290.7106872,
            1689681290.7200186,
            1689681290.7318535,
            1689681290.730451,
            1689681290.7480967,
            1689681290.765435,
            1689681290.7416346,
            1689681290.7464154,
            1689681290.7737079,
            1689681290.7499795,
            1689681290.7441075,
            1689681290.7946022,
            1689681290.7920544,
            1689681290.7816958,
            1689681290.7988772,
            1689681290.8122218,
            1689681290.7997932,
            1689681290.8336914,
            1689681290.8409033,
            1689681290.8164935
      ],
      "end": [
            1689681295.577012,
            1689681295.5830505,
            1689681295.5948248,
            1689681295.5969748,
            1689681295.5982287,
            1689681295.6081648,
            1689681295.6200514,
            1689681295.6225965,
            1689681295.624867,
            1689681295.6282644,
            1689681295.6359756,
            1689681295.6404603,
            1689681295.6433554,
            1689681295.6681197,
            1689681295.6714094,
            1689681295.6741564,
            1689681295.6749656,
            1689681295.6803732,
            1689681295.6855974,
            1689681295.6940918,
            1689681295.6991591,
            1689681295.7049932,
            1689681295.7230544,
            1689681295.7399163,
            1689681295.7436118,
            1689681295.7442617,
            1689681295.7482045,
            1689681295.7674236,
            1689681295.768167,
            1689681295.7687972,
            1689681295.7694495,
            1689681295.7945461,
            1689681295.8038757,
            1689681295.8046064,
            1689681295.8118415,
            1689681295.8119547,
            1689681295.8213935,
            1689681295.8221111,
            1689681295.822672,
            1689681295.8305736,
            1689681295.8325994,
            1689681295.8608084,
            1689681295.8615367,
            1689681295.863399,
            1689681295.8642404,
            1689681295.8660123,
            1689681295.86842,
            1689681295.8768349,
            1689681295.8790638,
            1689681295.8806036
      ]
}