{
      "start": [
            1689681335.7074401,
            1689681335.6888773,
            1689681335.7026196,
            1689681335.7092674,
            1689681335.7015676,
            1689681335.713289,
            1689681335.7305589,
            1689681335.749477,
            1689681335.7385452,
            1689681335.7432625,
            1689681335.7684088,
            1689681335.7533317,
            1689681335.7704027,
            1689681335.779877,
            1689681335.7766328,
            1689681335.7902694,
            1689681335.7994325,
            1689681335.8123229,
            1689681335.8100176,
            1689681335.8028188,
            1689681335.8216124,
            1689681335.8140428,
            1689681335.8196194,
            1689681335.841064,
            1689681335.828528,
            1689681335.8431165,
            1689681335.8634324,
            1689681335.8711545,
            1689681335.8747091,
            1689681335.8771386,
            1689681335.8853416,
            1689681335.8930285,
            1689681335.898167,
            1689681335.915622,
            1689681335.9101877,
            1689681335.9288504,
            1689681335.9303453,
            1689681335.9327536,
            1689681335.9406507,
            1689681335.9501066,
            1689681335.952163,
            1689681335.9530087,
            1689681335.9764266,
            1689681335.9635444,
            1689681335.9773326,
            1689681335.9789765,
            1689681335.9804847,
            1689681336.008486,
            1689681335.9915783,
            1689681336.0108569
      ],
      "end": [
            1689681340.7554467,
            1689681340.7630002,
            1689681340.7772624,
            1689681340.778238,
            1689681340.7796462,
            1689681340.7802804,
            1689681340.7852721,
            1689681340.8028696,
            1689681340.8036826,
            1689681340.8044322,
            1689681340.8126066,
            1689681340.813285,
            1689681340.8235152,
            1689681340.8243015,
            1689681340.825374,
            1689681340.8405309,
            1689681340.85979,
            1689681340.8636773,
            1689681340.8638191,
            1689681340.8755145,
            1689681340.879017,
            1689681340.8791604,
            1689681340.8925107,
            1689681340.8999364,
            1689681340.9022346,
            1689681340.902906,
            1689681340.9035969,
            1689681340.9190986,
            1689681340.919888,
            1689681340.924937,
            1689681340.9345267,
            1689681340.9453964,
            1689681340.952148,
            1689681340.95586,
            1689681340.95867,
            1689681340.9632888,
            1689681340.9679477,
            1689681340.985791,
            1689681340.9932904,
            1689681340.9939158,
            1689681341.0027084,
            1689681341.0181518,
            1689681341.0189245,
            1689681341.021322,
            1689681341.0321214,
            1689681341.0356522,
            1689681341.0403616,
            1689681341.0459676,
            1689681341.0466695,
            1689681341.058062
      ]
}