{
      "start": [
            1689681347.2229965,
            1689681347.2368734,
            1689681347.2378573,
            1689681347.229584,
            1689681347.2159526,
            1689681347.2388961,
            1689681347.2553759,
            1689681347.2736585,
            1689681347.2573,
            1689681347.2792048,
            1689681347.289785,
            1689681347.2944238,
            1689681347.2905667,
            1689681347.3139153,
            1689681347.3013904,
            1689681347.3161244,
            1689681347.3437724,
            1689681347.341033,
            1689681347.331854,
            1689681347.3584468,
            1689681347.3223166,
            1689681347.3510807,
            1689681347.3593369,
            1689681347.3690438,
            1689681347.378208,
            1689681347.382547,
            1689681347.3945308,
            1689681347.398687,
            1689681347.4148562,
            1689681347.4318466,
            1689681347.397737,
            1689681347.4114888,
            1689681347.435219,
            1689681347.4431088,
            1689681347.4526942,
            1689681347.4611382,
            1689681347.4690409,
            1689681347.4510028,
            1689681347.4556112,
            1689681347.4732413,
            1689681347.483674,
            1689681347.4842122,
            1689681347.4827778,
            1689681347.5114965,
            1689681347.514606,
            1689681347.4907105,
            1689681347.534374,
            1689681347.529086,
            1689681347.5467308,
            1689681347.545063
      ],
      "end": [
            1689681352.2940435,
            1689681352.294892,
            1689681352.2978528,
            1689681352.2993827,
            1689681352.3054276,
            1689681352.3140264,
            1689681352.3150616,
            1689681352.3184903,
            1689681352.321484,
            1689681352.325882,
            1689681352.3536096,
            1689681352.3576908,
            1689681352.3583868,
            1689681352.3656888,
            1689681352.3688722,
            1689681352.3718615,
            1689681352.4029617,
            1689681352.4047825,
            1689681352.405449,
            1689681352.411396,
            1689681352.4169953,
            1689681352.4213245,
            1689681352.4214327,
            1689681352.4258194,
            1689681352.4298322,
            1689681352.4384422,
            1689681352.4619596,
            1689681352.4657178,
            1689681352.4728284,
            1689681352.4776669,
            1689681352.4824104,
            1689681352.4825401,
            1689681352.4868598,
            1689681352.5021434,
            1689681352.5029967,
            1689681352.5041535,
            1689681352.528685,
            1689681352.5293775,
            1689681352.529943,
            1689681352.5401218,
            1689681352.5429647,
            1689681352.5448272,
            1689681352.5454388,
            1689681352.5554752,
            1689681352.5613115,
            1689681352.5655468,
            1689681352.5699968,
            1689681352.577628,
            1689681352.581629,
            1689681352.5864794
      ]
}