{
      "start": [
            1689681245.1034596,
            1689681245.112857,
            1689681245.1271784,
            1689681245.1139276,
            1689681245.1282058,
            1689681245.1198394,
            1689681245.1259515,
            1689681245.1479092,
            1689681245.1522882,
            1689681245.165349,
            1689681245.1793647,
            1689681245.1890526,
            1689681245.1679902,
            1689681245.1943834,
            1689681245.2082703,
            1689681245.2173893,
            1689681245.2121067,
            1689681245.2131195,
            1689681245.2206519,
            1689681245.2335591,
            1689681245.25492,
            1689681245.237795,
            1689681245.2618537,
            1689681245.2692924,
            1689681245.2477949,
            1689681245.2824914,
            1689681245.274486,
            1689681245.2577343,
            1689681245.2649865,
            1689681245.2887452,
            1689681245.3124425,
            1689681245.318152,
            1689681245.313112,
            1689681245.338555,
            1689681245.320381,
            1689681245.343699,
            1689681245.3370974,
            1689681245.3550684,
            1689681245.3488626,
            1689681245.3752773,
            1689681245.3622797,
            1689681245.3800635,
            1689681245.4061968,
            1689681245.389577,
            1689681245.3933167,
            1689681245.402872,
            1689681245.4014506,
            1689681245.4212883,
            1689681245.4000392,
            1689681245.4079902
      ],
      "end": [
            1689681250.1724434,
            1689681250.1965318,
            1689681250.1971462,
            1689681250.2002225,
            1689681250.201689,
            1689681250.2023308,
            1689681250.2032535,
            1689681250.2109084,
            1689681250.2180839,
            1689681250.2201545,
            1689681250.2257147,
            1689681250.2304993,
            1689681250.2320855,
            1689681250.2422311,
            1689681250.2629123,
            1689681250.263505,
            1689681250.2666302,
            1689681250.2784617,
            1689681250.2872982,
            1689681250.2910314,
            1689681250.2929056,
            1689681250.3013027,
            1689681250.3214645,
            1689681250.3382359,
            1689681250.3388731,
            1689681250.341302,
            1689681250.351425,
            1689681250.3529615,
            1689681250.3563888,
            1689681250.3596492,
            1689681250.3649561,
            1689681250.3708677,
            1689681250.386227,
            1689681250.393391,
            1689681250.4000192,
            1689681250.4017267,
            1689681250.4026642,
            1689681250.415555,
            1689681250.417662,
            1689681250.4203863,
            1689681250.4247806,
            1689681250.446304,
            1689681250.4471517,
            1689681250.4495208,
            1689681250.4633243,
            1689681250.464469,
            1689681250.4656796,
            1689681250.4677172,
            1689681250.467814,
            1689681250.4743383
      ]
}