{
      "start": [
            1689681415.095922,
            1689681415.1050544,
            1689681415.1072912,
            1689681415.1060898,
            1689681415.0845234,
            1689681415.1407876,
            1689681415.1170068,
            1689681415.1378133,
            1689681415.0948367,
            1689681415.160945,
            1689681415.1755283,
            1689681415.1448328,
            1689681415.1684258,
            1689681415.1576476,
            1689681415.1898248,
            1689681415.1937838,
            1689681415.1960661,
            1689681415.2003546,
            1689681415.213468,
            1689681415.2217505,
            1689681415.237442,
            1689681415.2311265,
            1689681415.236458,
            1689681415.2729251,
            1689681415.2392595,
            1689681415.2705467,
            1689681415.276005,
            1689681415.2424893,
            1689681415.240745,
            1689681415.2593966,
            1689681415.302965,
            1689681415.289938,
            1689681415.3159413,
            1689681415.3215034,
            1689681415.3242617,
            1689681415.3382595,
            1689681415.335541,
            1689681415.3520436,
            1689681415.3610735,
            1689681415.3330421,
            1689681415.3713448,
            1689681415.341225,
            1689681415.3832161,
            1689681415.3744345,
            1689681415.4027016,
            1689681415.4017246,
            1689681415.4185085,
            1689681415.4045906,
            1689681415.4298594,
            1689681415.422073
      ],
      "end": [
            1689681420.1538954,
            1689681420.1689746,
            1689681420.169695,
            1689681420.1770515,
            1689681420.1813784,
            1689681420.189825,
            1689681420.190476,
            1689681420.1924987,
            1689681420.2013838,
            1689681420.2205067,
            1689681420.224452,
            1689681420.2310026,
            1689681420.2323074,
            1689681420.2346032,
            1689681420.246277,
            1689681420.2468243,
            1689681420.2561252,
            1689681420.2567081,
            1689681420.2704175,
            1689681420.2847736,
            1689681420.2906368,
            1689681420.3016036,
            1689681420.3215609,
            1689681420.3238,
            1689681420.3259165,
            1689681420.3296692,
            1689681420.34111,
            1689681420.341762,
            1689681420.342286,
            1689681420.3533578,
            1689681420.3546185,
            1689681420.3580902,
            1689681420.3617148,
            1689681420.3717494,
            1689681420.3965573,
            1689681420.40215,
            1689681420.4044487,
            1689681420.4136844,
            1689681420.4142456,
            1689681420.417978,
            1689681420.4185688,
            1689681420.4191341,
            1689681420.4324882,
            1689681420.4352155,
            1689681420.444402,
            1689681420.4451017,
            1689681420.4641879,
            1689681420.4648964,
            1689681420.4681268,
            1689681420.4743063
      ]
}