{
      "start": [
            1689681436.1882248,
            1689681436.207547,
            1689681436.2028453,
            1689681436.2084258,
            1689681436.2040248,
            1689681436.2140164,
            1689681436.2307072,
            1689681436.2402027,
            1689681436.211655,
            1689681436.2440665,
            1689681436.2656353,
            1689681436.255564,
            1689681436.2614238,
            1689681436.2740252,
            1689681436.2909899,
            1689681436.2786968,
            1689681436.3123574,
            1689681436.2847323,
            1689681436.3035498,
            1689681436.2977443,
            1689681436.3297293,
            1689681436.3313751,
            1689681436.343446,
            1689681436.3486505,
            1689681436.3514783,
            1689681436.3625445,
            1689681436.341791,
            1689681436.3646564,
            1689681436.379149,
            1689681436.3714383,
            1689681436.3808017,
            1689681436.3946729,
            1689681436.3988037,
            1689681436.4007092,
            1689681436.4153214,
            1689681436.3980687,
            1689681436.4304366,
            1689681436.4175363,
            1689681436.4344506,
            1689681436.4554121,
            1689681436.437213,
            1689681436.443326,
            1689681436.4501503,
            1689681436.4617205,
            1689681436.4707975,
            1689681436.480022,
            1689681436.477852,
            1689681436.4898348,
            1689681436.4965796,
            1689681436.5036337
      ],
      "end": [
            1689681441.2565463,
            1689681441.2573607,
            1689681441.2643616,
            1689681441.2707574,
            1689681441.280187,
            1689681441.2846873,
            1689681441.2873132,
            1689681441.2894018,
            1689681441.290946,
            1689681441.2969024,
            1689681441.3080835,
            1689681441.3129854,
            1689681441.3189573,
            1689681441.3322947,
            1689681441.3470507,
            1689681441.3488746,
            1689681441.3589041,
            1689681441.3594866,
            1689681441.3607175,
            1689681441.3630679,
            1689681441.372151,
            1689681441.3776126,
            1689681441.388456,
            1689681441.39787,
            1689681441.3995383,
            1689681441.4001467,
            1689681441.400669,
            1689681441.4197261,
            1689681441.4202902,
            1689681441.4286647,
            1689681441.4288013,
            1689681441.4444585,
            1689681441.4450982,
            1689681441.457292,
            1689681441.4615293,
            1689681441.4616864,
            1689681441.4786038,
            1689681441.486544,
            1689681441.4931278,
            1689681441.5014818,
            1689681441.5040994,
            1689681441.504215,
            1689681441.5057073,
            1689681441.5076501,
            1689681441.525863,
            1689681441.5278845,
            1689681441.5284977,
            1689681441.547136,
            1689681441.5476954,
            1689681441.5516236
      ]
}