{
      "start": [
            1689681476.0669827,
            1689681476.051305,
            1689681476.0594811,
            1689681476.0604548,
            1689681476.090535,
            1689681476.079614,
            1689681476.091792,
            1689681476.1037378,
            1689681476.0735004,
            1689681476.114155,
            1689681476.118375,
            1689681476.1191115,
            1689681476.0967078,
            1689681476.1427894,
            1689681476.1328301,
            1689681476.158382,
            1689681476.1652503,
            1689681476.17871,
            1689681476.162537,
            1689681476.1765497,
            1689681476.2013144,
            1689681476.1812682,
            1689681476.1981032,
            1689681476.204995,
            1689681476.2116928,
            1689681476.2186737,
            1689681476.2202687,
            1689681476.2420275,
            1689681476.2439568,
            1689681476.252272,
            1689681476.2513318,
            1689681476.2740695,
            1689681476.2645283,
            1689681476.278609,
            1689681476.2749598,
            1689681476.277471,
            1689681476.2766368,
            1689681476.2906427,
            1689681476.3116603,
            1689681476.3338776,
            1689681476.3147554,
            1689681476.3353884,
            1689681476.3207898,
            1689681476.3413138,
            1689681476.3233795,
            1689681476.3389914,
            1689681476.3809137,
            1689681476.3604293,
            1689681476.3703864,
            1689681476.373479
      ],
      "end": [
            1689681481.1200666,
            1689681481.1207879,
            1689681481.1340473,
            1689681481.140647,
            1689681481.1455636,
            1689681481.15771,
            1689681481.162626,
            1689681481.1758852,
            1689681481.1760046,
            1689681481.1827052,
            1689681481.1858609,
            1689681481.1972244,
            1689681481.1994586,
            1689681481.2000358,
            1689681481.200703,
            1689681481.2083805,
            1689681481.225937,
            1689681481.2275794,
            1689681481.2417738,
            1689681481.24254,
            1689681481.252983,
            1689681481.2546499,
            1689681481.258876,
            1689681481.260027,
            1689681481.2623963,
            1689681481.2806983,
            1689681481.2844388,
            1689681481.2968626,
            1689681481.2969825,
            1689681481.3076556,
            1689681481.3095384,
            1689681481.3327994,
            1689681481.3334506,
            1689681481.3405716,
            1689681481.3412282,
            1689681481.3475213,
            1689681481.3490908,
            1689681481.3587048,
            1689681481.3810594,
            1689681481.381207,
            1689681481.3844426,
            1689681481.3993888,
            1689681481.403477,
            1689681481.4101562,
            1689681481.4109192,
            1689681481.4134326,
            1689681481.4168682,
            1689681481.4203088,
            1689681481.4214106,
            1689681481.4237988
      ]
}