{
      "invocation_time": 0.9819595813751221,
      "time_download": 0.15244531631469727,
      "time_inference": 0.41437458992004395,
      "predictions": [
            {
                  "prob": 0.9834873080253601,
                  "label": "off"
            },
            {
                  "prob": 0.9883860349655151,
                  "label": "off"
            }
      ]
}