{
      "start": [
            1691066499.7740166,
            1691066499.7829165,
            1691066499.81292,
            1691066499.8335047,
            1691066499.8624125,
            1691066499.7766628,
            1691066499.8044078,
            1691066499.870042,
            1691066499.8005803,
            1691066499.7990127,
            1691066499.7883134,
            1691066499.835858,
            1691066499.8297908,
            1691066499.8407922,
            1691066499.897036,
            1691066499.790485,
            1691066499.853445,
            1691066499.8480484,
            1691066499.7874408,
            1691066499.8110964,
            1691066499.9099267,
            1691066499.856457,
            1691066499.8656213,
            1691066499.8714297,
            1691066499.9131422,
            1691066499.927435,
            1691066499.8877149,
            1691066499.8788626,
            1691066499.7775474,
            1691066499.785154,
            1691066499.9226356,
            1691066499.8071299,
            1691066499.8380888,
            1691066499.9334438,
            1691066499.7843568,
            1691066499.883406,
            1691066499.8263602,
            1691066499.8220294,
            1691066499.890631,
            1691066499.7797358,
            1691066499.8599389,
            1691066499.9310958,
            1691066499.9174006,
            1691066499.85055,
            1691066499.9242716,
            1691066499.8435225,
            1691066499.9060779,
            1691066499.8997786,
            1691066499.817105,
            1691066499.8023813
      ],
      "end": [
            1691066519.351798,
            1691066519.7131903,
            1691066519.7133605,
            1691066519.735327,
            1691066519.7360134,
            1691066519.7424395,
            1691066519.7576966,
            1691066519.7623675,
            1691066519.7922266,
            1691066519.7958891,
            1691066519.8246212,
            1691066519.8648944,
            1691066519.8760226,
            1691066519.889101,
            1691066519.9081922,
            1691066519.9115758,
            1691066519.9255824,
            1691066519.9286883,
            1691066519.9354436,
            1691066519.9458277,
            1691066519.9513738,
            1691066519.9519904,
            1691066519.9550002,
            1691066519.9813988,
            1691066519.987037,
            1691066519.99225,
            1691066519.9955368,
            1691066520.011226,
            1691066520.0189466,
            1691066520.0232234,
            1691066520.0291584,
            1691066520.042844,
            1691066520.0467184,
            1691066520.061005,
            1691066520.0707724,
            1691066520.07641,
            1691066520.0782506,
            1691066520.0826297,
            1691066520.0944743,
            1691066520.095357,
            1691066520.1008523,
            1691066520.1125317,
            1691066520.1578832,
            1691066520.2008886,
            1691066520.2030475,
            1691066520.20419,
            1691066520.2593937,
            1691066520.3021176,
            1691066520.462794,
            1691066520.4859192
      ]
}