{
      "start": [
            1691071486.2364361,
            1691071486.2097301,
            1691071486.208554,
            1691071486.2019618,
            1691071486.1959999,
            1691071486.2963793,
            1691071486.3025901,
            1691071486.3385234,
            1691071486.2930377,
            1691071486.219168,
            1691071486.2891707,
            1691071486.1992593,
            1691071486.411534,
            1691071486.1939435,
            1691071486.3256533,
            1691071486.2380483,
            1691071486.4604096,
            1691071486.413826,
            1691071486.4729667,
            1691071486.469967,
            1691071486.2915783,
            1691071486.3928814,
            1691071486.3345816,
            1691071486.294265,
            1691071486.3202796,
            1691071486.3726916,
            1691071486.2009368,
            1691071486.4815462,
            1691071486.339693,
            1691071486.4668446,
            1691071486.2210364,
            1691071486.4352164,
            1691071486.213055,
            1691071486.457955,
            1691071486.4221773,
            1691071486.227425,
            1691071486.25316,
            1691071486.3107972,
            1691071486.2445061,
            1691071486.4364798,
            1691071486.3895168,
            1691071486.214359,
            1691071486.4535744,
            1691071486.396724,
            1691071486.454799,
            1691071486.2402005,
            1691071486.30671,
            1691071486.3843553,
            1691071486.3372138,
            1691071486.2714806
      ],
      "end": [
            1691071505.7712753,
            1691071506.2801692,
            1691071506.3312693,
            1691071506.335505,
            1691071506.3395326,
            1691071506.3790863,
            1691071506.408047,
            1691071506.4495661,
            1691071506.4592059,
            1691071506.466311,
            1691071506.4751477,
            1691071506.4771073,
            1691071506.4947188,
            1691071506.5043328,
            1691071506.5254576,
            1691071506.5557995,
            1691071506.5646622,
            1691071506.5823915,
            1691071506.584399,
            1691071506.5851474,
            1691071506.5909035,
            1691071506.5986037,
            1691071506.608292,
            1691071506.6260154,
            1691071506.6261644,
            1691071506.6440563,
            1691071506.6561778,
            1691071506.7015142,
            1691071506.7023177,
            1691071506.7034042,
            1691071506.7053196,
            1691071506.7134795,
            1691071506.7192743,
            1691071506.721323,
            1691071506.7302518,
            1691071506.736129,
            1691071506.7443774,
            1691071506.7494476,
            1691071506.7746525,
            1691071506.7899823,
            1691071506.8443918,
            1691071506.8465946,
            1691071506.8499033,
            1691071506.9160438,
            1691071506.927452,
            1691071506.9520497,
            1691071507.010452,
            1691071507.2499092,
            1691071507.373427,
            1691071509.7432182
      ]
}