{
      "start": [
            1691073352.1035738,
            1691073352.1871092,
            1691073352.074477,
            1691073352.2131977,
            1691073352.0948598,
            1691073352.2696347,
            1691073352.1944587,
            1691073352.1621819,
            1691073352.2784455,
            1691073352.129309,
            1691073352.2405844,
            1691073352.0777369,
            1691073352.0865083,
            1691073352.141965,
            1691073352.1631637,
            1691073352.224842,
            1691073352.133865,
            1691073352.0900488,
            1691073352.2010899,
            1691073352.0835514,
            1691073352.1558108,
            1691073352.2438815,
            1691073352.2058911,
            1691073352.1071677,
            1691073352.1769679,
            1691073352.2674372,
            1691073352.0971603,
            1691073352.1782103,
            1691073352.2808306,
            1691073352.261934,
            1691073352.169199,
            1691073352.1219182,
            1691073352.1583042,
            1691073352.191338,
            1691073352.166823,
            1691073352.2654674,
            1691073352.1935198,
            1691073352.2371843,
            1691073352.0788658,
            1691073352.1132977,
            1691073352.106462,
            1691073352.2296307,
            1691073352.1821003,
            1691073352.1392648,
            1691073352.2643218,
            1691073352.2262988,
            1691073352.0821664,
            1691073352.208516,
            1691073352.1364472,
            1691073352.1984043
      ],
      "end": [
            1691073371.9546552,
            1691073372.2390356,
            1691073372.2516243,
            1691073372.269219,
            1691073372.3173244,
            1691073372.3210683,
            1691073372.3225079,
            1691073372.3629746,
            1691073372.3886116,
            1691073372.4038908,
            1691073372.426369,
            1691073372.433478,
            1691073372.4374778,
            1691073372.4420745,
            1691073372.4456344,
            1691073372.4471066,
            1691073372.4724138,
            1691073372.4856987,
            1691073372.4966393,
            1691073372.5172534,
            1691073372.526661,
            1691073372.5275512,
            1691073372.5367148,
            1691073372.540033,
            1691073372.5451021,
            1691073372.548299,
            1691073372.591224,
            1691073372.6267471,
            1691073372.669163,
            1691073372.6753824,
            1691073372.6775582,
            1691073372.725276,
            1691073372.7422333,
            1691073372.7473495,
            1691073372.7726421,
            1691073372.8047369,
            1691073372.8325095,
            1691073372.8476899,
            1691073372.900486,
            1691073373.0003803,
            1691073373.0265098,
            1691073373.0838306,
            1691073373.1314437,
            1691073373.1746593,
            1691073373.1801436,
            1691073373.1811798,
            1691073373.2196908,
            1691073373.258472,
            1691073373.4738216,
            1691073373.7031226
      ]
}