{
      "invocation_times": 0.6931400299072266,
      "time_download": 0.0627596378326416,
      "time_inference": 0.23264694213867188,
      "predictions": [
            {
                  "prob": 0.696439802646637,
                  "label": "off"
            }
      ]
}