{
      "invocation_times": 0.6626698970794678,
      "time_download": 0.048200130462646484,
      "time_inference": 0.21940040588378906,
      "predictions": [
            {
                  "prob": 0.696439802646637,
                  "label": "off"
            }
      ]
}