{
      "invocation_times": 0.6665723323822021,
      "time_download": 0.05128598213195801,
      "time_inference": 0.2205212116241455,
      "predictions": [
            {
                  "prob": 0.696439802646637,
                  "label": "off"
            }
      ]
}