{
      "invocation_time": 0.7443222999572754,
      "time_download": 0.09459757804870605,
      "time_inference": 0.24317717552185059,
      "predictions": [
            {
                  "prob": 0.696439802646637,
                  "label": "off"
            },
            {
                  "prob": 0.8140199780464172,
                  "label": "off"
            }
      ]
}