{
      "start": [
            1690287314.2543447,
            1690287314.2641654,
            1690287314.2553346,
            1690287314.246054,
            1690287314.249626,
            1690287314.2865274,
            1690287314.2727404,
            1690287314.2918725,
            1690287314.2516367,
            1690287314.2754574
      ],
      "end": [
            1690287324.728993,
            1690287324.8470428,
            1690287324.963025,
            1690287325.1819618,
            1690287325.249759,
            1690287325.4809997,
            1690287326.3548737,
            1690287326.7305324,
            1690287327.0142295,
            1690287327.1650498
      ]
}