{
      "start": [
            1690287352.9364316,
            1690287352.8758292,
            1690287352.9124057,
            1690287352.867665,
            1690287352.8658693,
            1690287352.9221675,
            1690287352.8804584,
            1690287352.8629227,
            1690287352.8698702,
            1690287352.9073558
      ],
      "end": [
            1690287363.2897847,
            1690287363.5631998,
            1690287363.5972695,
            1690287363.7029297,
            1690287363.7037861,
            1690287363.751239,
            1690287363.852837,
            1690287363.8640864,
            1690287363.9528093,
            1690287364.3013299
      ]
}