{
      "start": [
            1690287389.8951077,
            1690287389.8929303,
            1690287389.8894928,
            1690287389.8994608,
            1690287389.9015865,
            1690287389.897314,
            1690287389.9670997,
            1690287389.9509404,
            1690287389.9037182,
            1690287389.914737
      ],
      "end": [
            1690287400.3184643,
            1690287400.4497938,
            1690287400.4746077,
            1690287400.7091339,
            1690287400.744533,
            1690287400.8120685,
            1690287400.972532,
            1690287401.1154902,
            1690287401.3450987,
            1690287402.0781627
      ]
}