{
      "start": [
            1690287427.6819077,
            1690287427.7367678,
            1690287427.7246761,
            1690287427.6857953,
            1690287427.7226007,
            1690287427.6909227,
            1690287427.7199485,
            1690287427.6922214,
            1690287427.6869893,
            1690287427.7295973
      ],
      "end": [
            1690287438.2534564,
            1690287438.584915,
            1690287438.6061976,
            1690287438.6644094,
            1690287438.7219388,
            1690287438.8114467,
            1690287439.0795052,
            1690287439.2494466,
            1690287439.5758677,
            1690287439.7820263
      ]
}