{
      "start": [
            1690287465.4471657,
            1690287465.4410973,
            1690287465.4401245,
            1690287465.4952128,
            1690287465.4418943,
            1690287465.4480326,
            1690287465.4931402,
            1690287465.4370437,
            1690287465.4459207,
            1690287465.4612205
      ],
      "end": [
            1690287475.8971975,
            1690287475.9536242,
            1690287476.0407968,
            1690287476.2421467,
            1690287476.2716298,
            1690287476.3268905,
            1690287476.402414,
            1690287476.5542862,
            1690287476.663289,
            1690287477.4568956
      ]
}