{
      "start": [
            1690287503.060519,
            1690287503.0558813,
            1690287503.0510876,
            1690287503.0804458,
            1690287503.0542421,
            1690287503.0772874,
            1690287503.0993505,
            1690287503.0594413,
            1690287503.0898755,
            1690287503.0551167
      ],
      "end": [
            1690287513.4741302,
            1690287513.6798966,
            1690287514.1821163,
            1690287514.1939368,
            1690287514.2273185,
            1690287514.333152,
            1690287514.3504276,
            1690287514.444224,
            1690287516.1505642,
            1690287516.360919
      ]
}