{
      "start": [
            1690287541.9653072,
            1690287541.9749334,
            1690287541.9756742,
            1690287541.9681895,
            1690287541.9671779,
            1690287541.9728808,
            1690287542.0021467,
            1690287541.9850025,
            1690287542.0065844,
            1690287542.0132096
      ],
      "end": [
            1690287552.3803053,
            1690287552.835087,
            1690287552.85291,
            1690287552.8743715,
            1690287552.941807,
            1690287553.0477087,
            1690287553.0799775,
            1690287553.121876,
            1690287553.454182,
            1690287553.6411953
      ]
}