{
      "start": [
            1690287579.2912574,
            1690287579.3275788,
            1690287579.2840786,
            1690287579.3157222,
            1690287579.285881,
            1690287579.300327,
            1690287579.303048,
            1690287579.318211,
            1690287579.3260286,
            1690287579.2891726
      ],
      "end": [
            1690287589.6322355,
            1690287589.911823,
            1690287590.0640247,
            1690287590.098108,
            1690287590.140152,
            1690287590.1495962,
            1690287590.244111,
            1690287590.2685232,
            1690287590.330835,
            1690287590.684543
      ]
}