{
      "start": [
            1690287616.275002,
            1690287616.3117478,
            1690287616.3191195,
            1690287616.27817,
            1690287616.2880337,
            1690287616.299999,
            1690287616.3309505,
            1690287616.3029604,
            1690287616.3267224,
            1690287616.282752
      ],
      "end": [
            1690287626.7919638,
            1690287627.008415,
            1690287627.0945683,
            1690287627.114122,
            1690287627.1186407,
            1690287627.2456074,
            1690287627.3098123,
            1690287627.3742414,
            1690287627.5856304,
            1690287627.8443892
      ]
}