{
      "start": [
            1689681307.378522,
            1689681307.3695514,
            1689681307.3757231,
            1689681307.3573596,
            1689681307.3968155,
            1689681307.3794746,
            1689681307.3936913,
            1689681307.4006984,
            1689681307.4136803,
            1689681307.4168675,
            1689681307.4374287,
            1689681307.435826,
            1689681307.4325426,
            1689681307.4421275,
            1689681307.454202,
            1689681307.4735029,
            1689681307.449908,
            1689681307.4723973,
            1689681307.4583144,
            1689681307.474654,
            1689681307.4991395,
            1689681307.4886234,
            1689681307.5084095,
            1689681307.526602,
            1689681307.51623,
            1689681307.5244186,
            1689681307.5287683,
            1689681307.5493178,
            1689681307.5433428,
            1689681307.5672624,
            1689681307.562037,
            1689681307.5644543,
            1689681307.5599432,
            1689681307.5688925,
            1689681307.594244,
            1689681307.5777774,
            1689681307.598591,
            1689681307.6083894,
            1689681307.611425,
            1689681307.6172805,
            1689681307.6328125,
            1689681307.6194263,
            1689681307.6224978,
            1689681307.6348813,
            1689681307.643337,
            1689681307.652529,
            1689681307.654167,
            1689681307.6812162,
            1689681307.6694233,
            1689681307.6823127
      ],
      "end": [
            1689681312.426684,
            1689681312.4294775,
            1689681312.432798,
            1689681312.44351,
            1689681312.4445949,
            1689681312.4501858,
            1689681312.457989,
            1689681312.4653032,
            1689681312.4658957,
            1689681312.468534,
            1689681312.4819958,
            1689681312.4826088,
            1689681312.492915,
            1689681312.5115576,
            1689681312.522683,
            1689681312.523599,
            1689681312.5305815,
            1689681312.5362062,
            1689681312.537886,
            1689681312.5451329,
            1689681312.5482955,
            1689681312.5665638,
            1689681312.5680895,
            1689681312.5737355,
            1689681312.578387,
            1689681312.5794585,
            1689681312.5850108,
            1689681312.5879717,
            1689681312.5923505,
            1689681312.609326,
            1689681312.6112251,
            1689681312.6240315,
            1689681312.627408,
            1689681312.6288154,
            1689681312.633127,
            1689681312.6351821,
            1689681312.6372576,
            1689681312.6644492,
            1689681312.67384,
            1689681312.6762877,
            1689681312.6832423,
            1689681312.6840758,
            1689681312.690982,
            1689681312.6943927,
            1689681312.7011452,
            1689681312.7026904,
            1689681312.7195096,
            1689681312.7204216,
            1689681312.7242093,
            1689681312.7262228
      ]
}