{
      "start": [
            1689681341.3135636,
            1689681341.3005004,
            1689681341.3228486,
            1689681341.3147202,
            1689681341.3484888,
            1689681341.3237317,
            1689681341.320929,
            1689681341.3574147,
            1689681341.3609993,
            1689681341.3704164,
            1689681341.379479,
            1689681341.3946173,
            1689681341.398107,
            1689681341.3827646,
            1689681341.3889997,
            1689681341.4143345,
            1689681341.4154227,
            1689681341.4010432,
            1689681341.4330819,
            1689681341.4296346,
            1689681341.4377723,
            1689681341.4569628,
            1689681341.4523766,
            1689681341.4589074,
            1689681341.453421,
            1689681341.4829068,
            1689681341.4786336,
            1689681341.483747,
            1689681341.4766407,
            1689681341.4986703,
            1689681341.4845402,
            1689681341.517938,
            1689681341.5093803,
            1689681341.5328767,
            1689681341.530877,
            1689681341.5412514,
            1689681341.5509481,
            1689681341.5369465,
            1689681341.5622993,
            1689681341.5587838,
            1689681341.5704703,
            1689681341.5792885,
            1689681341.5962536,
            1689681341.5925639,
            1689681341.5810776,
            1689681341.5994794,
            1689681341.6196613,
            1689681341.6101236,
            1689681341.6166651,
            1689681341.623859
      ],
      "end": [
            1689681346.3579836,
            1689681346.3782682,
            1689681346.3834562,
            1689681346.3853667,
            1689681346.3882895,
            1689681346.3906512,
            1689681346.3955274,
            1689681346.4103081,
            1689681346.4134738,
            1689681346.4182677,
            1689681346.436029,
            1689681346.4530733,
            1689681346.4551742,
            1689681346.4557643,
            1689681346.4575934,
            1689681346.4643755,
            1689681346.4665034,
            1689681346.4733279,
            1689681346.489805,
            1689681346.4905078,
            1689681346.497088,
            1689681346.5030146,
            1689681346.5104704,
            1689681346.5190957,
            1689681346.5243504,
            1689681346.527032,
            1689681346.5295584,
            1689681346.5428367,
            1689681346.5475535,
            1689681346.5555036,
            1689681346.561004,
            1689681346.5617077,
            1689681346.5635178,
            1689681346.579418,
            1689681346.584182,
            1689681346.5967171,
            1689681346.5968392,
            1689681346.6085765,
            1689681346.6101623,
            1689681346.6107428,
            1689681346.6113188,
            1689681346.627232,
            1689681346.6428201,
            1689681346.6444592,
            1689681346.6534553,
            1689681346.6555412,
            1689681346.669236,
            1689681346.6743348,
            1689681346.6750777,
            1689681346.6798532
      ]
}