{
      "start": [
            1689681380.9701788,
            1689681380.9747922,
            1689681380.973861,
            1689681380.9776144,
            1689681380.9784822,
            1689681380.9550874,
            1689681380.9949691,
            1689681381.0091293,
            1689681381.0162375,
            1689681381.0200143,
            1689681381.031808,
            1689681381.0179048,
            1689681381.0373118,
            1689681381.0383077,
            1689681381.0490804,
            1689681381.0519037,
            1689681381.0798748,
            1689681381.053741,
            1689681381.0638363,
            1689681381.0930605,
            1689681381.0720725,
            1689681381.1021607,
            1689681381.0988774,
            1689681381.0959232,
            1689681381.1071334,
            1689681381.105217,
            1689681381.1221404,
            1689681381.132952,
            1689681381.1501212,
            1689681381.138605,
            1689681381.1610246,
            1689681381.1521437,
            1689681381.1647096,
            1689681381.1835787,
            1689681381.173065,
            1689681381.1923032,
            1689681381.1955538,
            1689681381.2050073,
            1689681381.2014267,
            1689681381.2067962,
            1689681381.223607,
            1689681381.2324526,
            1689681381.219845,
            1689681381.2142348,
            1689681381.249418,
            1689681381.2579923,
            1689681381.2330472,
            1689681381.2642522,
            1689681381.2655177,
            1689681381.27826
      ],
      "end": [
            1689681386.0278475,
            1689681386.028593,
            1689681386.0292523,
            1689681386.0299668,
            1689681386.0319705,
            1689681386.0355294,
            1689681386.0513742,
            1689681386.0616038,
            1689681386.0734665,
            1689681386.0756917,
            1689681386.078677,
            1689681386.0816958,
            1689681386.0968041,
            1689681386.099257,
            1689681386.101974,
            1689681386.1139424,
            1689681386.1242652,
            1689681386.1313703,
            1689681386.1315136,
            1689681386.1376517,
            1689681386.1450295,
            1689681386.150887,
            1689681386.1562388,
            1689681386.1650739,
            1689681386.1720998,
            1689681386.1733024,
            1689681386.1760921,
            1689681386.1806629,
            1689681386.2058463,
            1689681386.211612,
            1689681386.211729,
            1689681386.2123685,
            1689681386.2201273,
            1689681386.226291,
            1689681386.22642,
            1689681386.2417462,
            1689681386.2433796,
            1689681386.2518501,
            1689681386.2620173,
            1689681386.2635076,
            1689681386.2871158,
            1689681386.28826,
            1689681386.2883744,
            1689681386.288454,
            1689681386.2973561,
            1689681386.3053932,
            1689681386.3111742,
            1689681386.3119073,
            1689681386.3173144,
            1689681386.3238504
      ]
}