{
      "start": [
            1689681386.9586153,
            1689681386.9615474,
            1689681386.9735465,
            1689681386.9606645,
            1689681386.9674172,
            1689681386.9874492,
            1689681386.985566,
            1689681387.0185335,
            1689681387.0212958,
            1689681387.0148177,
            1689681387.0334733,
            1689681387.0233855,
            1689681387.0537093,
            1689681387.0653343,
            1689681387.0586958,
            1689681387.0680509,
            1689681387.0819294,
            1689681387.085787,
            1689681387.0910747,
            1689681387.1003618,
            1689681387.1108375,
            1689681387.1034167,
            1689681387.1118748,
            1689681387.1240332,
            1689681387.1373208,
            1689681387.1361947,
            1689681387.1214666,
            1689681387.153856,
            1689681387.1447115,
            1689681387.1573186,
            1689681387.1799097,
            1689681387.1759694,
            1689681387.1721182,
            1689681387.1914032,
            1689681387.1992042,
            1689681387.215932,
            1689681387.2090747,
            1689681387.2172003,
            1689681387.2374215,
            1689681387.2331634,
            1689681387.2206442,
            1689681387.2307298,
            1689681387.256462,
            1689681387.2533028,
            1689681387.258639,
            1689681387.2635121,
            1689681387.299618,
            1689681387.280755,
            1689681387.292025,
            1689681387.289092
      ],
      "end": [
            1689681392.0438259,
            1689681392.0471604,
            1689681392.0532508,
            1689681392.054631,
            1689681392.0574782,
            1689681392.0592072,
            1689681392.0622647,
            1689681392.078086,
            1689681392.0833666,
            1689681392.0846071,
            1689681392.0968425,
            1689681392.105301,
            1689681392.1059523,
            1689681392.1122165,
            1689681392.1145766,
            1689681392.1171355,
            1689681392.118948,
            1689681392.126481,
            1689681392.131073,
            1689681392.141594,
            1689681392.158791,
            1689681392.1594257,
            1689681392.1746545,
            1689681392.1842713,
            1689681392.1910455,
            1689681392.191709,
            1689681392.1951573,
            1689681392.198127,
            1689681392.2036693,
            1689681392.2228487,
            1689681392.2267036,
            1689681392.2273061,
            1689681392.239036,
            1689681392.2408984,
            1689681392.2461274,
            1689681392.2555273,
            1689681392.2592878,
            1689681392.2600172,
            1689681392.279714,
            1689681392.293891,
            1689681392.298375,
            1689681392.2990487,
            1689681392.307172,
            1689681392.3072803,
            1689681392.3175454,
            1689681392.3221664,
            1689681392.3382328,
            1689681392.3390472,
            1689681392.3400505,
            1689681392.3401554
      ]
}