{
      "start": [
            1689681392.604418,
            1689681392.5856707,
            1689681392.598215,
            1689681392.5991714,
            1689681392.608789,
            1689681392.6077452,
            1689681392.6097615,
            1689681392.6207247,
            1689681392.6301782,
            1689681392.6384509,
            1689681392.6509938,
            1689681392.65778,
            1689681392.6626232,
            1689681392.682194,
            1689681392.6745174,
            1689681392.6940699,
            1689681392.7005131,
            1689681392.696082,
            1689681392.7128844,
            1689681392.717498,
            1689681392.7187402,
            1689681392.7205973,
            1689681392.7359498,
            1689681392.7512207,
            1689681392.761582,
            1689681392.76284,
            1689681392.773603,
            1689681392.7725697,
            1689681392.7896695,
            1689681392.7850814,
            1689681392.8090606,
            1689681392.8043208,
            1689681392.7935452,
            1689681392.8116884,
            1689681392.8026319,
            1689681392.833123,
            1689681392.8498976,
            1689681392.8417313,
            1689681392.8532813,
            1689681392.8543787,
            1689681392.875227,
            1689681392.8621774,
            1689681392.8763115,
            1689681392.8795226,
            1689681392.8935487,
            1689681392.9003053,
            1689681392.9120102,
            1689681392.9242954,
            1689681392.9180872,
            1689681392.9149704
      ],
      "end": [
            1689681397.657254,
            1689681397.6640332,
            1689681397.6737738,
            1689681397.6787143,
            1689681397.6836457,
            1689681397.6845365,
            1689681397.6915865,
            1689681397.7003284,
            1689681397.7004554,
            1689681397.7096875,
            1689681397.7103643,
            1689681397.716637,
            1689681397.7319608,
            1689681397.7409,
            1689681397.7431781,
            1689681397.7571006,
            1689681397.7612503,
            1689681397.763285,
            1689681397.7729733,
            1689681397.7767997,
            1689681397.7813568,
            1689681397.786299,
            1689681397.7924664,
            1689681397.7994065,
            1689681397.8070061,
            1689681397.8190186,
            1689681397.8269758,
            1689681397.8332415,
            1689681397.8401318,
            1689681397.857679,
            1689681397.8616285,
            1689681397.8667312,
            1689681397.8719447,
            1689681397.881852,
            1689681397.8921494,
            1689681397.8973923,
            1689681397.9000673,
            1689681397.9023552,
            1689681397.912699,
            1689681397.9166012,
            1689681397.9319777,
            1689681397.9327626,
            1689681397.9335737,
            1689681397.9355674,
            1689681397.9456882,
            1689681397.9639795,
            1689681397.9653082,
            1689681397.9660811,
            1689681397.9666636,
            1689681397.9672294
      ]
}