{
      "start": [
            1689681398.2222915,
            1689681398.2234225,
            1689681398.2301683,
            1689681398.2090828,
            1689681398.2454824,
            1689681398.2434616,
            1689681398.2323058,
            1689681398.277669,
            1689681398.2789195,
            1689681398.2525873,
            1689681398.2890582,
            1689681398.273851,
            1689681398.2759302,
            1689681398.3098536,
            1689681398.3010168,
            1689681398.314822,
            1689681398.3179328,
            1689681398.320658,
            1689681398.3500726,
            1689681398.336039,
            1689681398.3511083,
            1689681398.35437,
            1689681398.3771112,
            1689681398.3659036,
            1689681398.3863366,
            1689681398.3756325,
            1689681398.3927205,
            1689681398.4118588,
            1689681398.4019141,
            1689681398.403692,
            1689681398.412758,
            1689681398.4150817,
            1689681398.4389217,
            1689681398.444011,
            1689681398.4456503,
            1689681398.465479,
            1689681398.431619,
            1689681398.473053,
            1689681398.4559107,
            1689681398.4842384,
            1689681398.4794023,
            1689681398.500997,
            1689681398.5203583,
            1689681398.5176044,
            1689681398.504513,
            1689681398.5034492,
            1689681398.5221286,
            1689681398.5349503,
            1689681398.53588,
            1689681398.5520658
      ],
      "end": [
            1689681403.2706604,
            1689681403.2729328,
            1689681403.2932491,
            1689681403.293939,
            1689681403.2961743,
            1689681403.3007994,
            1689681403.3013575,
            1689681403.3232832,
            1689681403.3380845,
            1689681403.340199,
            1689681403.3481858,
            1689681403.3493624,
            1689681403.3494856,
            1689681403.3584402,
            1689681403.373062,
            1689681403.3800852,
            1689681403.3802037,
            1689681403.3947122,
            1689681403.3966334,
            1689681403.4031298,
            1689681403.4041462,
            1689681403.404953,
            1689681403.4206002,
            1689681403.423554,
            1689681403.433891,
            1689681403.4364316,
            1689681403.4532897,
            1689681403.463475,
            1689681403.4739513,
            1689681403.474688,
            1689681403.4800375,
            1689681403.480697,
            1689681403.5009933,
            1689681403.5056946,
            1689681403.5091467,
            1689681403.5147233,
            1689681403.5209508,
            1689681403.5228086,
            1689681403.5242043,
            1689681403.5315633,
            1689681403.5410855,
            1689681403.552926,
            1689681403.561992,
            1689681403.5628061,
            1689681403.5647588,
            1689681403.566904,
            1689681403.5795205,
            1689681403.584487,
            1689681403.5887725,
            1689681403.592541
      ]
}