{
      "start": [
            1689681409.4748256,
            1689681409.4863126,
            1689681409.4819608,
            1689681409.4874432,
            1689681409.4759107,
            1689681409.463604,
            1689681409.5097468,
            1689681409.493636,
            1689681409.5105574,
            1689681409.5356488,
            1689681409.532212,
            1689681409.524141,
            1689681409.5434546,
            1689681409.5565646,
            1689681409.5553608,
            1689681409.5821552,
            1689681409.5715182,
            1689681409.5596251,
            1689681409.599297,
            1689681409.5928235,
            1689681409.6024642,
            1689681409.6129897,
            1689681409.6299691,
            1689681409.6239867,
            1689681409.6173697,
            1689681409.6365018,
            1689681409.6452365,
            1689681409.6515367,
            1689681409.6705415,
            1689681409.6784353,
            1689681409.6560276,
            1689681409.6633158,
            1689681409.7016664,
            1689681409.6831565,
            1689681409.7043004,
            1689681409.724264,
            1689681409.7083979,
            1689681409.6977036,
            1689681409.733258,
            1689681409.7458112,
            1689681409.737519,
            1689681409.7498536,
            1689681409.7537696,
            1689681409.772642,
            1689681409.7590218,
            1689681409.78294,
            1689681409.780433,
            1689681409.7849803,
            1689681409.7900438,
            1689681409.800982
      ],
      "end": [
            1689681414.539591,
            1689681414.5435636,
            1689681414.5617394,
            1689681414.5624163,
            1689681414.5629833,
            1689681414.565259,
            1689681414.5758126,
            1689681414.5764537,
            1689681414.5834494,
            1689681414.5835712,
            1689681414.6018574,
            1689681414.6020463,
            1689681414.6148129,
            1689681414.6168113,
            1689681414.621043,
            1689681414.636502,
            1689681414.6382747,
            1689681414.6389644,
            1689681414.640684,
            1689681414.6560938,
            1689681414.6608214,
            1689681414.6614587,
            1689681414.6819944,
            1689681414.684222,
            1689681414.684907,
            1689681414.694475,
            1689681414.7140563,
            1689681414.7147725,
            1689681414.723916,
            1689681414.7280588,
            1689681414.7295468,
            1689681414.7310362,
            1689681414.7588503,
            1689681414.7590446,
            1689681414.759794,
            1689681414.764121,
            1689681414.7658155,
            1689681414.7700932,
            1689681414.778664,
            1689681414.7922497,
            1689681414.796103,
            1689681414.8012729,
            1689681414.8045032,
            1689681414.8151622,
            1689681414.8163178,
            1689681414.8260508,
            1689681414.832611,
            1689681414.8366306,
            1689681414.8388298,
            1689681414.8389435
      ]
}