{
      "start": [
            1689681464.7873385,
            1689681464.781232,
            1689681464.7743478,
            1689681464.7952318,
            1689681464.8113794,
            1689681464.816416,
            1689681464.8174903,
            1689681464.8373141,
            1689681464.8311434,
            1689681464.833566,
            1689681464.838184,
            1689681464.865633,
            1689681464.8645377,
            1689681464.8545961,
            1689681464.8569236,
            1689681464.8923914,
            1689681464.8723552,
            1689681464.8961327,
            1689681464.912212,
            1689681464.9188788,
            1689681464.9198818,
            1689681464.9036121,
            1689681464.8935828,
            1689681464.9398668,
            1689681464.9317985,
            1689681464.9509354,
            1689681464.9562929,
            1689681464.965933,
            1689681464.972159,
            1689681464.960088,
            1689681464.983644,
            1689681464.982716,
            1689681464.980695,
            1689681465.013092,
            1689681465.0103555,
            1689681464.9861474,
            1689681465.0256279,
            1689681465.014598,
            1689681465.0417812,
            1689681465.0409234,
            1689681465.043542,
            1689681465.060516,
            1689681465.032334,
            1689681465.0637002,
            1689681465.073015,
            1689681465.080437,
            1689681465.0659378,
            1689681465.0942342,
            1689681465.0920787,
            1689681465.1024044
      ],
      "end": [
            1689681469.8403542,
            1689681469.840888,
            1689681469.8446603,
            1689681469.8515117,
            1689681469.8537443,
            1689681469.8572025,
            1689681469.866252,
            1689681469.8858821,
            1689681469.8883018,
            1689681469.896816,
            1689681469.902509,
            1689681469.9101217,
            1689681469.9126964,
            1689681469.913285,
            1689681469.9223237,
            1689681469.93787,
            1689681469.938571,
            1689681469.958207,
            1689681469.9657073,
            1689681469.968326,
            1689681469.9763315,
            1689681469.9774873,
            1689681469.9807038,
            1689681469.984624,
            1689681469.9884863,
            1689681470.0021474,
            1689681470.0105884,
            1689681470.0172443,
            1689681470.0266085,
            1689681470.0282981,
            1689681470.038232,
            1689681470.0424027,
            1689681470.0448263,
            1689681470.0579689,
            1689681470.058886,
            1689681470.0676293,
            1689681470.068277,
            1689681470.0819645,
            1689681470.0912194,
            1689681470.0976012,
            1689681470.100488,
            1689681470.1150925,
            1689681470.1172626,
            1689681470.1223173,
            1689681470.1359713,
            1689681470.1419168,
            1689681470.1425438,
            1689681470.144522,
            1689681470.1461854,
            1689681470.1475418
      ]
}