{
      "start": [
            1689681516.0315032,
            1689681516.0325732,
            1689681516.0386727,
            1689681516.0189,
            1689681516.0419617,
            1689681516.0378332,
            1689681516.0430396,
            1689681516.0718753,
            1689681516.094204,
            1689681516.084691,
            1689681516.1164608,
            1689681516.104956,
            1689681516.0969622,
            1689681516.1249845,
            1689681516.1072898,
            1689681516.1324623,
            1689681516.1548188,
            1689681516.1347425,
            1689681516.155734,
            1689681516.1185257,
            1689681516.14185,
            1689681516.1716204,
            1689681516.1792734,
            1689681516.194365,
            1689681516.203384,
            1689681516.2063942,
            1689681516.2046015,
            1689681516.196504,
            1689681516.2131133,
            1689681516.2352374,
            1689681516.252146,
            1689681516.2380953,
            1689681516.2194755,
            1689681516.244228,
            1689681516.2609384,
            1689681516.260015,
            1689681516.2840903,
            1689681516.2773578,
            1689681516.279336,
            1689681516.3118088,
            1689681516.2969763,
            1689681516.294962,
            1689681516.3223517,
            1689681516.2852092,
            1689681516.3405333,
            1689681516.3316255,
            1689681516.3433595,
            1689681516.358498,
            1689681516.357666,
            1689681516.3534412
      ],
      "end": [
            1689681521.1029277,
            1689681521.107539,
            1689681521.115823,
            1689681521.1172764,
            1689681521.1241877,
            1689681521.1273606,
            1689681521.1308553,
            1689681521.1323864,
            1689681521.1356447,
            1689681521.13751,
            1689681521.1592267,
            1689681521.164837,
            1689681521.16784,
            1689681521.1737485,
            1689681521.174637,
            1689681521.1934814,
            1689681521.2000515,
            1689681521.2009199,
            1689681521.2095506,
            1689681521.2101884,
            1689681521.2166736,
            1689681521.2266352,
            1689681521.2335515,
            1689681521.235076,
            1689681521.2610614,
            1689681521.2617986,
            1689681521.264622,
            1689681521.267489,
            1689681521.268735,
            1689681521.2845092,
            1689681521.3050678,
            1689681521.3051982,
            1689681521.3057067,
            1689681521.3119411,
            1689681521.3125465,
            1689681521.319924,
            1689681521.3428328,
            1689681521.355205,
            1689681521.3558857,
            1689681521.3642638,
            1689681521.3643887,
            1689681521.3655417,
            1689681521.3752115,
            1689681521.3771327,
            1689681521.3799078,
            1689681521.384871,
            1689681521.39922,
            1689681521.4006963,
            1689681521.4032094,
            1689681521.4038503
      ]
}