{
      "start": [
            1689681256.4768422,
            1689681256.4887998,
            1689681256.4652703,
            1689681256.4857342,
            1689681256.4968715,
            1689681256.4877317,
            1689681256.5102239,
            1689681256.5210617,
            1689681256.5032883,
            1689681256.47777,
            1689681256.5526006,
            1689681256.5332398,
            1689681256.5361302,
            1689681256.555896,
            1689681256.538351,
            1689681256.569257,
            1689681256.5631735,
            1689681256.5737672,
            1689681256.5837235,
            1689681256.5843334,
            1689681256.6158876,
            1689681256.609248,
            1689681256.5973952,
            1689681256.6147525,
            1689681256.628906,
            1689681256.6190183,
            1689681256.6377823,
            1689681256.6398242,
            1689681256.651777,
            1689681256.6598835,
            1689681256.662835,
            1689681256.6698234,
            1689681256.6758308,
            1689681256.679417,
            1689681256.6884844,
            1689681256.6988366,
            1689681256.690638,
            1689681256.700754,
            1689681256.719409,
            1689681256.7235725,
            1689681256.7225318,
            1689681256.7258008,
            1689681256.7433343,
            1689681256.7483308,
            1689681256.7514362,
            1689681256.7624695,
            1689681256.7609587,
            1689681256.7797947,
            1689681256.7833993,
            1689681256.7683415
      ],
      "end": [
            1689681261.5373764,
            1689681261.5442195,
            1689681261.5448391,
            1689681261.5552578,
            1689681261.562476,
            1689681261.5680683,
            1689681261.576843,
            1689681261.5776055,
            1689681261.578087,
            1689681261.5863245,
            1689681261.594907,
            1689681261.5960834,
            1689681261.599805,
            1689681261.6224606,
            1689681261.6249032,
            1689681261.6281555,
            1689681261.6347659,
            1689681261.6412196,
            1689681261.643625,
            1689681261.6451423,
            1689681261.6545668,
            1689681261.6555357,
            1689681261.657096,
            1689681261.6627944,
            1689681261.6703176,
            1689681261.6776972,
            1689681261.6897557,
            1689681261.690706,
            1689681261.6976368,
            1689681261.7052557,
            1689681261.7151682,
            1689681261.7360198,
            1689681261.7393684,
            1689681261.7450645,
            1689681261.7462738,
            1689681261.7469602,
            1689681261.7510514,
            1689681261.7659636,
            1689681261.7712722,
            1689681261.7765849,
            1689681261.7832704,
            1689681261.7853065,
            1689681261.7964735,
            1689681261.7972245,
            1689681261.8037193,
            1689681261.8148148,
            1689681261.8188727,
            1689681261.822507,
            1689681261.8276277,
            1689681261.8314273
      ]
}