{
      "start": [
            1689681279.0929945,
            1689681279.0807474,
            1689681279.1002057,
            1689681279.101278,
            1689681279.1021192,
            1689681279.113037,
            1689681279.1142507,
            1689681279.1372764,
            1689681279.111954,
            1689681279.1489754,
            1689681279.1512275,
            1689681279.1406395,
            1689681279.1593716,
            1689681279.1733823,
            1689681279.177907,
            1689681279.1768355,
            1689681279.1886349,
            1689681279.2019982,
            1689681279.2144969,
            1689681279.1998994,
            1689681279.2173193,
            1689681279.2301836,
            1689681279.2326224,
            1689681279.2233636,
            1689681279.2558033,
            1689681279.2696173,
            1689681279.260391,
            1689681279.2497196,
            1689681279.259376,
            1689681279.2918036,
            1689681279.2726386,
            1689681279.2634075,
            1689681279.295188,
            1689681279.299746,
            1689681279.3029914,
            1689681279.310411,
            1689681279.3291476,
            1689681279.3321567,
            1689681279.3348446,
            1689681279.3418663,
            1689681279.335975,
            1689681279.3598144,
            1689681279.3769426,
            1689681279.378861,
            1689681279.369107,
            1689681279.393891,
            1689681279.3965328,
            1689681279.4018295,
            1689681279.403404,
            1689681279.3987114
      ],
      "end": [
            1689681284.1409125,
            1689681284.1415942,
            1689681284.1576774,
            1689681284.160372,
            1689681284.166553,
            1689681284.170014,
            1689681284.1878538,
            1689681284.1941874,
            1689681284.1960015,
            1689681284.204563,
            1689681284.208503,
            1689681284.215876,
            1689681284.22266,
            1689681284.234872,
            1689681284.2373266,
            1689681284.2379062,
            1689681284.2412834,
            1689681284.256581,
            1689681284.2572474,
            1689681284.2585492,
            1689681284.2685041,
            1689681284.2794092,
            1689681284.2832115,
            1689681284.285253,
            1689681284.3033178,
            1689681284.3163078,
            1689681284.316968,
            1689681284.3202584,
            1689681284.3242943,
            1689681284.342178,
            1689681284.3428974,
            1689681284.356484,
            1689681284.361139,
            1689681284.3669314,
            1689681284.3746638,
            1689681284.3793516,
            1689681284.3912706,
            1689681284.3918822,
            1689681284.3939657,
            1689681284.394625,
            1689681284.4050584,
            1689681284.419948,
            1689681284.421898,
            1689681284.4245892,
            1689681284.4269066,
            1689681284.4436197,
            1689681284.45316,
            1689681284.4570327,
            1689681284.4579694,
            1689681284.4609413
      ]
}