{
      "invocation_times": {
            "start": [
                  1691065379.8674889
            ],
            "end": [
                  1691065380.5257652
            ]
      },
      "invocation_time": 0.6582763195037842,
      "time_model_init": 0.33858394622802734,
      "time_download": 0.05982327461242676,
      "time_inference": 0.20493030548095703,
      "predictions": [
            {
                  "prob": 0.6756355166435242,
                  "label": "off"
            }
      ]
}