{
      "invocation_times": {
            "start": [
                  1691065386.4940953
            ],
            "end": [
                  1691065387.161893
            ]
      },
      "invocation_time": 0.6677975654602051,
      "time_model_init": 0.3396732807159424,
      "time_download": 0.06160593032836914,
      "time_inference": 0.21067428588867188,
      "predictions": [
            {
                  "prob": 0.6756355166435242,
                  "label": "off"
            }
      ]
}