{
      "invocation_times": {
            "start": [
                  1691065395.199368
            ],
            "end": [
                  1691065395.8594928
            ]
      },
      "invocation_time": 0.6601247787475586,
      "time_model_init": 0.3393850326538086,
      "time_download": 0.05920815467834473,
      "time_inference": 0.20915555953979492,
      "predictions": [
            {
                  "prob": 0.6756355166435242,
                  "label": "off"
            }
      ]
}