{
      "invocation_times": {
            "start": [
                  1691065402.469616
            ],
            "end": [
                  1691065403.120523
            ]
      },
      "invocation_time": 0.650907039642334,
      "time_model_init": 0.3400728702545166,
      "time_download": 0.050467729568481445,
      "time_inference": 0.20503759384155273,
      "predictions": [
            {
                  "prob": 0.6756355166435242,
                  "label": "off"
            }
      ]
}