{
      "invocation_times": {
            "start": [
                  1691065367.248811
            ],
            "end": [
                  1691065367.9131687
            ]
      },
      "invocation_time": 0.6643576622009277,
      "time_model_init": 0.33820509910583496,
      "time_download": 0.0616762638092041,
      "time_inference": 0.20718884468078613,
      "predictions": [
            {
                  "prob": 0.6756355166435242,
                  "label": "off"
            }
      ]
}