{
      "invocation_times": {
            "start": [
                  1691065411.4781764
            ],
            "end": [
                  1691065412.1360772
            ]
      },
      "invocation_time": 0.6579008102416992,
      "time_model_init": 0.33896613121032715,
      "time_download": 0.053566932678222656,
      "time_inference": 0.20443201065063477,
      "predictions": [
            {
                  "prob": 0.6756355166435242,
                  "label": "off"
            }
      ]
}