{
      "invocation_times": {
            "start": [
                  1691065417.9651196
            ],
            "end": [
                  1691065418.659495
            ]
      },
      "invocation_time": 0.6943755149841309,
      "time_model_init": 0.34151697158813477,
      "time_download": 0.08437061309814453,
      "time_inference": 0.21220183372497559,
      "predictions": [
            {
                  "prob": 0.6756355166435242,
                  "label": "off"
            }
      ]
}