{
      "invocation_times": {
            "start": [
                  1691065368.216723
            ],
            "end": [
                  1691065368.8692758
            ]
      },
      "invocation_time": 0.6525528430938721,
      "time_model_init": 0.3390676975250244,
      "time_download": 0.052809715270996094,
      "time_inference": 0.20186591148376465,
      "predictions": [
            {
                  "prob": 0.6756355166435242,
                  "label": "off"
            }
      ]
}