{
      "invocation_times": {
            "start": [
                  1691065369.1835957
            ],
            "end": [
                  1691065369.8451467
            ]
      },
      "invocation_time": 0.6615509986877441,
      "time_model_init": 0.3416461944580078,
      "time_download": 0.06465888023376465,
      "time_inference": 0.20054030418395996,
      "predictions": [
            {
                  "prob": 0.6756355166435242,
                  "label": "off"
            }
      ]
}