{
      "invocation_times": {
            "start": [
                  1691065372.3616583
            ],
            "end": [
                  1691065373.0378382
            ]
      },
      "invocation_time": 0.6761798858642578,
      "time_model_init": 0.3434734344482422,
      "time_download": 0.0637667179107666,
      "time_inference": 0.2085254192352295,
      "predictions": [
            {
                  "prob": 0.6756355166435242,
                  "label": "off"
            }
      ]
}